-4.144633862207123265e-01,-8.227406060468942517e-01,-3.023319862490634335e-01,1.361707799344437086e-01
5.393313904679054582e-01,-4.368453709740973134e-01,-3.520577892044077783e-01,-6.867131071042025248e-01
3.987008335260826958e-02,-4.574753804480052866e-01,3.101710054331577870e-01,-9.121415742521264969e-01
-7.631895277078389050e-02,1.055227179817965905e-01,5.872909143858612291e-02,9.847581034406133194e-01
2.387388614611563598e-01,-4.910366481445276321e-01,-7.645968890539182883e-02,-8.716444391136090042e-01
-1.503796773594872488e-02,-6.448333224964584165e-01,6.403346790587067794e-01,-3.671553850205310221e-01
-4.199704082190448828e-02,-3.573680470033483991e-01,9.374586873879550142e-01,-1.094504757212785562e-01
9.016324557838559794e-01,3.509748680921176422e-01,2.207743153953093396e-01,2.023843122453165000e-01
1.783691602996124725e-01,-8.713821607964093996e-01,-9.914866119567683489e-02,4.082593147300518366e-01
-2.557401610454774349e-02,-6.298192927128064555e-01,-5.818178274609889233e-02,7.927559639915863210e-01
8.096890259194954309e-01,-5.837722497348919043e-02,5.621634227257361616e-01,-1.906683202373637698e-01
-6.684287589765867121e-01,-4.056946705728017855e-01,5.993627249605588680e-01,-6.330722094021278001e-02
-7.732789052080837888e-02,-1.268687399769429514e-01,7.411315680481516122e-01,6.677627485425940979e-01
8.141269740228013196e-01,-1.040937692361111055e-01,8.689718776496957453e-02,-5.247240829079393709e-01
6.799614569359514471e-01,-5.477637694080076392e-01,1.292269992262270739e-01,-5.036082972285766957e-01
-4.299106449130495888e-01,-6.333263398409708644e-01,-4.902946090555412861e-01,-3.853741782657206238e-01
-3.046515979745036407e-01,5.396508922481416670e-01,-7.598015911877441519e-01,1.925403269122535066e-01
7.942670026811301520e-01,-3.625353573152238496e-01,-4.708775302914046668e-01,-1.268781757167441460e-01
8.413850777821992866e-01,1.208631611979322645e-01,-3.593000722150954118e-01,3.938244708863971599e-01
-8.026576994680958421e-01,5.074510724668997996e-01,3.036786999271305909e-01,-1.802516088256508886e-01
-4.335582404336113527e-01,-5.190270220115995592e-01,2.884930461718748229e-01,6.688891671458361277e-01
-2.559450676290107030e-01,1.354283281855827858e-01,-9.489528261472460757e-01,-2.454118737820339680e-01
3.948767913778263028e-02,-6.229312357261047595e-01,-6.627422737360399996e-01,-3.972960621329324482e-01
1.348851217641086064e-01,-7.533316493681602166e-02,-7.610460478397229611e-01,-6.699389882691434428e-01
-1.882895916508223466e-01,1.217425152444536057e-01,-9.523836858487012558e-01,-1.453296732579484885e-01
-2.913101344996695818e-01,8.775868566758594502e-01,-2.464898118031948748e-01,2.815598427991160557e-01
9.261033544998993616e-02,-9.430151631285520475e-01,3.097743157900683664e-01,1.470869191966705236e-01
8.223030231230069043e-02,8.250305611417954044e-01,-4.529804734082153450e-01,3.574164918438538230e-01
-4.587356184383739044e-01,4.876112694020109939e-01,-1.416684767544620638e-01,-7.250195150325702276e-01
-2.816295241426071683e-01,1.473278830919556304e-01,-8.053653462784550188e-01,4.777978479726436301e-01
-2.326576390255257198e-01,-6.144286029392614923e-01,-2.382471332261184294e-01,7.227542377537091722e-01
-3.952247721398236546e-01,2.598667774700422761e-01,-6.136899165181364246e-01,6.438718391342819203e-01
3.305721180277809701e-01,8.606620042695082295e-01,-1.249122286584612856e-01,3.430468899081103307e-01
6.812654424927735985e-02,7.573097091614147125e-01,-4.541967039098540604e-01,4.853185420194469080e-01
-3.815710189950166642e-01,-2.026330319999994634e-01,1.515844235323328126e-01,8.444848419799034778e-01
-3.575191661586752528e-02,1.076605348757081332e-01,7.918225170206326657e-01,5.363090721432482999e-01
5.417622882964104880e-01,-2.793437887674537490e-01,-5.224142144198888893e-01,6.000272990681009277e-01
5.156828103640259675e-01,7.889652091846102167e-01,-3.400151662815177334e-01,-7.764654926697107939e-02
-8.567824439554009297e-01,-1.861644721838160432e-01,4.562678460946159031e-01,-2.294141725921404196e-01
5.141380409246179006e-01,-1.479606612974174173e-01,1.653416795458035604e-01,-8.093811950721203630e-01
6.189879837390048489e-02,-8.656010533757763081e-01,-7.700563172848018390e-02,-4.640645473942728860e-01
5.625588180418797934e-01,3.304415540277974572e-01,1.796653662521645600e-01,6.998127197281304168e-01
-4.052129110871305340e-01,8.041818275632921509e-01,4.336380849401165194e-01,-7.691674631187374322e-02
6.327466513010161497e-01,-5.697986248445128243e-01,-4.735257787944660568e-01,-2.996009477464084969e-01
-2.818660907001252491e-01,-6.399642808667361793e-01,6.942112250400231943e-01,-9.772758587761484761e-02
2.452848574768355938e-01,-2.946791693320421346e-01,-9.155404504068404004e-01,1.823476763373603482e-01
-6.331751410184984774e-01,-3.314276845515086445e-02,-4.319180762115361061e-01,6.504356181489752142e-01
5.265546468535055036e-01,4.017325783775894249e-02,7.031860482915492927e-01,-4.633686006783128697e-01
4.441466887026209731e-01,1.061571005471992901e-01,1.389105384651247166e-01,8.917627829953704843e-01
4.001563015633836651e-01,1.247407121559761384e-01,-7.979050105344275279e-01,-4.491224412606489302e-01
9.339415355798536683e-03,3.309695973839726219e-02,-4.022448130521473764e-01,9.128461508268790325e-01
9.518790192304503739e-01,3.235115329440167442e-01,1.941241979742947682e-02,-6.220194338293059955e-02
-5.652028319680094670e-01,1.062731770147234966e-02,1.619944086689776297e-01,-7.950882418715757849e-01
1.716260270108113939e-01,-8.123917973987707097e-02,-8.818762678649881837e-01,-3.645081229253045452e-01
-1.559008004858526975e-01,8.039490478491218006e-01,2.200302372052404531e-01,-5.359360052778605610e-01
2.990403200534152983e-01,-8.228375085704743297e-01,5.404413811134208823e-01,-2.332202484270388676e-01
1.126330439849256536e-02,5.561256642476127832e-01,-6.009044795034375053e-01,-5.724419368802297070e-01
-1.447384221792803460e-01,2.775781388074163303e-01,-4.850797147232800421e-01,-8.263845136526779545e-01
-3.044673478250947141e-01,3.518519932029704478e-01,8.395112458768775321e-01,-3.044354064501649249e-01
-1.460215260302101803e-01,5.280907368039513550e-01,-8.437568126650683009e-01,-1.419728616463349635e-01
3.722263647286594423e-01,5.621462663295745399e-01,-7.037283984606030884e-01,1.527780238023737358e-01
-8.749109729255685197e-01,-2.290496419603481049e-01,1.629333489918802502e-01,-3.502209305382156801e-01
1.997177366115680530e-01,7.144957903156333723e-01,-5.673301006498208121e-01,3.781186799769713502e-01
-8.191803767780889700e-01,-2.014913426188737755e-01,5.409195553528880485e-01,2.141053587418115522e-01
-2.493022898939444010e-01,9.520236594757601478e-02,2.908615521206695531e-01,-8.933423170355510035e-01
6.485646816152669247e-01,-1.832417112406023452e-01,1.961914688068359114e-01,7.070529166272780941e-01
-7.664584930962903275e-01,-4.498588515947110067e-01,-1.695280096057389385e-01,-4.366092359320148386e-01
8.693864293501167850e-01,-4.272515440657921881e-01,-3.101103412947142091e-01,1.072950606497224679e-01
-9.002679061506952962e-01,-3.005347142464048771e-01,2.481774423270352858e-01,-1.783653376078665753e-01
1.232637505316864709e-02,-3.424423993759780904e-01,-9.188329466205023000e-01,2.201875934539541946e-01
9.050794283264540496e-01,-4.246370920897037105e-02,1.016182296780260841e-01,3.562860749343589872e-01
-4.508960897221674369e-01,6.671070205616452808e-01,5.570573718594060142e-02,6.384048803997430799e-01
-2.949795568582218586e-01,8.401635392741937380e-01,3.563377284822369373e-01,2.802099489698016699e-01
2.247790432522758231e-01,-2.367427384712174898e-01,9.519978712169337998e-01,1.254022768932686605e-01
-8.214030460731603922e-01,-5.352703129165053975e-01,-7.381010381269123566e-02,1.575593663555404644e-01
-2.159361723546003239e-02,5.246303159269827265e-01,-8.351374516859390029e-01,8.040506148929818520e-02
-8.791302314173494725e-01,3.255857147764672499e-01,-8.658887705127923939e-02,2.710140436180654699e-01
-4.242679359582503529e-01,6.160419817640624407e-01,5.180384352296245609e-01,3.190950892593101273e-01
-6.030161921269012321e-02,4.193646725424838850e-01,-5.576870170735824805e-01,7.054295881979787408e-01
8.118034395490285604e-01,4.851094772244111675e-01,-3.364619709823848392e-01,2.176586230918298726e-01
-5.443496511563523654e-01,2.108568112539958295e-01,2.098774123638251221e-01,-7.858571263561512366e-01
-6.643374197779366996e-01,-2.007537200955451240e-01,-2.080095917407999984e-01,-6.768093745084626800e-01
5.209447300284488769e-01,2.743843863235930769e-01,-2.276302217192888167e-01,-7.776250608978864109e-01
5.300597843122337727e-01,7.682105212652741155e-01,-2.169553394476052000e-01,-2.684541704867599021e-01
5.243308869891227797e-01,-3.792005946474928391e-01,-1.650388446078434879e-01,7.554521243195830849e-01
-8.265251208592410137e-01,5.810209121338909544e-01,-6.007365099809657688e-03,-1.511182591852068269e-01
-8.158246623178150650e-03,-6.564820338920876464e-02,-7.565769004622435734e-01,6.683464187050333072e-01
7.827676491484820975e-02,2.927870637136013587e-01,6.763146138740634417e-01,-6.860976852046880570e-01
2.332146606024243229e-01,-1.246631139062632926e-01,3.750004124380326154e-01,-9.089768533367080794e-01
-6.029989388661666228e-02,-6.943511871114440570e-01,4.410461093620686723e-01,6.058394750065995149e-01
-4.909211949051844881e-01,-5.913588615613765143e-01,-1.138445439360377953e-01,-6.358068986034350889e-01
2.745711796273558325e-01,-1.444481137522337366e-01,-9.151531132501798949e-01,-1.121606318405981434e-01
-4.028906877928393193e-01,-6.945046606361481301e-01,-5.610519931770653335e-01,5.673397676329526573e-02
8.433713895324301824e-01,1.529698686125547658e-01,-3.826870347150588825e-01,3.129611790131905380e-01
-1.713027168974556314e-01,-2.989206533809475874e-01,-5.148437331872607325e-01,-7.512204791794757641e-01
-6.899390067883038880e-01,2.690809451117188167e-01,-1.861945103660818945e-01,-7.386645860971174926e-01
-4.515651863412277200e-01,3.011473700235203776e-01,-7.217128398705600079e-01,4.567052902715807439e-01
-4.416868365023007836e-01,-3.798824395387789266e-01,-7.610526558145203069e-01,-2.407928091802299941e-01
6.485772733915046162e-01,3.224385145143175979e-01,5.895942534071767493e-01,3.592566291051840222e-01
-4.782597002594091151e-01,-1.631412555078320947e-01,-3.891896128558373080e-01,6.849892526164508277e-01
-4.629218808385549555e-01,3.430568732407511812e-01,3.239529649670976896e-01,7.827498922458115960e-01
-1.128384543545160740e-01,2.674688421263328175e-01,9.583318968730715204e-01,-2.269223091256540314e-01
-4.211795579410111401e-01,-6.155007894929092060e-01,2.326457380900205374e-01,-5.593648717675553383e-01
-4.119346095084185366e-01,5.745291532384771971e-01,2.227380224476142589e-01,6.730618985683667344e-01
1.468142054214000292e-01,7.284313180967890711e-01,-5.878940790188842413e-01,-3.922293046622283841e-01
-4.823257720446855190e-01,5.677609901774636203e-01,6.117364792536797991e-01,3.449948830397262522e-01
4.707974746618587836e-01,-4.336243967161018120e-01,5.329421921952797181e-01,5.089486162377598877e-01
2.849832283672964484e-01,6.897306103876329475e-01,-6.605707014748312123e-01,-1.684184052549254351e-01
-3.743213328454269018e-01,3.952990378805998906e-01,-6.360193366771680346e-01,5.039569073383100006e-01
7.568880469438805658e-01,3.876697124708888831e-01,1.351512449017367445e-01,-5.085628897495151346e-01
-4.387399445269171694e-01,7.557320050438439685e-01,4.800575130496810838e-01,4.118492604629335474e-02
-1.261541028417245969e-01,-6.445552832147071198e-01,-3.668484938635617754e-01,6.306564360072970388e-01
-6.227618198556503781e-01,6.845342483149401136e-02,5.143710989330261274e-01,-5.983424195730664419e-01
7.282114208701087610e-02,3.066450516140137306e-01,-1.042275742835536284e-02,9.459120446577767849e-01
-7.672111954101847875e-01,5.009974873749848401e-01,-8.644485101026454232e-02,3.917510329476022735e-01
2.651516513755174942e-01,-3.812537211867789155e-01,8.814138266288437662e-02,-9.160168973092432942e-01
4.704869292172663142e-01,1.855264598798614384e-01,4.253187770402661605e-01,7.858368301080260743e-01
3.435470369850037176e-01,7.506638346238179993e-02,-7.528892031989581346e-01,-5.377716679317083859e-01
6.505998551706453359e-01,7.695172433352025498e-01,-1.873478322101212179e-01,7.939601936577610208e-02
-3.150893779224467339e-01,4.587387034674304531e-01,1.855132618547070400e-01,8.160784387611267343e-01
-7.199634965579191359e-01,-3.526922662709642831e-01,1.752027609793437024e-01,6.094429525795945768e-01
-9.451861036833106300e-02,-5.907236557710884295e-01,5.974228653297390945e-01,5.346159453493291025e-01
-4.280303217568688923e-01,6.545728488196939088e-01,5.698076410049596197e-01,1.182841382130359192e-01
1.445499953396941484e-01,5.227807777580243398e-01,-8.573866546818512679e-01,1.060526240181225710e-01
-6.808187981784247222e-01,2.870077972133728839e-01,-5.072821786417760492e-01,5.286903717489234156e-01
-3.891877994186168643e-01,-2.670803587611386698e-01,-8.406559357107499242e-01,-2.996126182645340585e-01
4.676906680589523191e-01,-8.000235945816625005e-01,3.875430800773134177e-01,1.103767436936278351e-01
-4.789424812750074367e-01,-4.410851331965985889e-01,6.539484815005465190e-01,-3.745994394070222278e-01
-6.302903680380296247e-01,6.009833832749135185e-01,1.999965020112028646e-01,-4.996190577073600925e-01
1.310658416913065283e-01,-5.511313631628993459e-01,5.593378840667182494e-01,6.357704806563037048e-01
3.139403657873545139e-01,1.848844386403074302e-01,9.497554802371879212e-01,5.171820352910100338e-02
-4.308026341487381505e-01,1.593314256075608337e-01,8.442674667479225237e-01,-3.733038585231188144e-01
-3.021062709522244205e-01,3.603120180745050249e-01,-1.055812450302797412e-01,-8.608612256068883806e-01
3.907080722834501696e-01,8.417282427066455908e-01,5.839250506308656802e-02,-2.647832628513941411e-01
-8.079630266473667444e-01,1.004182165988133091e-01,5.570927645677102857e-01,2.746700083991290842e-01
2.440147493638430282e-02,-3.972079415505645472e-01,-7.402241537067634214e-01,5.824570963228015152e-01
3.435236742860671155e-01,-6.291950341911862754e-01,6.111206694254540661e-01,2.741170169552356040e-01
6.340847850957122001e-01,-5.687938222520130260e-01,-5.413490204490352120e-01,-4.152619975230566890e-02
2.648578548060903093e-01,9.253021855603776880e-01,3.542298458223608337e-01,-9.073719227490374684e-02
-3.723061129086508991e-01,4.864459367721624683e-01,-3.991138186493804474e-01,6.527745221625811389e-01
-1.371685315371916070e-01,9.255643393686462383e-01,3.809216167217807092e-01,-2.567669003945142331e-02
-6.308127956825479998e-01,-5.137324606434181540e-01,5.309267905903584106e-01,1.854211749364421957e-01
-2.584910359574658645e-01,-8.480852615557746277e-02,1.090026709196962457e-02,-9.764011629391996516e-01
2.471873586284011326e-01,-4.353000706562846212e-01,-5.248136776006100401e-01,-7.038607005322589094e-01
-5.312729132958150524e-01,-4.449930427367330132e-01,-2.269299522929444368e-01,6.387003515884721594e-01
-7.025028844459578758e-01,2.823407793164637858e-01,5.639427774230507673e-01,2.686019086628368413e-01
-6.911990388056084463e-04,-4.455788092396874567e-01,5.352446880675271190e-01,6.839778238110880704e-01
-7.540697311098540911e-01,-4.774598541536275165e-01,-1.493537105818509569e-01,-4.063935397868980726e-01
2.387714838824072372e-01,-2.819107371408050011e-01,8.047607040422386504e-01,4.886293566996121607e-01
1.540006663484261296e-01,6.133028254633482446e-01,6.801858846321561236e-01,-3.274175375196501370e-01
-6.765940485896324574e-01,8.245760396077153609e-02,7.723620012845402449e-01,1.669209088988697909e-01
-8.738749238393979102e-01,-4.832785580571867801e-01,-3.381278139294389973e-02,1.834609896326577089e-02
6.515869602869636124e-01,-4.687587560487300742e-01,1.349077305605707600e-01,5.578157030744779199e-01
9.421084657008894636e-01,-1.909166889218948948e-01,1.812556137776137333e-01,2.469759572206470799e-01
1.139774054530754976e-01,-3.129034435571866057e-02,1.398320896587898488e-01,-9.430580025366814834e-01
3.628572302421895768e-01,2.471961593369345275e-02,-1.082852080613610629e-01,9.705828734166347393e-01
-2.483242784991244734e-01,-2.004545619808691392e-01,8.938515393136710063e-01,-2.833245468481184748e-01
-4.894405603340478139e-01,-1.823606823291122059e-01,8.149991464687228460e-01,2.713318748953703619e-01
-8.367624911123312526e-01,-3.651873736384360636e-01,-4.461340880262023578e-01,-2.352475422237003400e-02
2.358864529817585320e-01,1.398933929894368988e-01,-7.953494930406791452e-01,4.687002064074885510e-01
1.333047222862492331e-01,7.180851686736476891e-01,2.317204833641044737e-01,6.515272132756769752e-01
3.491377471087730999e-01,8.714177387038481992e-01,3.437789054892103069e-01,-4.130540040545992164e-02
8.312953602415935617e-01,2.787149987007466745e-01,1.953263400243470116e-01,-4.320575133751245467e-01
-9.077573174538234868e-01,1.959757467617420645e-01,9.269192064872143477e-02,-3.762201916313794858e-01
6.802151780985435381e-02,7.697391072987702643e-01,3.169909331750320747e-01,-5.162495120809933447e-01
-4.388041707771409006e-02,-8.268048048994062205e-01,-4.259771662278875604e-01,-3.377561869815078333e-01
-3.216552928305649317e-01,-9.210832163789806071e-01,-1.289989360590690359e-01,-3.455110922030757425e-01
-7.656276944438666909e-01,4.901818106810396647e-01,3.154706751836718337e-01,-8.253627982570618804e-02
-8.973394157147582262e-04,-4.219191405347032520e-01,6.085661778467780225e-01,7.012736171208163727e-01
1.531838665531577437e-01,5.802570159062498956e-01,8.483153793093971273e-02,-7.962858005429255259e-01
-5.431474650499995560e-01,1.876906590934810659e-01,-6.997120872949558201e-01,-2.611079328494212426e-01
-5.241106882337946693e-02,-1.075546539737805285e-01,5.913827083402208029e-02,-1.000601722150536110e+00
-2.392672322407388974e-01,-4.880055866381504681e-01,3.544831627333763224e-01,-7.722676531906074171e-01
3.866096607598859536e-01,4.260687352681608031e-01,-1.051557721016716934e-01,-7.890649225149952706e-01
-2.266563329055223674e-01,-9.321007183713783673e-02,-8.885398754559900025e-01,-4.037404954257857725e-01
6.442370087564562864e-01,2.432512250691807321e-01,-3.767129418871930091e-01,-5.941189138572067208e-01
-4.112797319793749518e-01,-2.998307077523011954e-01,6.144303470556974345e-01,-6.113052856537524171e-01
2.501181729202062720e-01,9.136194917804214555e-01,3.877902260962035608e-01,1.816165975186460890e-02
-7.822216744817886425e-02,-2.983391385904489712e-01,8.453100652609837340e-01,-4.034764696765671399e-01
5.651544333342419651e-02,4.628345092693791907e-02,-3.765082327617869096e-01,-9.160323096944726906e-01
5.247689179471617393e-01,-1.227090355523846044e-01,6.210545871070261015e-01,-5.881179218572025746e-01
4.699617718364070829e-01,-3.253436808645240319e-01,5.793310360151604499e-01,-5.940060472430557237e-01
4.507843233570053010e-01,3.826136734080466395e-01,-7.025436849338992928e-01,4.105115363932611006e-01
3.888547875211937899e-01,-6.213374736929064834e-01,1.110005877488285941e-01,-6.920224868228852522e-01
-4.447871025625729224e-01,7.001431266824751365e-01,-2.561630179991368217e-01,-4.718815030790020626e-01
-3.044943567972701118e-02,7.051404924362276727e-01,-6.370658000531892462e-01,-3.217144086384103874e-01
5.896421680912121710e-01,7.172326627956179257e-01,-5.038968402005963854e-02,-4.121616041611622094e-01
7.776195037704510815e-01,5.628451967268465195e-01,1.888744847966773999e-01,-2.445685993835774452e-01
2.959675353844544964e-03,-1.295581766519549871e-01,1.686446449830709127e-01,9.725557350002661527e-01
4.662982006673316859e-01,-5.741201570895989592e-01,6.400488468932298280e-01,1.956674504698084349e-01
3.955208396023677242e-01,7.301025277578812034e-01,-5.508841296905309104e-01,1.173046950713047161e-02
-1.507628790860276458e-01,-5.380648780621102301e-01,7.221994863838895884e-02,8.718309773983454747e-01
-9.171693347752976067e-01,-6.034675172388559439e-02,3.289019520306988298e-01,9.593593451964581298e-02
-4.242032054023862908e-02,-8.847652131269299058e-01,1.467858561094221304e-01,-4.428409692531028452e-01
-8.098887374249709170e-01,4.449205675756536804e-01,3.559101607096078479e-01,6.294650026052643621e-02
2.041998839208853667e-01,7.153146427616781100e-01,1.371203102589839407e-01,6.652405724906523821e-01
-1.860200266021977689e-01,9.575921471412272012e-01,1.973893592000047215e-01,1.790911942673188706e-01
-7.396332876153616231e-01,1.381691301832872198e-01,-5.616171998354293482e-01,-3.562041267211952800e-01
-2.962923682405189107e-01,-4.122766827556720304e-01,7.515190598239075426e-01,4.854666614796241952e-01
7.744276300703567539e-01,-4.974827924176360439e-01,1.513736671304516390e-02,-4.557293215000796649e-01
-3.978581143360476746e-01,-5.357200927931260459e-01,7.255332289820904945e-01,-2.285918910862377307e-01
3.825163168293513327e-01,1.995537439198895591e-01,7.553870715153803150e-01,-5.068026672110709230e-01
5.892143545968863139e-01,5.364751931111213512e-01,-4.482890992957508924e-01,5.035755950702007766e-01
3.195714695020204221e-01,-2.121908232786825221e-01,-7.083873677216595555e-01,-5.634142790148327640e-01
8.895037707226988166e-01,1.428571488822073104e-03,3.585309702206198601e-01,-3.024245816607709636e-01
-3.876000397433742584e-01,5.482837523259682655e-01,-6.697663691928893437e-01,-1.823383920779221845e-01
1.507232797578806349e-01,1.518567423876445999e-01,-4.225816176653426903e-01,8.983227439500549583e-01
5.269751064338906721e-01,4.772647608664098984e-01,-6.911652575188702574e-01,-1.757628726135360697e-01
5.983980548336925720e-01,4.193933206293544713e-01,-6.730170991085629995e-01,2.300966530856717041e-01
-6.950366478364820022e-01,1.018496927208650815e-02,6.812459722594732536e-01,-3.155979021615122337e-01
-3.944971312870981239e-01,3.424789564509886919e-01,-7.644448117133045839e-01,-2.915503532131079045e-01
5.298163983116611631e-01,-5.123136633760955183e-01,-2.175294336727975064e-01,6.380192027256227361e-01
6.383846315714851727e-01,2.928019848979447337e-01,-4.215367691599768429e-01,5.428910286144189579e-01
-1.293770524984104997e-01,6.332441412847364948e-01,-7.042667058289105997e-01,-2.142943740876907532e-01
-5.726111028464694330e-01,-2.889963732447142775e-02,-5.091918641317990657e-01,-6.357120175289765474e-01
3.230706927162887987e-01,1.926155540091943896e-01,8.238161727665693768e-01,-4.234743205626202434e-01
4.119336187644460634e-01,4.617948012675166525e-01,3.691865680156168339e-01,-6.760482207769121787e-01
6.591198092621478044e-02,1.574078749378175768e-01,3.811887573148058095e-02,-1.003160526308706446e+00
1.222389944385086358e-01,9.398272581000718384e-01,-1.778152237831132354e-01,-3.127435924158672997e-01
2.498417003641420220e-01,1.912481940219422638e-01,6.602757864486329398e-01,-6.845252581357409438e-01
7.610117003283667358e-01,5.406724661244771690e-01,-1.850886954079294100e-01,3.796039779439577266e-01
5.728308619943895952e-01,4.184475050552650122e-01,-6.353962870246500083e-01,4.468834378967348475e-01
-1.582468088257562300e-01,4.075008938696201843e-01,4.321490529146763127e-01,-7.302187737789161970e-01
7.083958844482259876e-01,-8.286950587212646435e-02,-6.612565850368835596e-01,-2.044598580738383187e-01
1.527976856265448324e-01,7.623068514125322936e-01,3.462760084731312804e-01,-5.130624248507564822e-01
9.038054997756582720e-01,8.166286171477066258e-02,4.360503601987546496e-01,7.775480015252422133e-03
3.237967599842364597e-01,4.387999903625746656e-01,6.185458643825783032e-01,5.873435375446499629e-01
7.527802178944673628e-01,-2.641863407847052647e-01,-4.892018937549223456e-01,3.282540269562339574e-01
4.757913851155436968e-01,-1.205135696684788843e-01,5.531223437366465934e-01,7.062803242589931196e-01
-6.840601302969588904e-01,-6.582151201111932082e-01,-1.379611330866431507e-01,2.818577915863883510e-01
-3.408529411466803549e-01,9.143282247788960815e-01,2.844162888998752470e-01,6.288352783643423594e-02
-4.681707057521548032e-01,-5.132705344623434973e-01,7.550194523852088446e-02,-7.331334686649865207e-01
2.397623617371705262e-01,-8.307187156812137485e-02,7.688436625847433481e-01,5.864017642258473328e-01
-3.371426804780530001e-02,-7.826058784129463763e-02,4.948083558320721664e-01,8.853173573065665769e-01
-5.868035568583639394e-01,-7.141222110404501500e-01,-2.878243865925727007e-01,2.524359733731227351e-01
1.796886959584105270e-01,3.523606716263560923e-01,-4.404425993745847978e-01,-8.047322900096127718e-01
3.854364353888827255e-01,-3.427221650920352913e-01,-8.552195957071022647e-01,9.418455266884485921e-02
8.569303791474557341e-01,-1.294418150025444247e-01,-4.879148165242616075e-01,-1.007487778969240189e-01
-1.914381017847847088e-01,-8.147889894540850664e-01,-4.506147047668275230e-01,3.264142781053342435e-01
3.572554480139529254e-01,1.085782210737092496e-01,-9.306846519809045537e-01,-8.885315492198841980e-02
-7.336452542150029288e-01,6.612564949472013454e-02,4.712034509787862424e-01,-5.071275294945377654e-01
-4.028292537569225784e-01,2.381728816898775192e-01,8.399225064930487816e-01,-2.558280197825534286e-01
-2.296464194779440360e-01,-6.474869945475451027e-01,6.975383689000233534e-02,6.743219935851674229e-01
7.024414797015040568e-01,-8.164592403649512109e-02,6.840554590225900178e-01,1.259781763127594822e-01
-6.871590841544619188e-01,7.505319297576314996e-01,1.847611908767042566e-01,4.616858068522904091e-02
-5.238907169572205591e-01,6.980933345009173729e-01,3.952031479241520096e-01,-2.911414922996007348e-01
6.757095534438588569e-01,-3.393594400738638717e-01,-5.178361583259359913e-01,-4.766196041617720702e-01
-5.939965951691799084e-01,1.815886004333831794e-01,-6.792405604671624131e-01,-4.453712516232206653e-01
-9.702067980274351466e-01,-8.978719193430467760e-02,-6.103544721132924539e-02,-1.474493607003601880e-01
-6.056685237006295131e-01,-7.069995019835050298e-01,2.411230724575843254e-01,-3.038389952399659366e-01
2.286543532510489085e-01,-5.882374100568924513e-01,1.263433850797786306e-01,8.076786252827259371e-01
7.446681207136037761e-01,-5.467909433365735206e-01,3.064930338863885440e-01,-2.047000002987465483e-01
1.459993775076958711e-01,-7.348439274973316282e-01,-3.741785180204110772e-01,5.754671978916874320e-01
-3.551816847991599024e-01,-3.943458552435287201e-01,-5.767333790742684707e-01,-6.135901045358589379e-01
-7.409782089178704734e-01,8.184460909008930973e-02,-5.614136325648781956e-01,3.287894638477674158e-01
6.527036003896669047e-02,-9.023672976419336855e-01,2.710331419143414133e-01,4.091279743682738612e-01
-6.864387223292535145e-01,2.978427649925578513e-01,-6.725765301164526866e-01,9.696077296395626266e-02
-5.217622384178070005e-01,-8.323930460733950376e-01,-1.932303047786044226e-01,-8.172620693640272188e-03
-2.708679342503228504e-01,-8.799420815518728123e-01,-3.075394764992836483e-01,2.421291556769814002e-01
-2.185846152847049223e-03,9.792468334447558542e-02,-5.078749420389045977e-01,8.765113511057986972e-01
-6.481170746500158897e-01,2.802645702064333055e-01,6.540889183099881654e-01,2.875317815811073152e-01
-8.460408415035865215e-02,-3.191625860793566583e-01,5.856805021293677305e-01,-7.670830912170627514e-01
-5.621045243539676273e-01,-2.314538515063284674e-01,7.518035967588043711e-01,3.029852248841359286e-01
-6.605253010562136540e-01,-2.706918604204475165e-01,-4.582552822567890205e-01,-4.566161919766813515e-01
4.445852983302095440e-01,-5.369371371510202051e-01,6.469679004771393682e-01,3.472812691017995723e-01
6.005554149369226602e-01,-2.708950081279989375e-01,-1.262849751864218162e-01,-7.084486389081873225e-01
-2.680096211296700837e-01,2.880769454451044265e-01,6.931522918932147004e-01,-5.675750536889010434e-01
-2.019283713320401963e-01,-1.373819040230476185e-01,-8.530164387090198863e-01,4.301096327982195655e-01
-5.947480079351981086e-01,-1.964511852196500485e-01,-4.140476052417145780e-01,-6.469271543324406348e-01
3.919606200471360824e-02,-3.029289113918480214e-01,-4.437342254783917528e-01,-7.692902078232290997e-01
2.235493273846191897e-01,8.301967951790737432e-01,5.187214522646778347e-02,5.189640587737718302e-01
-6.059858131315731811e-01,4.537925563279133351e-02,-4.570111232245682720e-01,-5.940302160055984659e-01
-3.940502569535702104e-01,6.799815015711638821e-01,5.748735332354093508e-01,1.785416619122491000e-01
-1.003195501501866094e+00,-1.397979014398567366e-01,1.649734094652997862e-01,1.384443359198750945e-01
-8.555361687779408086e-01,-4.494037328615501092e-01,-4.286165329381849687e-02,2.842172205924338724e-01
-9.525101631240733280e-01,-5.271911255023469661e-02,3.093975829686780935e-02,3.725068879226419716e-01
3.327593953654294778e-01,2.455117066758832067e-01,-3.410695873021822311e-01,-8.231197017557353446e-01
-1.657788515726306422e-01,5.230514212742516378e-01,7.337069740289396957e-01,4.175451329683266821e-01
5.385843733118089727e-01,4.222316110701179737e-01,-6.677354126972965265e-01,-3.708681604409180821e-03
6.535757300997734331e-01,-3.725393360645370966e-01,6.093654654151916539e-01,-6.022440087352030902e-02
6.089240014951187163e-01,-6.462063838679389383e-01,2.291192100498464224e-01,-3.152846827671428320e-01
-7.295337435434906537e-01,1.232943550068806154e-01,5.087633517013334661e-01,-4.076509244704700774e-01
-9.155388110019554437e-01,-7.040189354697025392e-02,-5.069272961330963112e-02,3.622485202872435806e-01
4.948525839191778575e-01,-5.384151481301419767e-02,8.883367691699697311e-01,1.424024261337469566e-01
-1.722805268315499572e-01,-9.700364908567643552e-01,-1.504138061114411173e-01,-1.350331185427223191e-01
6.062407353860543857e-01,2.405845951952370054e-01,-7.141231215122649800e-01,1.129612998048134809e-01
3.314036032666535236e-01,7.092731605394066996e-01,4.127393315305487032e-01,3.748106577990119037e-01
2.752664447892747696e-02,1.763963055216807574e-01,6.918449407070749180e-01,-7.289408384090205750e-01
-1.904012546516640481e-01,-4.648494344699624081e-01,2.235848855306697691e-01,8.205237052486461513e-01
-2.151849795538578192e-01,-8.536737202147343107e-01,-1.731107794828166402e-01,3.568751091268236308e-01
4.377507458428763210e-01,2.742325721779108050e-01,-2.080854835481090459e-01,-8.481495627245198010e-01
2.285072975236008552e-01,-3.420762823582138012e-01,8.815924078618198045e-01,2.426204764557755578e-01
-6.352108725840828196e-01,-7.568421918549879113e-01,-1.604378335174438674e-01,-2.408216128667279854e-01
4.960659272851704049e-01,8.290859617381113322e-02,-2.966744911078892932e-01,7.629219675386668120e-01
9.161177160309395828e-02,6.748083289439600341e-01,-5.861497485417941355e-01,3.893057123655297991e-01
1.345599997881121446e-01,-6.205836695975409656e-01,6.023601767150204012e-01,4.169286369745317522e-01
-2.776294248646621887e-01,-9.137332306488803457e-01,2.367444685614413791e-01,8.969813344307345226e-02
2.525875306197874481e-01,7.138402907171521872e-02,2.603423989391069338e-01,9.079430249335518344e-01
2.432681987880609131e-01,-4.499872925878434238e-01,5.202122587543029919e-01,6.811020835107650662e-01
7.954570278511888803e-01,-2.904699940247313372e-01,4.561786188827513661e-02,-5.027072184341727645e-01
2.978737456414874418e-01,-2.467467486654345010e-01,8.900409478180971723e-01,-3.072791403263707144e-01
-5.852741428613336128e-01,-1.923718072296246029e-01,-7.360029615254441993e-01,2.786790231425340658e-01
-6.854248645486106239e-01,1.181968015459009674e-02,-7.372078628038538639e-01,-8.892985903880744336e-02
8.604219235310920366e-01,1.740851644474101789e-01,-4.660221611865009717e-01,1.214352872654837420e-03
3.385008281106736960e-02,2.880659516588672253e-01,-8.698365172836769466e-01,4.003470032936179979e-01
-9.186749547742245614e-01,-2.410773437332717206e-01,-1.580175219597066971e-01,2.246862091799729233e-01
4.241515188135311365e-02,-8.364038879582493813e-01,-5.751625115910311559e-01,1.134695580847577129e-01
-8.148285914580598657e-03,-5.380830308531979744e-01,-4.439216527773851007e-01,6.948142163302836183e-01
-1.925947210161335632e-01,-6.286986161309010557e-02,8.609641380348457274e-01,-4.982408279345086899e-01
-8.576557676013378817e-01,3.516822086766851485e-01,-3.103902900009636312e-01,-1.367403380103252020e-01
-3.634822146705261048e-01,-1.208192080965984627e-01,7.879444741183334600e-01,4.583700782830187337e-01
2.794004275185594799e-01,-4.190408036912643963e-01,-3.593912407762776540e-01,-8.128845437114858852e-01
-5.713994661340737746e-01,6.842402252034824883e-01,3.819994081223924143e-01,-1.115293588434332628e-01
4.832617924245580232e-02,-6.718781992961796456e-01,1.922288035547535801e-01,7.802552138801297499e-01
-8.300902316143656812e-01,1.250391919126520868e-01,4.832102982370886646e-01,-1.910299065749227199e-01
2.685471507903386401e-01,9.513979064244528772e-01,-3.935250583417031212e-02,1.544348357874042454e-01
-7.842271105673079834e-01,1.721098014985185387e-01,5.000158005842025855e-01,2.833371270491024663e-01
-4.913368919844960381e-01,1.272497724799732111e-01,8.050566189543066908e-01,3.084293189788183120e-01
7.849040599123603412e-01,-1.951655775407394877e-01,5.201892442472914047e-01,2.524203237222246154e-01
-6.041608659958718208e-01,1.721675552143958621e-01,-7.075223340051564058e-01,-3.718149105420011646e-01
1.533914423511450464e-01,1.361473950611889472e-01,-7.330345031322077487e-01,6.845029800736994741e-01
3.260530862891963810e-01,-3.955473482501929983e-01,-8.527617168765001532e-01,-3.480553682484547467e-02
-2.073494354801276307e-01,4.298435407427059207e-02,-1.881066674793222537e-01,-9.574008269920714076e-01
-3.330743648738002660e-01,-3.227166690759978862e-01,6.561818833346502178e-01,-5.846948432098705295e-01
5.859093349849803234e-01,-7.133346827999199613e-01,4.519971408927268008e-01,-5.141463427919230889e-02
6.395424586586915261e-01,4.134150276800208773e-02,7.549710899956919574e-01,-1.969553363946525693e-01
-5.632809499769613204e-01,7.607162069996903364e-01,-9.373493450765255086e-02,1.586455413306916973e-01
7.033330303905376280e-01,-5.792371592556173621e-01,3.186585978777647932e-01,-2.659166490675095584e-01
-9.186937196326773469e-03,3.782482230761609332e-02,-9.206988122089586613e-01,-4.281761476452001780e-01
8.373138152510989363e-01,5.209774408682428248e-01,-4.307785144972683944e-02,2.226557744910450942e-01
-1.790388650275426541e-01,9.574300993441132723e-01,-1.116021480750839928e-01,1.980189179377362385e-01
4.735670587192393755e-01,-3.335882243122947899e-01,5.970858379108892056e-01,-5.855968520325657289e-01
6.884784921446164274e-01,-1.566440406634412585e-01,-1.244279484870003255e-01,-7.027310177888119735e-01
-3.028826965810786920e-01,-7.991329034141437804e-01,-5.059364334789266948e-01,-5.064076387023346004e-02
6.977515142780635893e-01,1.129700071164873310e-01,1.667916723018992298e-01,-6.957331434040854301e-01
-2.763812935585729380e-01,6.751746576224052498e-01,-2.901623758013680554e-01,6.100882081847361915e-01
-1.165900862866198762e-01,-2.455082611631767553e-02,6.227951862981615516e-01,7.797445784814298619e-01
-1.200895067838114588e-01,-6.849642033239627947e-01,-1.263044235120747705e-01,6.960079680158250959e-01
4.328714985020722383e-01,-6.108104701948454535e-02,2.630730093600338049e-01,8.248016785298692977e-01
1.596251865700995531e-01,4.397078442144965182e-02,-4.762938487413100330e-01,-8.401538165238600087e-01
6.017134595880372361e-01,-1.718352201593604522e-01,-6.882562748896263738e-01,3.998492914974083878e-01
1.267980668949393423e-02,8.434460261242144874e-01,5.917768957800531582e-02,-5.054069475596721928e-01
8.186657898993310312e-01,-1.883822095254245876e-01,3.641843021278813319e-01,-3.167053856303284620e-01
-7.003765252151772369e-01,5.023130589141241997e-02,-1.048695442165925758e-02,6.865389555320432491e-01
-9.713606541575144082e-02,-8.796497523096460380e-01,-2.240132881409665488e-01,3.965280501990937623e-01
-2.005047041035033228e-01,-2.221999608172889051e-01,7.678019196552686720e-01,-5.345967696537756719e-01
-7.837782448175241168e-01,-1.125206564802664067e-01,-3.037009714327153498e-01,-4.998896048183525953e-01
-2.196367471732661170e-01,7.424284189367807985e-01,-4.382787086935069354e-02,5.891182286688930736e-01
9.346388517851100808e-01,-1.851310207925290774e-01,9.797020832784256172e-02,-2.606036632026234034e-01
-6.493906480663075298e-01,-5.496619845555573702e-01,-4.381033258877455872e-01,3.165900322682039247e-01
9.311152952213738176e-01,-2.831660434398624582e-01,-1.701453544797003337e-01,4.780849885510319447e-02
1.914660680116096192e-01,6.570574737685412614e-02,4.373493662493352363e-01,-8.126373935775954571e-01
-7.489707570446205720e-01,-1.647196528407018357e-01,3.570363250792557563e-01,-4.937237635423469828e-01
-9.578274362393156549e-01,1.722411505023685729e-01,6.956711042694181668e-02,-3.424783249117768213e-01
-6.393680235440157844e-01,-6.444535802674050684e-01,5.734426853093408522e-02,-3.406580833428435318e-01
1.388156357757309445e-01,-8.988720873454854043e-01,-3.029272763984630079e-01,-3.506419632717601154e-01
-1.117577955377825893e-01,-2.712768814722743560e-01,3.834349529781979626e-01,-8.916105085380623407e-01
9.815896434885444666e-03,2.998885785022712969e-01,9.313044125514458038e-01,-2.367014208682509668e-01
1.290192937666410911e-01,-5.713621314156757114e-01,-7.633285095289268352e-01,2.871167321682892570e-01
5.722834763465786678e-03,6.197148600750468361e-01,-7.547353013392446019e-01,2.941578430046722925e-01
9.845488389733961787e-01,2.204857786940068176e-01,1.589662093274052390e-01,5.686497304713462875e-02
-6.981065342734956713e-01,5.767028520078306686e-01,-2.633110964406339405e-01,2.875078253350520918e-01
-6.366910437337727213e-01,-4.853910737772951789e-01,5.796494072521655161e-01,-8.824827912583316225e-02
5.756310415550646153e-01,-3.253762253012229544e-03,-7.047666765250554244e-01,4.043926528653222774e-01
-3.197617480340146368e-01,4.001393181918517228e-01,-1.806797340819450010e-02,-8.490893065049401889e-01
1.200633509568077573e-01,1.020237889360096739e+00,2.199059351994500089e-01,1.682169645070735048e-02
7.200052702725099341e-01,1.288770205996339346e-01,1.129149973750016439e-01,-6.606192187116215475e-01
1.501293739773549574e-01,4.927156567260925213e-01,-4.261349478692220138e-01,7.314593678346439365e-01
-3.390061219131970671e-02,-6.523537281640467977e-01,7.230005422956565786e-01,-1.589355921475160971e-01
7.547674185800895552e-01,-2.965497138238976649e-01,-6.692004435194533196e-02,5.272270380815162749e-01
1.810211468254505629e-01,-8.387932939865883064e-01,-4.328020424651463638e-01,4.023078699637114286e-01
-2.940723256083687537e-02,-3.026516099972851870e-01,-7.548790845596137222e-01,-5.465917975076799440e-01
-8.853020024109234942e-01,-5.289166492699023947e-02,-2.807729021030520578e-01,-4.237216153454617107e-01
1.333664718108417031e-02,1.188167217540414544e-01,7.820026395218490078e-01,-5.798105217119431387e-01
6.770907952380686989e-01,5.578814833966601050e-01,-4.531782144674275092e-01,1.786269952069499123e-01
-2.500980137143892224e-01,1.110115854461321133e-01,9.389051796107366066e-01,4.034425703187398127e-01
3.547299467112015603e-01,-2.588565403219171834e-01,-9.251751919646115097e-01,-7.537288695252078452e-02
5.607182090730860047e-01,-6.857632059683992365e-01,-4.893190915846886146e-01,9.643297279853738080e-02
-5.188496320310622689e-01,-4.010006480642404059e-01,-2.391465995298029668e-01,-7.283577667091387653e-01
-4.015906591257761282e-01,2.832605455777923442e-01,-5.245143728463732558e-01,-6.775408900299220161e-01
-5.669900960696043768e-01,6.820081539334631460e-01,-2.030152537227692400e-01,-4.052293226612342369e-01
3.247527486352572851e-02,-9.417099694030437451e-01,2.429816202682163473e-01,2.237064455009367958e-01
-1.891563980468442541e-01,5.234564045774606766e-01,-5.956534491739780002e-01,5.865729037550448943e-01
4.790515863781834027e-01,-8.594866145246626843e-01,-1.188936454010229987e-01,-7.922847229331966834e-02
6.091004399512703893e-01,-4.822262293091035823e-01,-3.552323762219871672e-01,4.651397793476854114e-01
-2.376021530043443963e-01,4.199625046902306091e-01,8.256695834018247249e-01,-1.672519435176602898e-01
4.908191573234481075e-01,-7.191874703494283150e-01,4.770067985657792664e-01,1.576184528637049331e-01
2.637964675079517152e-01,-3.349508047545620704e-01,-8.558164755264453527e-01,3.042489412437815455e-01
-8.755269323143710647e-01,-1.435983829491525587e-01,3.581963620477964239e-01,1.161375402978965660e-01
8.554066643281380555e-01,4.268363035092121449e-01,-3.044692016638011478e-01,1.192338352880116872e-02
1.607032161917802682e-02,-8.365567310493533526e-01,-4.847011777779741126e-01,-2.699116557844222219e-01
-7.416100456340836145e-01,2.575767637885694600e-02,-1.015061699054015387e-01,-6.332599132837525291e-01
5.277692579491497504e-01,7.819354683873076528e-01,2.362271031859395631e-01,-2.730568544347359294e-01
5.545503151703804479e-01,5.075862896036862359e-01,2.118186213137048524e-01,-6.364077405972926593e-01
1.038763446345844083e-01,4.538999808309188699e-01,-2.316514127772564824e-01,8.454622668058194845e-01
-5.449941323411640060e-01,3.224316943792517737e-02,-7.789960213121780441e-01,3.280982418139433698e-01
-7.742180188519174333e-01,-2.759804912991188353e-01,-4.885836929289236186e-01,8.497064413419791462e-02
3.517460172874556923e-01,1.584343795834302071e-01,-6.912434549798055494e-01,6.026955550746219137e-01
4.025523092815258552e-01,-8.845730385930797857e-01,1.555513971262025286e-01,2.466383173630966041e-01
-6.217202501393620517e-01,1.681005806464196117e-01,-6.212723879710093655e-01,-3.777166762565767333e-01
-3.914335072423257289e-01,-8.297914644279141827e-01,5.956580641320687042e-02,3.760560774651852123e-01
4.986100815296393707e-01,6.791323936941031647e-01,2.677345811118164165e-01,-3.928445231104830682e-01
4.494907973825248426e-01,-6.564208542070770758e-01,-4.183394813434679893e-01,-4.507023771969554948e-01
5.914966248606453592e-01,4.869609316558765610e-01,2.405489044240408381e-01,5.898574412643916576e-01
-6.693109192838004873e-01,2.111237801208552534e-01,-9.849522435848023783e-02,7.165641257773163186e-01
-3.488331637317085288e-02,-3.655100323734365997e-01,4.380016073320152081e-01,8.158399109622177514e-01
-2.028517166583901910e-01,-3.928224149039535873e-02,-3.807545230450015694e-01,-9.106231873424195378e-01
1.272563494276921781e-01,2.873772740000152814e-01,1.432628288109431547e-01,-9.368479561554511337e-01
-6.516972128252945806e-02,-8.231655475140259304e-01,4.772991329104558922e-01,-3.579194640065642141e-01
6.284146382380302320e-01,4.117244080017601893e-01,-3.987621131357828586e-01,-5.000781518948208548e-01
3.629415189511886464e-01,-8.279068133910578720e-01,7.169976339156514111e-02,-3.456353785969184522e-01
-5.717055425688454262e-01,-7.827273526043638796e-01,6.685488661213689898e-02,-1.533437571768118679e-01
-3.254839922998867818e-01,4.074630416712339276e-01,8.142886898055748945e-01,-1.460606936274813084e-01
-2.135578808599362111e-01,3.303507612436312746e-01,-8.669739259720133928e-01,1.996507624394777136e-01
2.934288430761522459e-01,3.225187046715000116e-01,-8.821977043098028215e-01,-3.454288340991680806e-01
-4.364270504605390344e-01,3.408236318121005831e-02,2.237560254451166075e-01,8.547349678476181545e-01
-3.065399888878118650e-01,-3.863665108306741369e-01,8.095787794362176992e-01,2.577693716153452996e-01
6.038736978636856101e-01,7.859134541434795174e-02,-5.396185242999905762e-01,-6.039656796404815342e-01
-5.249891382198488277e-01,1.965528475283839227e-01,4.415888193301420461e-01,6.853362734621987196e-01
4.612601364601073284e-01,5.982002302340732047e-01,-3.327320905873941137e-01,-5.660772507214619775e-01
8.173433779374366104e-01,3.504426550666295825e-01,8.789577330297435043e-02,3.903816586448322079e-01
1.740985108252694757e-01,6.566675125882283082e-01,6.599220370411960079e-01,3.185266104422704858e-01
6.518082313824175023e-01,3.498949724601156386e-01,-3.333114545152880415e-01,5.873279283937760109e-01
-6.732055834466018629e-01,4.513387441775513764e-01,-5.405357093278363445e-01,1.655332332845998178e-01
-4.171163743051135575e-01,2.843786648722271826e-01,-3.291840699332434367e-02,-8.599129037333930192e-01
4.607705068014642524e-01,-5.172668215780141798e-01,7.342249750316222068e-01,2.144788502124292395e-02
3.852048731643284984e-01,-7.573071263322335156e-01,-4.534079154526873268e-01,-2.871728246384182004e-01
3.817293430855980829e-01,7.123861343463983031e-01,-3.647071824279333740e-01,4.642089979571715763e-01
-6.949177884276349637e-01,-4.232303089144859309e-01,-3.266381658606097860e-01,-4.324038989231727692e-01
-9.110824472494222226e-01,2.021155252010567449e-01,-1.551676624884747724e-01,2.609661463922205993e-01
7.206841590643766615e-01,2.476797321569703669e-01,6.555094081415070439e-01,1.886899831581091702e-02
-6.120599887523855420e-01,5.584198482864370927e-01,-3.201436431728085785e-01,-4.566352799957540953e-01
-1.282471939783069448e-01,-8.019141695363047884e-01,-3.732670684794524574e-01,3.816182625413023777e-01
2.773298475705245902e-01,-5.662178647380341490e-01,-3.386254558824796090e-01,7.056486589761580275e-01
1.757763654079534110e-01,7.652458710505305461e-01,4.243961838381937746e-01,4.468977789576606408e-01
-8.078408693579846034e-01,4.514164850296896736e-01,-5.239905934617448968e-02,-3.054245827914845446e-01
1.305292784618783120e-01,6.813112012956563657e-01,3.083071748989912875e-01,-6.219204677589196262e-01
7.533414192695051526e-01,-6.035209420295293281e-01,1.692937864636810119e-01,-2.228116689081153790e-01
-8.608090162164676318e-02,3.067310532971616599e-01,-3.864669569995351495e-01,8.757403756926870342e-01
-8.756865825341426657e-01,-3.094229655438555104e-01,1.528988386593376769e-01,3.062077753553038573e-01
-1.109455981421122311e-01,-1.905582311819907781e-01,9.137939120423543837e-01,-3.575940755617368905e-01
7.075917880759446943e-01,3.919021238894161430e-01,3.752468006099283770e-01,-4.203855558859475594e-01
-4.446857309019368321e-02,-2.898646306887116553e-01,-8.681634453022889497e-01,3.851360590745349644e-01
-2.218348854243195056e-01,2.713819225919105182e-01,-5.042055848117110717e-01,7.737727931525919534e-01
-6.781087975959229075e-01,1.207930648101657456e-01,6.232794104651525613e-01,-3.948071220020315519e-01
4.438665058369452576e-01,-6.149962638257330250e-01,6.516606554001618257e-01,3.737712367040799122e-02
-4.753740495669694921e-01,-2.881531586313934579e-01,6.870709550942853960e-01,-4.255666661254138283e-01
-2.830647065991973022e-01,-6.826927492693243837e-02,-4.859819295542380235e-01,8.352471487805470662e-01
-4.023709973505711357e-01,6.128298441758933679e-01,1.314953158496546815e-01,-7.218400710727826963e-01
6.439909025793499886e-02,5.050790738489498999e-01,-1.631146541760951640e-01,8.388041843678861742e-01
5.855827701694774623e-01,4.815049660341924609e-01,-2.731136582567417759e-01,-5.315982741490921093e-01
-2.582860360420966561e-01,1.066779680394909502e-01,2.488370853311759334e-01,-9.306023372030300944e-01
4.956042509558689774e-02,9.475229048919833752e-02,-1.892037658240778020e-01,9.827735998870127387e-01
2.474601094966196180e-01,7.547558183599415438e-01,-1.238642756239377862e-01,5.781356548213579805e-01
7.074927533631575338e-01,5.186583999084334318e-01,-4.911104582454252077e-01,-1.101487540529008102e-01
-2.811953060525959058e-01,4.132026252496305285e-01,5.235300610492759077e-01,-6.831815114884650653e-01
3.718047095310052924e-02,-8.145671648986771984e-01,5.210156934686839270e-01,-1.690135866039984558e-01
1.604525891017737418e-02,-9.177956025725278466e-02,3.587705050347155811e-01,-9.224499260369534159e-01
2.342891760353871602e-02,-6.770868065572062389e-02,-2.562246355909351125e-01,9.548651943434371958e-01
-4.633114554477086311e-01,4.313840677563650083e-01,1.738538256507078661e-01,7.602068809939318550e-01
-3.747590264280077910e-01,-4.828390271034627701e-01,7.205603906199898878e-01,3.219904613008247041e-01
-8.158596717366942697e-01,-3.213227828224249905e-01,2.012242021550479376e-01,5.020855983965025748e-01
-1.305444345239038517e-01,-8.841541929333881500e-01,1.281973790228719823e-01,-3.695830875307690722e-01
-5.005087296753184534e-01,-8.106819484723963853e-01,2.213908863926181414e-01,3.493988704850807536e-02
-4.088515216412230008e-02,6.133893825582447112e-01,2.566746140144289257e-01,7.262090254633941644e-01
-6.214114698028028183e-01,-2.975198357894575166e-02,-7.573401641235831816e-01,-6.771656198920292247e-02
-2.152094790002796465e-01,6.347548511497007606e-01,2.391402321224678912e-02,7.227161035282059220e-01
3.114315178689190389e-01,8.681513744554989476e-01,-1.572728761213486870e-01,-3.463533909122047949e-01
1.698554307873427205e-01,-4.995402794386943901e-01,8.409487316816393054e-01,-1.236231737749294290e-01
-5.094848636849304002e-01,-4.861708889283478108e-01,7.142808666203478429e-01,-6.999890779836787091e-02
-2.923687178434051237e-01,8.180791323715731478e-01,-4.569516250086321785e-01,3.020444056052638132e-02
3.719869397396475819e-01,-7.466838378115577823e-01,2.288224613268952934e-01,-4.525866978107677685e-01
4.719593691342918729e-01,-5.171453267988858071e-01,3.219748360288008371e-01,6.162910274900266216e-01
8.118620077020123338e-01,2.107697561557229093e-01,-2.296399642218183990e-01,-4.276282843565553660e-01
7.378826167803349545e-01,-3.368581623097429145e-01,-5.035019203355960427e-01,3.751954185877645620e-01
-3.763415794416168914e-01,-4.938776593659724989e-01,-7.489189692030100431e-01,-2.229322957434277108e-01
-2.466386211957785971e-02,1.549615622752852362e-01,7.978239266414500763e-01,5.311758729952184011e-01
-6.147188960930655838e-02,-1.487402500860645072e-01,3.234382567871381120e-01,8.947217691748501345e-01
1.191117672020887142e-01,-2.884197468905108086e-01,-5.527339414659379058e-01,-7.620281282882720442e-01
6.842531283750840077e-01,5.190755675530716040e-01,5.292986911904131730e-01,-6.533022760240986271e-02
7.966842902622786049e-01,-3.022929022043986946e-01,4.667088165196270344e-01,9.360920419292744626e-03
-5.370020634705489071e-01,5.952176021258190897e-01,4.022670523445494029e-01,4.128459745655398416e-01
7.518379958108073469e-02,-2.901595065902203702e-02,9.140971362282328538e-01,4.464895117438062999e-01
5.470477188729633289e-01,4.462886013982390876e-02,6.812274918287709591e-01,3.995600753564185759e-01
3.284754171182202587e-02,-1.227035161206455338e-01,-1.118825937639974233e-01,-9.715306544357348306e-01
1.268863619636610707e-01,-2.963111640532853364e-01,9.370710441137900526e-01,9.095139447042357994e-02
-6.664034065275383778e-01,-5.729830090073255444e-02,-6.629012077646937451e-01,3.551487741261011299e-01
2.395619285306405111e-01,7.276547400676849353e-01,-6.335954889585430072e-01,6.749318611752885833e-02
-7.854123104399588495e-01,4.123295050790253269e-01,3.100591060566502133e-01,3.411880096003706564e-01
4.483577768193219848e-02,2.371248965227624461e-01,9.485484132212236297e-01,-1.355111066205242631e-01
1.206639205195872422e-01,-7.845359583231990008e-01,-6.218343458030334281e-01,1.079526412652296596e-01
9.146619123376812377e-01,-2.040615244261777816e-01,-2.128222056834474241e-01,-2.682313626813642160e-01
-2.226999325684206610e-01,1.138225923064820622e-01,-7.227555871413446908e-01,6.595568293549155525e-01
-3.431309656426691501e-01,4.013028542828868672e-01,-7.539151911955660479e-01,4.576393165141990904e-01
5.314300185151239475e-01,2.344752714438770314e-01,-7.428395897044226537e-01,2.305825103891833983e-01
-6.451022559795731581e-01,-1.708590465287453952e-01,6.096766870455125886e-01,4.955397070786529690e-01
6.996279084899915957e-02,-8.415147636057319636e-01,5.328587964041993086e-01,9.638049284319540055e-02
-8.423003673876180430e-01,2.491820043108827210e-01,-1.443686424125907586e-03,4.801899798802749531e-01
-2.986839710455116981e-01,-9.356481958672518973e-01,6.620493051837243736e-02,1.049542943740239681e-01
-4.875375315710228086e-01,-3.160148048336475779e-01,8.405440930588652382e-01,-1.006474705944726544e-01
3.835890966249062561e-01,-2.711723751933760029e-01,-9.307850898793494920e-01,-4.994087980161104889e-02
-3.687816919515685132e-01,-7.073238216441715132e-01,-2.463192887006394050e-01,5.517324195443857882e-01
-3.937583761460097115e-02,-5.693126863325923548e-01,1.798469732655532116e-01,-7.891742981210853047e-01
-9.521959878264323329e-01,3.368353076875323371e-01,2.388267436573486557e-01,-1.933050739750475679e-03
-6.101480154473977180e-01,-3.154580290777641571e-01,-1.458545540049520917e-01,-7.151286606380720112e-01
-4.057280411119841279e-01,3.865319368040703307e-01,8.432539308038338177e-01,-2.358581346892686392e-01
3.727411520203224859e-01,-8.201021232723636478e-01,3.038632739480326972e-01,-3.109627236911923776e-01
2.277107952830060844e-01,-1.494032568146103634e-01,8.261476826163891563e-01,-4.634665603064664352e-01
8.962035963695148544e-01,-3.878940957498606679e-01,-2.533808899983861496e-01,-1.700867267073612188e-01
-9.578288509691460506e-01,-4.850376905868054173e-02,-7.823218897776838821e-02,3.541016177309078139e-01
1.121159890485878829e-01,5.038291365536163857e-01,5.731897559808175613e-01,-6.359424702504540283e-01
5.347288290242357967e-01,-6.848517237483136011e-01,3.227159992499691876e-01,3.706508301691456286e-01
-9.163462335714935847e-01,7.606495885902685161e-02,-2.171516963717075033e-01,-3.711217186406240431e-01
7.458081035726774610e-01,-3.821659906394568318e-01,-4.486935916046871919e-01,6.717757073529465051e-02
5.165883221230431754e-01,-1.114948234797459303e-01,7.610979952552955341e-01,4.112112895925610356e-01
-9.185205651490215839e-01,-2.466294625889618175e-01,-2.386209590833919536e-01,2.321843572286365343e-01
-6.663937352421811511e-01,7.073695575716320016e-01,1.510830549093842567e-01,5.787772343816104115e-02
4.430570915531227283e-01,7.794903567110696985e-01,2.927988713747314287e-01,3.262542820364811025e-01
2.150012068964187451e-01,-1.695440115551097582e-01,-4.855904212173913770e-01,-7.618786853214659649e-01
-2.655691407428332762e-01,-6.202591768354711599e-01,-6.417028908124731978e-02,-7.117426276666910523e-01
4.504652958489488990e-01,-9.738200007652933476e-02,2.722577970950794124e-01,-8.724524093443867256e-01
8.427137064857261883e-01,3.564916639647918717e-01,-3.318037744059433303e-01,9.229034146546935546e-02
-3.111066830441358011e-01,-5.432029697479254793e-01,-7.535990493694684211e-01,2.478612104906273150e-01
-3.022814793107822529e-01,4.428773627540809610e-01,4.871949903590532815e-01,7.011521482569469388e-01
-6.430660607379897753e-01,3.777124415238226063e-01,5.174444103990548660e-01,-3.266406455199242775e-01
-3.803396847955800020e-01,8.706627134943442092e-01,1.193162674021368830e-01,3.244736350928671409e-01
-4.605331959176558465e-01,-7.714097934670781642e-01,-3.558742521338941200e-01,-7.748347448532191817e-02
-4.584208796967152444e-01,-2.997386607435661987e-02,-7.786931221705825079e-01,-4.353247393261008291e-01
5.209336650153084669e-01,4.129866763563608822e-01,-2.854427128434262051e-01,-6.736820336144556665e-01
-6.838546925706487922e-01,-2.680069265192350780e-01,3.676772658344122924e-01,6.383145976716336767e-01
-3.002330512889910263e-01,-7.907392813275128107e-01,1.230517047143646348e-01,-5.165305530053547756e-01
-2.635402234630003226e-01,8.342971803850431911e-01,5.141713670492055188e-01,1.099995861130939612e-01
-7.152542239281269865e-01,1.264469756010307144e-01,6.321747523430127913e-01,-2.317986545867225523e-01
5.784191934134030877e-01,4.857731515512740406e-01,6.537300535056692619e-01,1.467965186869115146e-01
4.228931423041091819e-01,8.392986151643457848e-01,2.575708897292656174e-01,-2.350772018168166000e-01
-2.956784929012487573e-01,1.690309404836085050e-01,-9.491789203842542211e-01,-7.869730144986561426e-02
3.690281385052325280e-01,-6.905090683407884011e-01,5.035546650984561445e-01,4.045971071418029696e-01
-2.840625715941793583e-01,3.368433764473899861e-01,-1.941548773757723056e-02,8.681640022064402995e-01
5.555556958118261779e-01,-7.742291421811094976e-01,3.173515610358294547e-01,-1.210789957502682729e-01
5.183165382501069701e-02,-3.614885120252923634e-01,8.117701003072073096e-01,4.819016336720207683e-01
-4.075675204801770257e-01,-8.265585161775124146e-01,-2.261231892486056660e-01,3.122541169025746521e-01
1.689445463845389572e-01,6.689786083104769521e-01,3.887737629730799727e-01,5.780474215238533553e-01
2.182930372757249382e-01,-7.929763664334458229e-01,-1.423159448258109194e-01,6.076888876652465354e-01
9.208856973432981430e-03,4.024322818219717157e-01,-3.115669717758655088e-01,-8.920961707339283286e-01
-6.762145733599179975e-02,3.515831679269223464e-01,-8.809234139179664691e-01,-2.311876119464360002e-01
-3.947787942669448991e-01,5.060564485733898277e-01,-1.515195541718486749e-01,6.922602078656595603e-01
5.355344448350579656e-01,-2.940684679808511226e-02,-4.081484650538044212e-01,-7.324021445900019689e-01
-5.632069569723612279e-01,-5.677793434721197796e-01,5.475667914386018742e-01,4.232005114398679213e-02
1.748617970333669336e-01,-7.859027133610140270e-01,-4.547358840296721327e-01,3.265847141837044387e-01
1.794412843179533645e-01,-8.504080573933427145e-02,3.214292467019099209e-01,9.060627473350578720e-01
-9.330992000555629606e-02,6.186364627274066469e-02,6.420217324322974317e-02,1.000633422761626257e+00
-9.256265497599963643e-01,3.018180044080425728e-01,-4.330747993106857235e-02,2.878832642083504756e-01
-1.425632649141519992e-01,-3.247387065440831416e-02,2.015274630055846339e-01,9.664510166236831568e-01
6.423578943384421480e-01,-6.360568424927706133e-01,-3.520597472620071722e-01,-2.806814349683194876e-01
-7.745447033518991775e-01,-1.715968419224349062e-01,3.141288285345509856e-01,-5.556585746095803469e-01
7.563355011010386431e-01,2.728526365986164715e-01,-4.981644161027453110e-01,-4.506168562221613688e-02
9.135803714704896494e-01,3.760692045294742880e-01,-6.550606023233172814e-02,-1.114815794842201196e-01
6.218176946071004435e-02,-1.605235423007124185e-01,-6.863001945320017505e-01,6.936251418167798111e-01
2.840795470516592758e-01,4.606497555220014362e-01,-7.516342095659889200e-02,-8.477849085800074347e-01
-5.626466023238932412e-02,-5.614521259751943383e-01,7.237431873235203872e-01,-3.746146935032659830e-01
-5.993402780198848756e-01,-3.018321478341064457e-01,7.740125078194987074e-01,5.257977199892857612e-02
-5.882761463584059713e-01,6.433553942138359183e-01,3.504969732803580595e-01,3.120961841060832520e-01
2.377071985101101848e-01,6.855130605424514245e-01,6.218218140755222834e-01,-1.995802193383365286e-01
7.385780254166061098e-01,1.369263471257936848e-01,2.204809598885774380e-01,-6.828611100327413030e-01
-5.112834196265896025e-02,-4.981222669888908383e-01,5.136402660035906953e-01,7.036018651968243276e-01
-8.488247296855236934e-01,-1.572799470140487724e-02,5.123029371617613403e-01,-8.638384993848646776e-02
8.472131969869215462e-01,3.573237523066027932e-01,3.267846104021684406e-01,-2.141088307704514804e-01
-6.829189371946816633e-01,-6.621783449043769920e-01,3.473007700462473202e-01,7.728308220884688717e-02
-7.174710616671065022e-02,-3.183923696769976885e-01,-2.466388314801534198e-01,9.009466321423673651e-01
-1.875503822405482079e-01,-8.881320996872326123e-01,4.674572120564725597e-01,-9.194891301061788869e-02
2.846703651528611698e-02,9.439857626518323164e-01,-4.581976280405795909e-02,2.530572937979437276e-01
-5.230037729573167038e-01,-1.224089758495613411e-01,3.001623442164731981e-01,-7.642770750652926326e-01
2.068995527595612061e-01,9.445928597687104633e-02,5.548759078192541661e-02,9.538835624579274919e-01
2.143879026906016783e-01,7.852949128763293540e-01,-5.657401729008431079e-01,1.323542603095057557e-01
2.811210745556564153e-02,-3.855058502006102894e-01,3.472889704747145201e-01,8.518181159840688688e-01
6.053836006905041756e-02,5.944572994869681271e-01,1.037745523893476712e-01,-8.316881046601737326e-01
-5.990321998080558874e-01,-2.517276741805776763e-01,-5.330433740224932437e-01,5.756147396797617333e-01
-5.749057610948279939e-02,-2.433345502107591707e-01,5.963889503320979335e-01,-7.625242040289861301e-01
-5.078376222802458706e-01,-1.588570486594182568e-03,7.012596350659657807e-01,4.083407385977051440e-01
5.094571075588953946e-01,7.317551741238856322e-02,7.004470490922870551e-01,4.920154615450854085e-01
-6.449860385919236050e-01,3.516871196583648551e-02,-7.193488821517026732e-01,5.454505859796616313e-02
-1.346133740299162163e-01,8.616647514542127295e-01,-3.823986478715812182e-02,-4.556944995180413072e-01
-7.597026455813038481e-02,2.372542667764253044e-01,9.284024034072682063e-01,-2.828042920795659221e-01
-6.739860975752166583e-01,3.323892552545503754e-01,-6.111369229055945151e-01,-1.527214426354986110e-01
-2.160057797330271478e-01,-1.231752664489793037e-01,7.023545037691197868e-01,-6.445711178954385279e-01
-7.077840490770125337e-01,-1.202249507036640408e-01,4.222748449341897081e-01,5.118176667256965073e-01
4.332643243511984932e-01,7.024981668223942988e-01,2.663116888845174501e-01,4.732399844019251622e-01
-8.216112637178697442e-01,-7.620532800541209018e-05,2.356276600529587373e-01,4.428005059685307110e-01
-5.094468285856087464e-01,-5.236705089609839936e-01,-4.715623829369742781e-01,4.588976999011402103e-01
7.094577199750365937e-01,-2.757062881198291682e-01,6.095349674840268017e-01,1.462727598872214929e-01
-1.033923657312466049e-01,-2.368201053825729763e-01,8.108964811339474110e-01,4.644817195600622894e-01
8.646988798394182885e-01,-3.570710725216469372e-01,2.210149900918239319e-01,-1.631094557531610478e-01
-2.697016520301257492e-01,-2.540769932728111774e-02,3.750769948545214227e-02,9.754504193038749937e-01
-2.640321800464338897e-02,-5.057074912700321168e-01,7.374058394450397347e-02,-8.568193470427695191e-01
-3.731918437335682293e-02,-3.371027871298322431e-02,6.040092770117237997e-01,7.966598859457889592e-01
-3.108855599245872736e-01,-1.435414616022255563e-01,-5.490057482263124289e-01,-7.823327496552249238e-01
2.001757288465982054e-01,-7.702665554867832443e-01,-2.224121975844938759e-01,-5.329393525499371842e-01
2.338945900490034813e-01,6.353717114643875341e-01,-3.844330099487587304e-01,-6.140167626122149391e-01
-1.441804301747751926e-01,7.251184293524988098e-03,4.736881285212026782e-01,-8.386658030233355987e-01
-7.174161537209935990e-02,1.446216021806471796e-01,4.727245753477659074e-01,-8.723446238788422624e-01
-1.430156208996755940e-01,1.205744432862275312e-01,-4.674533902407571606e-01,8.657104666088931699e-01
-6.066978450582971583e-01,-7.316853368592513007e-02,5.228441359851324632e-01,-5.666779737113993853e-01
-8.292782084668145481e-01,-1.881491315281704213e-01,4.517450109156346816e-01,-1.527678062043903440e-01
-5.954241744479930043e-01,6.366297860035918799e-01,-2.745951358661630759e-01,-3.727729665280403171e-01
1.093053152189695093e-01,2.647562000484808276e-01,9.277310290649483093e-01,3.604512336906749437e-01
7.044265048985236533e-01,-3.358317103542538540e-01,-6.212784078341589966e-01,7.118885251219909949e-02
1.394217322099455536e-01,-9.180992619890638862e-01,-1.457199553356937627e-01,3.821442281481343684e-01
4.955077485959281103e-01,5.717499243427297539e-01,3.266948966963049705e-01,-5.596009208145127367e-01
-2.043434597422379151e-01,-5.584366237558608947e-01,8.069817137910401117e-01,7.000470589697815882e-02
-5.030664670999228372e-02,-2.787835074594289253e-01,9.049607302059202718e-01,-3.173954842793154651e-01
-2.915939750424845767e-01,3.008637045230057594e-01,4.539604455586502829e-01,7.708120415408735715e-01
8.130846557363434757e-01,2.271667369741345865e-01,-4.687527994680273369e-01,-7.257601507878046199e-02
1.365851547641374619e-01,7.385779688802257548e-01,-4.922217247825856901e-01,4.658442149350146555e-01
1.852877666505186594e-01,6.799990070284026578e-01,-1.140460293517469442e-01,-6.748779685514985083e-01
5.730596421571692023e-01,4.119890104485200988e-01,7.146953607701216349e-01,2.926593264153366791e-02
-2.775982349716789033e-01,-8.026674770075596932e-01,3.677617750924171425e-01,2.431683017766404498e-01
-4.989218333346256418e-01,-3.144452309427592240e-01,-2.692505271170428927e-01,-7.413898803513256919e-01
-4.601184437184527853e-01,-7.048830152869646204e-01,-2.702562956961787055e-01,-4.498010691809539718e-01
-5.795102892754786517e-01,6.555327871782519189e-01,4.301462057083892399e-01,-2.463395005057635312e-01
2.179434498852628466e-01,2.558780629774465853e-01,8.283316937728909535e-01,-5.266082322400074123e-01
5.859561064511326078e-01,-2.841740189494025848e-01,-6.701921969414680325e-01,4.105153385293199841e-01
4.503904383582064685e-01,7.843712235800881505e-01,-3.637807791360076481e-01,2.431653348060372755e-01
-1.664241834564353928e-01,3.646468726379876735e-01,-7.293640247223316386e-01,-5.807173234006212104e-01
-6.040777775586060327e-01,6.190122378754646382e-02,-5.462012886219296259e-01,5.663300463115147343e-01
5.116555749412236009e-01,2.112480732905169245e-01,7.608137341327468883e-01,2.319579553135117378e-01
-5.499301246277705779e-01,6.712544847258258285e-01,-2.868028549200862809e-01,4.716915596257868493e-01
6.409587208610308950e-01,1.674084475413760154e-01,-6.355718835338074468e-01,-3.675263317562657006e-01
8.366623193123731150e-01,-1.576699280342043763e-01,9.685102221144867296e-03,5.244017648610896920e-01
8.667256787370217763e-01,2.863638184193342817e-01,-2.657857505553800626e-01,-2.687681581039158552e-01
5.789089171350902951e-01,3.433698912055233032e-01,-1.937778631949759467e-01,7.108768587922330573e-01
-4.113564449264781736e-02,-5.508184640811452093e-01,-4.947290534983164179e-01,-6.025685854489235549e-01
-1.404562851534569556e-01,8.325428066572722052e-01,-5.357193201171417396e-01,1.211015330774281445e-01
-3.775323056742659333e-01,-1.650639557276271374e-01,-9.492516148817873312e-01,-1.123534527276464634e-01
-1.227738174018602330e-01,3.994657380975802363e-01,1.530093786621711249e-01,-8.998020111966248402e-01
9.911132988988916592e-01,1.530733466388123909e-01,1.441138987082161982e-01,1.787363080871014198e-02
-2.321133345065067022e-01,9.080989659809281245e-02,2.276859191060985332e-01,-9.247772469037107701e-01
-3.614937943997632019e-01,-2.124790749300854709e-01,1.733108619874351997e-01,8.940908393353981243e-01
-5.165905168574982387e-01,-4.130566881246840460e-01,-4.071588281501083428e-01,-6.200873032874081314e-01
-2.208971888562521191e-01,4.998500605631152061e-01,-7.731685716566554234e-01,3.515602803564855661e-01
-6.378328098967906978e-01,-2.319686602010958554e-01,-1.474026924329705779e-01,6.865632532111982655e-01
-4.568042732852710397e-02,-6.975310873514108945e-01,-6.668410970850383590e-01,5.102753994525220660e-02
4.705530901853943737e-01,2.562575707330465580e-01,7.738163707120113144e-02,8.368236650210865157e-01
-2.190387060036632361e-01,4.350981806877428082e-01,-8.034287971198948997e-01,-4.409472833616016607e-01
-9.896384009238893276e-01,-1.499387275853471813e-01,-7.062956679241805258e-02,7.533164412940807075e-02
7.254938228985775839e-02,-5.511218686828774915e-01,-1.105475811720901813e-01,-8.485917774240943068e-01
6.227356007371244173e-01,-1.237491156177724649e-01,-2.504642957136855586e-01,7.581748449240954812e-01
-6.130635865491099734e-01,-5.617835153174713936e-01,-5.686095150570088519e-01,-2.560310137406238140e-02
1.357499540318627684e-01,2.136530483607298192e-01,7.342616357018481033e-01,-6.087599006205927088e-01
5.777797214078570498e-01,-5.057635247543608159e-01,-5.279006792869893605e-01,-4.879632778919006375e-01
-4.347744348674678072e-01,8.360203528168543841e-01,4.137183308326762843e-01,3.127260990102626731e-02
4.337592064651816237e-01,-4.446034926827809874e-01,-3.765459722867585679e-01,-6.399817356571981808e-01
-9.786040730903936558e-01,2.040860096308818317e-01,1.376911418148928368e-01,3.047942230781818251e-01
-7.523814061382404494e-01,4.466318665872316962e-01,9.812721084825118401e-02,4.335065515078800891e-01
-8.239720009109817722e-01,1.466087495394323426e-01,-5.571313814779679241e-01,-1.403858376046481504e-01
5.627834401825693167e-01,9.462254501371590576e-02,-8.266686538161994724e-01,2.905042380819165826e-02
-6.533827246355042861e-01,5.506079103283914034e-01,-9.008720702519745771e-02,5.201789791101840699e-01
-3.522079702423276393e-01,-4.060441856804713479e-01,-5.128292274127165262e-01,6.532060289077856741e-01
-3.142115069896266877e-01,2.824308181311752097e-01,-1.956153320485264357e-01,-8.586081936407461423e-01
-3.158855529468206358e-01,-6.743805617483521475e-01,8.751012995069692296e-03,-6.280775115564920519e-01
8.246336126494487884e-01,-9.263344810360776838e-02,-1.670474514399227228e-01,5.813609857751157461e-01
4.756576112635769182e-01,-5.667947263703245614e-02,-3.392101010305452191e-01,-7.915117718872843877e-01
-6.906099775282634745e-01,-7.172564398324671187e-01,4.487102911730533189e-02,-2.836549372996388652e-01
4.568998133164469122e-01,-4.121425097352406919e-01,-4.027276910584758757e-02,7.737889941690485607e-01
4.322052250373854543e-01,-8.788070408349263340e-02,-6.661239219787725707e-01,-6.421789977761612755e-01
-6.618690803480713480e-01,-4.477504656906508562e-01,5.822172367932860748e-01,-1.058897049276751878e-01
-4.546839935212666495e-01,6.910492574151183565e-01,1.447239844422122945e-01,-5.105742591749037329e-01
-1.993109272443072955e-01,4.415822985625531688e-02,8.734027527130546753e-01,-5.288259337071418154e-01
5.391434223275461957e-01,7.180894301874791719e-01,-3.567775899143361684e-01,-1.363816471446514800e-01
-7.574488278157549548e-01,-1.804191744478490511e-01,-2.725206800829457765e-02,5.755076802093791466e-01
4.519714968666123656e-01,-3.469417028570419559e-01,-8.375569955637182096e-01,2.408404982458273169e-02
6.139738586082758021e-01,4.117521642640115109e-01,-6.374971599741220407e-01,3.265143670037721213e-01
8.957052515898564771e-01,2.138025499528065365e-01,-2.210565672592270936e-01,-2.783796546674880412e-01
-4.925898460839053805e-02,1.036007753207921267e+00,-1.099385980267584134e-01,2.274903731046618027e-02
-1.877908116878668765e-01,4.585661620250237602e-01,8.234772571006174768e-01,2.276079574001544925e-01
3.542091808952071985e-02,-3.615102760269033044e-02,-9.421114389437665881e-01,3.178240647783704409e-01
1.924986192676795826e-01,4.160788047146945501e-01,-7.933968533377384613e-01,-3.727632312902700029e-01
-1.458394967901195105e-01,4.438842446018284593e-01,-1.538418149966116477e-01,8.584773724287018126e-01
2.959242534639266453e-01,-8.548807627879333459e-01,-1.267939899745591237e-01,-4.283752204968188093e-01
-7.514949873157293903e-01,5.673845321437847034e-01,2.514061985084931616e-01,2.190393475337649165e-01
1.259660182496104563e-01,-8.125524522714775433e-01,-2.768227285666117754e-01,5.429012067462199997e-01
-3.665033849076826944e-01,-9.497551573312275064e-01,-1.145777358378202160e-01,-4.576505107450430654e-02
1.915363279189124801e-01,6.561464067248985454e-01,6.213911175305720791e-01,3.307551917071474556e-01
5.449436982607729352e-01,-7.351806272062376690e-01,2.233370984606674603e-01,3.154069150693935564e-01
-5.331812427521467335e-01,-7.109655294979951856e-01,-3.304800634480722366e-01,-2.829824704325870077e-01
5.339861533585645859e-01,-4.595310714577428013e-01,-5.855257103513025196e-01,-3.750660238933213875e-01
9.975390570056289485e-01,1.913492542647783623e-03,-2.085761037096110770e-01,-6.342348128060171231e-02
6.414901891699029690e-01,-3.973294773338166275e-01,6.231718772834147213e-01,1.534954357303272288e-01
-1.053205393425312927e-02,9.041260339293243353e-01,-4.041045491774956089e-01,-1.212302431611580467e-01
-4.108159104709785403e-01,3.293631088987890587e-01,6.050718115355601112e-01,6.300372858059301029e-01
5.638817705723464524e-01,-1.111409033638325605e-01,-1.570703286103963814e-01,-7.717666770057504122e-01
8.281084888109174758e-01,1.609650833313783780e-01,-1.949565965708501269e-01,5.103184279318765393e-01
-7.674567861906084199e-01,3.239712547495089412e-01,-1.399034977184680228e-01,5.694631893863796313e-01
-2.653977414250387537e-02,-7.984660566380156199e-01,5.333825520651305774e-02,6.350683730185818776e-01
1.390667836481872602e-02,5.410390078824418580e-01,-8.011799401444277269e-01,2.168049199552610912e-02
-4.608943579343222630e-01,6.131775011785941532e-01,-8.960588868873468199e-03,6.341220577683466253e-01
7.244968195143474121e-01,4.015301468425727105e-01,1.319191240266611720e-01,-6.022225130908274160e-01
5.014890170774750217e-02,-7.635322680758765967e-01,-4.775167841261719337e-01,-4.481177875922144338e-01
-3.654474465321153054e-01,-8.872827161585377098e-01,-2.532924088121996653e-01,1.453621101311800001e-01
-5.066730551583578102e-01,-3.966711320394521179e-02,7.433970805452958519e-01,4.236329056427706186e-01
7.545129463391363478e-01,1.705990641257554286e-01,5.060651478417520499e-01,-3.166290507344409200e-01
-1.694569972522516066e-01,-8.147301785617114822e-01,3.763310765652081447e-01,4.533946356560069058e-01
-4.622549716611663584e-01,-2.599041037719846958e-01,-7.234073133215422891e-01,4.274420381241355038e-01
5.625006914834156380e-01,-8.084646909180506213e-01,1.811522288540702297e-01,-9.704512529196460124e-02
3.149720760196385028e-01,8.354216156811371530e-01,-4.054012181663762537e-01,-7.851239696587163086e-02
-1.406846971180205907e-01,8.824014930978395510e-01,3.652719073153673501e-01,2.610586711822088790e-01
-7.918626202124569025e-01,-2.550104706572657864e-01,5.594791133703415076e-01,6.778097057327031605e-02
3.570401121536906364e-01,7.963187045814582588e-01,4.854360595890501173e-01,7.340150434416892189e-02
-1.277514382952750494e-01,-9.822995337917399539e-01,-5.963239104168312210e-02,-9.907778111365826701e-02
2.198716237762911307e-01,-1.109210287296319708e-01,-1.715012616547220703e-01,-9.535406576976103166e-01
-4.931661166994292245e-01,2.275983432990009159e-01,8.419852167381063346e-01,-1.527054205689268654e-02
3.108944355634370993e-01,6.904379416138322068e-01,-5.761988781861464570e-01,3.012031516031731249e-01
-5.994864706853360037e-01,7.092738719145016413e-01,9.970530202070983228e-02,2.945868535559733603e-01
-3.166061734061061395e-01,3.004255658881109792e-01,7.916686582076983836e-01,-3.550924604438773780e-01
-2.676542418015516178e-01,2.215451033707550033e-01,7.594803578812523437e-01,-5.400541812992752932e-01
-7.848892742717714643e-01,3.830045545231551274e-01,2.051171295874218148e-01,-4.917481386538563592e-01
-2.049403323890373607e-01,6.781988022631241231e-01,5.922311268134445861e-01,4.223518937175635979e-01
-1.306455710615071764e-01,3.933329307104402317e-02,-1.158131409080661450e-01,9.928743719661339284e-01
-5.451393447026313677e-01,-5.500598145514307147e-01,6.368850063501766412e-01,5.951994217222789617e-03
7.995804685462667427e-01,-4.245546140516721634e-01,-4.441088777401530630e-02,-4.661932092477670819e-01
2.149833097010911409e-02,-7.264153165458898664e-01,-2.522057844758635037e-01,-6.622129967253040927e-01
3.078567764072353552e-01,2.801971843379947313e-01,-7.541881499104593489e-01,5.796509941975609426e-01
6.496012559749410054e-01,4.021872473217681654e-02,-1.948601733075142062e-01,7.183142885006577050e-01
-6.683544599568153055e-01,3.451267624269509400e-03,4.333862675489111305e-02,7.263211606710457957e-01
3.536828143315778883e-01,-4.511712020518447996e-01,-7.744385531524095034e-01,-2.401272392639922648e-01
-5.399886203683441632e-01,2.269605550541102176e-02,-2.916211428909001313e-01,-7.807065828830764831e-01
7.102274529734883268e-01,-2.408329843245985702e-01,-6.910682551371056803e-01,-3.636882393573309669e-02
3.264397487428363082e-02,-8.545579647658296807e-01,1.479896293133307894e-01,-4.534984749696844286e-01
9.061613627289563100e-01,2.575836165852057325e-01,-2.051346143364131680e-01,-3.298897105980911904e-01
-8.789109127933637799e-02,9.591299253571897721e-01,-4.378154985827985290e-02,-2.227134578368303308e-01
5.317589604448993978e-02,-2.895937619513556660e-01,-1.689473146631230993e-01,-9.709167945645201803e-01
4.304748440183674973e-01,1.445353954262016960e-01,-3.514602373693452297e-01,8.687163023115453964e-01
1.235510888839742305e-01,-7.327312872698069635e-01,5.930239277261841746e-01,3.022047521483267607e-01
5.583345931934016182e-01,-5.385155967051340475e-01,5.319662738951166370e-01,-2.321873511866207607e-01
1.992094585718730548e-01,-7.296887802904078457e-01,-1.295454023435628765e-01,6.497285920217908961e-01
-4.637884539472654777e-01,-3.758953350958679218e-01,-2.754929033654295867e-01,-7.177903592301598801e-01
-1.002740539247772178e+00,-1.264572124010542309e-01,5.766019774653916019e-02,1.858306352178114296e-02
-1.003513439763752957e-01,2.167632569904910655e-02,9.929589495131010413e-01,-1.013789205591057035e-01
-2.905267931570055806e-01,-2.134835517945503358e-01,3.257055450163650057e-01,8.555506967838962806e-01
-4.914518142176279025e-01,8.308320752644846041e-02,2.801555184613390148e-01,-8.212360464298612550e-01
3.689617913097861107e-02,-6.255941405773129960e-01,-7.674389631221947283e-01,1.563146017443068636e-01
-3.751307896219241433e-01,2.050844732450724517e-01,-2.881943359397545062e-02,-9.171687303848182760e-01
3.324411937837970510e-02,-5.828917930131213287e-01,5.680151138891647022e-01,-5.628721017118687442e-01
-1.077179659390226363e-01,-8.967066300580882610e-01,4.504691671488562088e-01,-2.257657691644207043e-01
-4.339641656302986039e-01,7.382426822144423362e-01,-4.114646856704065603e-02,5.082424743127362810e-01
-5.486219426630237761e-01,-8.193785230273411546e-01,4.564855957045958063e-02,-1.359642260703485261e-01
3.478841196668047142e-01,-7.971437549511578569e-02,1.171296224091995519e-01,-9.148578019421681473e-01
8.987029560096432279e-01,-1.242395026265902258e-01,3.187616275795944754e-01,-3.623096609295854975e-01
2.328387971110559007e-01,-8.822979735007138169e-01,3.149486184017440404e-01,-1.788030810131041315e-01
9.657274145578176316e-02,4.564571762072442418e-01,-8.226768329593298068e-01,-3.973499396840274867e-01
2.255607637886715144e-01,9.652304095648991389e-01,-5.073996461055423068e-02,2.886950391262247950e-01
1.874153543402052452e-03,7.066409737466016194e-01,-6.742043038516942755e-01,4.166295006111728205e-02
-5.526905655064456857e-01,-8.316776030563570732e-01,1.082191132451640059e-01,7.683297276344586146e-02
-7.328484081135672179e-02,-7.125386244390152779e-02,9.712945492227543776e-01,-8.239386585940301766e-02
5.962368787265807102e-01,-6.975104658058418616e-01,3.148453292827906869e-01,-2.218469056226315128e-01
-1.745791058816804631e-01,8.115689530290487452e-01,4.817747048147261735e-01,1.034326671816239718e-01
-6.406869649420646740e-01,-1.159516492412312194e-01,7.889056511865772947e-01,-4.570196771297888039e-02
5.738897385500090209e-01,7.179469544463163988e-01,1.187546933220063744e-01,-3.839648403175657809e-01
-8.946764294405005202e-01,2.467425537996524587e-01,-3.240561565512258269e-01,9.401519800065689936e-02
-9.532941815602039570e-01,-2.400608746806458804e-01,3.719991852968378143e-02,2.996290793368084904e-01
-4.184591715244522225e-01,4.728551229061012107e-01,-2.949233317988822489e-01,-7.143720457410979163e-01
-3.391022366317063969e-02,-5.081706761980941955e-02,8.504900538818095657e-02,1.022755880025681519e+00
-1.044126983784175872e-01,-1.112406170955438367e-01,-7.854022485975938883e-01,6.205068875521700944e-01
1.183224551506196903e-01,-1.913978488043703019e-01,-7.758712758169360457e-01,5.909144496534800561e-01
-6.850716576115378764e-01,-3.537526725754993606e-01,1.829860647030955023e-01,-6.645209407394042644e-01
-5.113385599937404491e-01,-7.831981033588804042e-01,2.691597755115979762e-01,-1.924684877568102748e-01
8.560003666051347881e-01,-2.986178824471767412e-01,-2.969939153056029846e-01,-1.676046848053596716e-01
2.163329197657547776e-01,-4.070513348250331398e-01,5.101874807500336173e-01,-7.526417356854264717e-01
-4.290540442231214890e-01,-5.568929198221485022e-01,-6.961120441670183290e-01,-1.835353388393133889e-01
-1.127043270449099993e-01,-3.033795034291693060e-01,5.866796296526045618e-01,6.509561453397042508e-01
-1.931501686774757531e-01,-9.090124070000202838e-01,-2.741071570393696089e-01,-2.652875040861321643e-01
-4.729709601684468634e-01,-5.846959766775425837e-01,-5.268845669935973142e-01,-2.469414970165195455e-01
-5.371210911094560503e-01,1.681514873234472573e-01,2.915383172650555244e-01,-7.771665034115410320e-01
5.603359952855117010e-01,-4.253864514324808277e-01,-6.611820011268478847e-01,1.791784261673628198e-01
-2.729208343595571074e-01,7.990816591112698264e-02,-8.123841621747772690e-01,4.663534108913426346e-01
2.547100600295909012e-01,-5.099692727231985856e-01,-5.204946997682843302e-01,6.052723262843388019e-01
-2.634742396996687108e-01,-3.596036624784849089e-01,-9.134510424477990664e-01,-1.164257434056427398e-01
-7.126312712345472811e-02,3.366642835799895095e-01,-6.584694219288877992e-01,-6.490816438926340082e-01
2.603507573897432259e-01,4.491109386758795341e-01,-6.841022862415703232e-01,4.882404899199830339e-01
1.586268160698331431e-02,4.051452230842516600e-01,-6.282567632306260141e-02,-9.230527898815276133e-01
-5.165763968587520905e-02,7.550574105795431201e-01,-6.490451652514174219e-01,-2.423258612108761256e-01
-2.339394208202697292e-02,-8.680709792633372057e-01,4.699497032840184163e-01,-2.415269416364964339e-01
3.898868795507218765e-01,-7.698844936117260618e-02,8.411082697868557112e-01,3.103142591457403454e-01
-9.392345792003833904e-02,-4.559877580629936866e-01,3.612468625791345755e-01,-8.120046523043690234e-01
4.025705290318009610e-01,-6.232670152628984050e-01,6.572411781727807156e-01,1.374054982534269609e-01
3.533653508560916645e-01,2.940446006804392845e-02,-8.224342651102893864e-01,-3.857224119746307522e-01
4.967494920742969167e-01,8.825699529461941695e-02,7.664866925252235008e-01,3.334023378064443488e-01
-3.535966303719252912e-01,-3.131219592993018663e-01,6.688643817357074750e-02,-8.858912323941048328e-01
6.136635560444456683e-01,1.647666063278032111e-01,4.592727523673861834e-01,-5.907508259986040677e-01
4.442742107874209090e-01,7.452262474729844932e-01,-4.667452783278289719e-01,2.712890595562648111e-01
6.221795673651827480e-02,-8.551695245809871615e-01,2.521638105069200497e-01,4.262362203761390633e-01
-2.399470363625911540e-01,4.481287775816613084e-01,-6.400617901760540240e-01,-5.894167669051435521e-01
1.665323214374431759e-01,-7.369559007123019541e-03,-6.182369603952757586e-01,7.283801252192825260e-01
4.872092174718247737e-01,6.670541364646217497e-01,-1.134874532503278299e-01,5.440100739791065010e-01
-1.261343233405058939e-01,6.600818514593496111e-01,-2.699873716124528422e-01,6.964762999055427173e-01
4.177294853196472646e-02,-7.167589184000964231e-01,6.917309386387470171e-01,7.650058656749220143e-02
5.528510646724364985e-01,7.153343204058835170e-01,1.933451695785848856e-01,-3.382612489164508740e-01
4.440021311751523037e-01,5.823521751454150547e-04,2.536719198492392024e-01,-8.614954496417220886e-01
2.722404892346015903e-01,-3.449023431749211888e-01,8.181481293072216943e-01,3.284572445407688557e-01
1.643543660559272090e-01,2.410924422197542327e-01,-5.038998153759162157e-01,8.392310459020818625e-01
7.147671665564563348e-01,1.618686809388997228e-01,5.853091676040735880e-01,-1.875102853494768629e-01
-8.200814395808179169e-01,4.641837328274028840e-02,4.320341923509215531e-01,-3.340523478873002050e-01
4.493917461471871322e-01,2.208122136376575451e-01,-7.650657648509310294e-01,4.055758028351945654e-01
5.135261519474765279e-01,8.256180411764689475e-02,6.323177831049523467e-01,-6.228287995223629192e-01
2.806092294868298143e-01,-6.290046736715358966e-01,-5.847543606079693701e-01,-3.112950946479784431e-01
-6.446902431103592734e-01,-3.922936612679366331e-01,-1.728926622675314440e-01,6.511432603807265629e-01
-1.269768278170196329e-01,-7.285607423130426863e-01,5.106063408610836962e-01,-3.545423923569137603e-01
-1.265106338168835165e-02,3.329429407362899940e-01,1.352012753222482377e-01,9.447099435712736915e-01
2.440707585947183011e-01,-3.598697266753649870e-01,8.922571067002269540e-01,1.096557437682338376e-01
-6.903394116520386592e-02,8.923151859705077404e-01,1.589730860087377462e-01,4.232232665112396486e-01
9.772845828023446479e-01,-1.048164195670867882e-01,-1.332488677155013457e-01,8.334303744601896657e-02
3.832927377185725293e-01,-5.424118171519601850e-01,-6.901853474472069427e-01,-2.156901053454671202e-01
-7.793083832156435520e-01,-2.155864148430235716e-01,2.525061515410758073e-01,-4.533002513126638267e-01
-5.998809193941814222e-01,1.829414456691896146e-02,3.752167985443659592e-01,-6.839924619668462658e-01
4.365010133971002904e-01,4.099648038164069308e-01,4.450146363452998632e-01,6.400960749261375149e-01
9.811156740305636559e-01,-1.526814360051267083e-01,2.128378145920079359e-02,-1.607819328693252392e-01
5.878462596394351536e-02,7.107458703401638989e-01,-6.226770841596799277e-01,-4.101400451765635502e-01
7.658240496526111940e-01,4.922904774854723886e-01,-1.988225766808294770e-01,4.457198756010122831e-01
2.217163288443936564e-01,7.927915922685518924e-01,4.623094056682618830e-02,5.620501363458993982e-01
9.355400207510267130e-01,2.365404860213282390e-01,1.229168301665041138e-02,2.696475073482724749e-01
-1.447681417080232125e-01,9.961309322342607464e-01,8.538268749689689741e-02,-7.040517355447711845e-02
-4.826699856664767307e-01,6.640783899839765025e-01,5.521507333052301236e-01,-2.459310087602080142e-01
3.477652815663714314e-01,-9.298903836722326455e-01,9.856235476713225141e-02,3.104822460624102609e-01
6.911679916765129938e-01,-3.232428802567140491e-01,-5.298347965480120214e-01,-3.328207765323252798e-01
-5.396602470191511625e-01,5.681295524534892838e-01,6.361494001548296806e-01,1.416877205641727255e-01
9.893482118420658944e-01,5.678412504051766341e-02,-6.300655237139490827e-02,-1.864766732177390307e-01
-1.285723569510425213e-01,-9.793526044820212162e-01,1.398289506842204377e-01,1.514445057820578734e-02
6.908733584858448573e-01,4.611208214008836320e-02,-1.701471954181182356e-01,-7.084353409742691898e-01
6.964791446433329924e-02,5.295643002631325036e-01,-8.456571912392039092e-01,1.020577289999184678e-01
2.523392052551849951e-01,-7.348194724316366999e-01,-5.443006796886695753e-01,2.673147623194263023e-01
-5.729679820864830297e-01,1.782454688775393370e-01,-5.562930126662235519e-01,6.491627415167567916e-01
9.048757062069964219e-01,-3.467632675797732711e-01,1.877097319505945383e-01,-2.689358099940798441e-01
6.049478240621578573e-01,-6.862245275531385635e-01,2.253311370747000664e-01,-4.328939938245878194e-01
-9.522012220622511069e-02,-6.581720766159708802e-01,5.540250884696725775e-01,-5.100122260111322747e-01
8.134107903904571613e-01,-4.888902223199293462e-01,-1.987504464730443510e-01,3.275773499786765464e-01
-3.586583604176188933e-01,1.035702846558825274e-01,8.600586134851935238e-01,-3.692443167258874226e-01
4.935098753522159654e-01,5.892968375925333735e-01,-3.044993771947167027e-01,-5.724386243751052872e-01
2.177526319791293630e-01,-2.975248286712398604e-01,9.673711960196612614e-01,4.928508496884238810e-02
-4.000490952111410703e-01,-6.450582494724537153e-01,5.737817215653259195e-01,-2.842420816068365608e-01
1.192914552144502538e-01,8.289538567417663595e-01,-4.994743318697854040e-01,1.199009415297890707e-04
1.876510140735028129e-02,7.735721893844824670e-01,6.683704350950074868e-01,-1.671636570029198798e-01
6.365849533378839520e-02,-2.244938401751307155e-01,-9.754923753779650708e-01,2.439268333634041774e-01
7.879874276631362306e-01,-3.804174826457530356e-01,-3.357059523352690089e-01,-3.524374274177947131e-01
6.643069658268531130e-01,3.551092612874389154e-01,-1.200385596611588390e-01,-7.117770729186471135e-01
8.562715633455898756e-02,-8.476339861266904974e-01,7.004594308700820560e-02,4.796243643780142563e-01
-4.410022800997563386e-01,-6.082412540127157818e-01,5.869875089407868840e-01,-2.511624562664183657e-01
9.164819269406434543e-01,-8.762854582821238969e-02,-1.595620576603352658e-01,3.830024882487000903e-01
-5.066858608776535489e-01,4.185213706687660601e-02,-2.681522720456053221e-01,-8.227449726820270648e-01
3.312777795396580904e-01,-2.028460937700942712e-01,-1.383502342345203084e-01,-9.280315978157899215e-01
7.800003754626033681e-01,3.912942999925845822e-01,4.289381584831991612e-01,-1.179276205962533075e-01
-6.202580458546378406e-01,7.391416938944220805e-01,-3.332636429157207619e-02,-2.593481954510364895e-01
2.597899643072246190e-01,5.985146537657096699e-01,-2.223322486788057231e-02,7.238974621894470607e-01
5.408903280115034962e-01,-5.415577054742028995e-01,-3.585127999677253374e-01,5.107983756986903545e-01
-8.489200637703275820e-01,-7.957754862184013289e-02,-4.759574247917637835e-01,-1.714951954690336344e-01
-1.613698744440627553e-01,-3.300598653749755029e-01,-4.626802017866051275e-01,-7.897748663637268463e-01
6.496271188804838559e-01,4.819636184991963890e-01,-3.152842163127265729e-01,4.691365030915691792e-01
-5.065960913408212862e-01,1.401781509839279960e-01,-1.259643740932893663e-01,-8.524201157237685234e-01
5.754527819705347325e-01,5.390054518161290636e-02,-2.581178851589059908e-01,-7.488245666975601456e-01
-3.920550070654586494e-01,-7.890677724942664062e-01,6.597523226476299622e-03,-4.950170937351535683e-01
-9.105662268308989393e-02,7.219052533318204290e-01,6.647976382521372241e-01,4.537757967256252079e-02
-3.436964651457308922e-03,9.661158109173730857e-01,2.474921630483694068e-01,-1.327853018553117881e-01
-7.675838360804404514e-01,2.184254306227320086e-01,4.423830002732710986e-01,-3.391886168591465300e-01
1.671622249580077268e-01,-1.524151387133108881e-01,-8.176250712092375528e-02,-9.843352217131819959e-01
-1.197387423845766297e-01,8.433844631313072160e-01,-5.346402219247149423e-01,1.267880193781966702e-01
-5.933937527123350764e-01,2.700506014538562871e-01,-2.018698549008885734e-01,-7.329979495561999014e-01
7.775007470599683002e-01,5.073264044202261402e-01,-3.271346904778147935e-01,2.725982107598383664e-01
2.392241812894440600e-01,2.830216015020326492e-01,-7.643439716540934015e-01,4.848577120223770409e-01
-1.470536426716310685e-01,-1.659395848876680235e-01,9.384908218185491480e-01,1.213054413848820984e-01
-1.222931284338378277e-01,-7.525017349533278388e-01,4.557247390936408071e-01,-4.675665880731556534e-01
-4.752255967943549986e-01,-2.237983515773984966e-01,7.068561860264100938e-01,4.045039559287719189e-01
-1.444152713841198865e-01,4.004540369308622338e-01,-8.234293335559825788e-01,2.973928125565452607e-01
1.185255010573270373e-01,6.547680722057901415e-01,6.316626555687279154e-01,3.855719008589564289e-01
-2.262599426475738751e-01,5.696434962055706430e-01,-9.750779607860043940e-02,-7.819911831163114391e-01
-3.813122139978624148e-01,4.152878127473128012e-02,8.988810309691865896e-01,-1.259484472431336988e-01
-9.980300197489003766e-01,1.792645973855129526e-02,9.597728837386709788e-02,1.883009873004768409e-01
5.933671284296319071e-01,6.130678206462572000e-01,-3.756654295857176917e-01,-3.518741682024595918e-01
-5.077621945312867924e-01,3.695567698664672940e-01,7.842022349529488290e-01,-1.366402525546814017e-01
-1.242506041861491800e-01,8.812204004923706036e-01,3.064563480353638680e-01,3.023245630174639098e-01
-5.946071433222134273e-01,3.260821446955795566e-01,-5.054009119003334272e-01,-5.490091150820021193e-01
-2.141040141123475293e-01,-3.880390888012149042e-01,-1.432906720304565618e-01,-8.979310296506763933e-01
4.197956147969017504e-01,4.073638359732621450e-01,-7.652677920588633054e-01,3.817949146845448505e-01
-6.671638333998897163e-01,7.442314236411947670e-01,-8.417955862144273216e-02,5.962641563896921293e-02
-8.912841497262796731e-02,6.229964671755321426e-01,-6.901870660554618730e-01,3.375967191724970062e-01
4.167975801904127420e-01,2.653929486343770128e-01,8.818795287300660313e-01,-1.569096011623676845e-01
6.658898665700002661e-01,-6.471790275891850519e-02,7.798323960347556261e-01,2.749534427911971141e-02
-1.643799045192887442e-01,6.442580408697892169e-01,-2.678829391662650439e-01,-6.890230942105777245e-01
-2.780200207768407927e-01,3.851283934144490995e-01,8.688489308055293847e-01,1.113759854492608059e-01
6.900230760910945893e-01,-6.722360359971573107e-01,-2.611593221788940378e-01,-1.332282949370064695e-01
-5.894378816551897743e-02,7.699875685030428685e-02,8.541890188920359117e-01,-4.983279648606421253e-01
1.927302525072046024e-01,-6.036628849402616431e-02,-9.982595457202345646e-01,-5.343735634208898050e-02
-3.808268601815025245e-01,-7.341805230737483701e-01,5.995348515714332693e-02,5.556589128267355182e-01
-2.091373028472718887e-01,6.419327525358865527e-01,-5.847681924533676412e-01,-3.559769414342329186e-01
8.252187748183358318e-01,-2.989212454604820990e-01,-3.698595812091493018e-01,2.211459771073431557e-01
-6.310169438423958166e-01,-1.077058900417697251e-01,6.769597853283290112e-01,-4.719961128450126386e-01
-6.694895088824559526e-01,-5.555451593678608635e-01,2.756105586513224459e-01,4.094336564945939005e-01
-2.030023251616237812e-01,2.539821619012618270e-01,6.014877269321809994e-01,7.695479195184961041e-01
-5.340042708891038631e-02,-9.112291891185440029e-01,-3.385153171735459376e-01,-1.534039102330526372e-01
-1.089391168064283016e-01,-1.199963314330234482e-01,6.136182985412014235e-01,7.649523300149245753e-01
-1.172169504206882207e-01,9.397376790735846308e-01,2.891548256758469937e-01,8.541633021090443145e-02
3.215226625401126914e-01,-3.969457556775100870e-03,8.058083929658999001e-01,-5.272272309752467079e-01
-2.950627989235025672e-01,-1.465245494140317573e-01,2.627286258074153502e-01,8.744012465513879562e-01
1.510681675853724204e-02,-7.332941049660290922e-01,4.504498231195249169e-01,4.741725847774175273e-01
-7.413050054610341721e-01,1.296660663009996210e-02,-5.926174521575993115e-01,-2.382371747687444252e-01
-5.126958274734044751e-01,4.381300862148300168e-01,4.968854730890253507e-02,-7.258349937583541411e-01
5.306107738595650103e-01,-7.881634666177935733e-01,1.608904896517408534e-01,-4.278963436282250954e-01
-2.020874186770325043e-01,3.060320985876646693e-01,3.240370242242539001e-01,8.916632688001531193e-01
-4.667982771093803079e-02,4.923584325868558542e-01,-7.717358401040171900e-01,3.900247299096578080e-01
2.208173848392301353e-01,-7.676364909071362042e-02,-9.449932118614455812e-01,2.281760024414806187e-01
1.935648825768402914e-01,-3.294642240380373788e-01,-5.917218218041556677e-01,6.991981411687292480e-01
3.789347498962690741e-01,-1.297756175732583395e-01,-7.225905755339855352e-01,-5.004227859141373580e-01
8.640295549733689739e-01,1.010216334711945413e-01,-3.641304696718353773e-01,3.738790316529033708e-01
-3.712148822573971829e-01,6.752538901997608978e-01,6.388198715468873523e-01,-2.015905711895719654e-01
-1.684617556255317838e-01,-8.224685858695234275e-01,-4.097819538117564164e-01,-3.547565947068690440e-01
1.368100578331876149e-01,-2.346382955547518523e-01,-9.403686159600892491e-01,-1.243971044196421488e-01
2.638434882183902652e-01,2.554120385532703819e-01,-9.089485868474915797e-01,-7.482825960638730262e-03
-7.248607706936130990e-01,4.362600546033085780e-01,3.703863371003353611e-01,-4.264486470948535835e-01
-3.245921627484348870e-01,-2.409567739710325451e-01,-8.801880467127110030e-01,1.740744214392105360e-01
-1.335129890762737359e-01,6.032689199974836658e-01,-7.057710848817452254e-01,-3.322728859071768515e-01
-6.150330661956454614e-01,-4.290311072331287612e-01,-4.996913758360153612e-01,4.213199562323876601e-01
-4.234993454567547722e-01,5.929049578640519652e-02,-2.615122002343599483e-01,-8.428447889762021861e-01
-3.553293137579436461e-02,3.327768721895727477e-01,-7.830617252914437998e-01,5.209899710522868377e-01
-6.436264504050828172e-01,-3.828549821248063978e-01,4.461555389758156687e-01,-5.356196411696252380e-01
4.821201623171555289e-02,-2.117333267568087818e-01,6.029438367785851238e-02,-9.647600866942247499e-01
-7.749971895457329341e-01,2.579461661273246831e-01,4.451798300765318905e-01,-3.872770397458041303e-01
-7.802730661616298635e-02,1.212492958720883252e-01,3.370651944540936085e-01,-9.378089088110442839e-01
-3.098432180635430910e-01,-1.617731293780615975e-01,2.045469138120116770e-01,9.420642549157841605e-01
-9.095177386452951707e-02,-6.986046362901584539e-01,2.213446985616034923e-01,6.679175627095631507e-01
9.640967633044045249e-02,-6.181964303352321943e-01,6.174318713268200920e-01,5.160047212335587830e-01
-4.810375646401614524e-01,1.992861046672423919e-01,5.455529658053699382e-01,6.565374687452016911e-01
1.534916590086649567e-03,-2.321767627987671723e-01,6.792725110069518513e-01,-6.480090634645732095e-01
2.837181596990595023e-01,-7.662693732512613209e-01,5.710818760717663034e-01,-1.374149936408724237e-01
5.358292578365690950e-01,1.982465793227600748e-01,-5.308277317046213861e-01,6.154987968063592163e-01
8.037832795078163617e-01,4.125039636793057518e-01,-4.119623398146640136e-01,-1.539791463054152043e-01
1.083185950443890239e-01,-3.845416280580327140e-01,8.713120681277828350e-01,1.114701091555930224e-01
-9.779640205764665861e-01,9.431239576794241131e-02,-1.112641289878995021e-01,-1.208221516649700400e-02
-2.209716472205383309e-01,5.444294698678106004e-01,7.349942864289383815e-01,2.622605300356787850e-01
-3.797544237261921141e-01,-8.580813026909832331e-02,1.171684111643218548e-02,-8.999547990743655967e-01
2.763988735646442652e-01,1.906474901693873403e-01,7.321106158410731757e-01,6.217278536344085227e-01
-3.800772460385029028e-01,4.759042544866004532e-01,-6.178572631380506719e-01,4.718144856864684988e-01
-1.737963668277804907e-01,-4.027775843964419011e-01,7.817766468003289893e-02,-8.846596629369180009e-01
-9.751860291848255535e-01,-9.132481623730021036e-02,3.785671716832990363e-02,-1.925278163847769508e-01
-7.778419884448070087e-01,-4.437496722088231649e-01,2.136643075608186948e-01,3.193016517845462254e-01
4.987961051491338060e-02,8.434956181834299960e-01,2.789656626172071219e-01,-5.147897974027124679e-01
-1.188353341128450674e-01,-7.536380096008231666e-01,-6.569101017343446924e-02,6.401895637703857167e-01
3.713668943875618744e-01,6.313540775123090976e-01,-1.768315270932755146e-01,6.610107357174949128e-01
-8.877315352069514720e-02,8.949214256799926659e-01,-4.863509996848493222e-02,4.889258570474154242e-01
7.702595491429491403e-01,-1.080631088610989055e-01,9.517452302221393601e-02,6.382278555104906603e-01
-3.736623865227068492e-02,-5.397044832474503506e-01,8.602769144945856539e-01,-1.611515401100824529e-01
1.077254652222539577e-01,7.031162715465031354e-01,-3.739019940575447065e-01,-5.856133576840281130e-01
1.946239954148093754e-01,-9.434389241542382454e-01,-1.848863106079621788e-01,1.507468331313043253e-01
-8.790024101673815649e-02,-7.365636377866826567e-01,7.077237989803022433e-01,3.903172269573675079e-02
8.497548721658882975e-01,-1.424237417582727150e-01,-4.923993565428699815e-01,1.708752518580110014e-01
-7.516033444359906945e-02,-6.227431648307519829e-01,7.129023198959266727e-01,-2.907672607498028028e-01
-7.494819420104376073e-01,5.581173539415902329e-01,-1.985183620108842972e-01,-2.189056863933875330e-01
-6.050662327969018595e-01,5.893186719939511597e-01,-4.848235513751263381e-01,2.303104895959176557e-02
4.959490903407602347e-01,1.874920150017349296e-01,-5.035450172023845511e-02,-8.202123018729574611e-01
-6.478401394371477995e-01,1.616357907615661449e-01,-7.353701608027315428e-01,2.317383181295485095e-01
2.826773144680881922e-01,3.562699869780406869e-01,-4.711878272176361904e-01,7.869989251344483572e-01
3.209959084527802542e-01,-1.664678954755137441e-02,3.641913215943287652e-01,8.427389335592505581e-01
-5.100467434266071631e-01,-1.266133813434280886e-01,-8.601244676420608526e-01,1.095907622301086348e-01
1.742492030702621209e-01,-2.733178432366514116e-02,-2.997754182916859689e-01,-9.268066253402843513e-01
2.236677680429991766e-01,8.527381410875606305e-01,-3.645188716642172588e-01,2.941873509971680289e-01
-8.645748933940140546e-01,2.442588749370929180e-01,-2.254866264518862740e-01,-3.483410167240862387e-01
-4.549054920103236532e-01,-2.435524497828884805e-01,2.413635913007829981e-01,-8.151359473111133847e-01
-1.490885560719708292e-01,-5.728910684854815472e-02,-5.047966773633167925e-01,8.055967512302317779e-01
-3.512805607103877126e-01,-2.944332639428675069e-01,-4.006830834442790534e-01,8.161293861037099973e-01
3.780491286572485454e-01,-6.011140221346487067e-01,6.988590545215095373e-01,1.380708805561106089e-01
3.208924659385590239e-01,-3.882854756244488725e-01,-7.793869481128584686e-01,3.931591867054344824e-01
-1.641092441957816006e-01,6.558428831950331439e-01,-4.508706288801843098e-01,5.854513124545611680e-01
-5.267111668087295917e-02,3.033784667247286237e-01,7.578240135228820895e-01,-5.179058523370256850e-01
2.941630172012230093e-01,-8.695018735952012578e-01,-2.466213058572857553e-01,-2.903711039272897088e-01
-7.956846369421216592e-01,-1.420636864280355738e-01,2.542069660650207452e-01,5.038709644320857883e-01
4.180193560315760282e-01,-7.899617293314774580e-01,4.308982150734838590e-01,2.120427172874562727e-01
6.501314236159549953e-01,4.947083126349980930e-01,2.715907046377833561e-02,-5.771086178965574298e-01
-6.502112934872711358e-01,-5.906460819810537277e-01,-3.452725249033140598e-01,3.297928197882482038e-01
9.401656846479974350e-01,-6.459734265766356454e-02,2.587445340862241927e-03,2.293219047307789027e-01
-2.353347087209502753e-01,-4.487673630678068459e-01,-8.074302945510741791e-01,-2.802355897298406950e-01
5.133781515310934518e-01,-7.075893085351064871e-01,-2.363088276110908714e-01,5.202530035106919248e-01
3.200010818799355894e-01,-5.522171693796011915e-01,5.378079359776811730e-01,6.122641733991884827e-01
-5.734207535667696920e-01,-4.725201022099952408e-01,6.328514473537504292e-01,-6.446899009358829369e-02
-7.585213632533590600e-01,-5.120441842613637773e-01,-1.331784715102900807e-01,-4.099775772771060423e-01
-2.436756497742535998e-01,1.806067291497761088e-02,9.591037398694436389e-01,-1.536779726371558519e-01
4.714624893489371416e-01,6.045616178570898391e-01,6.356512768183768536e-01,1.533714535981909322e-01
-8.935478332004085367e-01,1.702860674138733377e-01,4.768775399542537485e-01,-1.282595863584796991e-02
7.646358236340423664e-01,3.385976797420984230e-01,2.401533811576841981e-01,4.808206465313794586e-01
1.346845395918988275e-01,-8.882812726618664056e-01,-1.629370052481441955e-01,4.301541382660227786e-01
-3.150706839573107487e-01,-1.358399344915700024e-01,-4.356260148571904356e-01,8.374583382461202596e-01
8.052775157254362659e-01,-4.582734307570720533e-01,6.917317167907710562e-02,-3.254370308590134875e-01
5.511643102110854731e-01,4.088385162465102973e-01,6.498976527404173309e-01,3.361723086591094090e-01
8.104054402564413451e-01,-3.369403700548424530e-01,-4.569734475316428179e-01,-7.057194784975594215e-02
-5.449951325003657976e-01,-6.480592481089098023e-01,-3.917046167088253372e-01,-3.796060642120050455e-01
-7.409742289841214635e-01,4.347805925006543171e-01,-4.736592998695746126e-01,-8.606985726691306071e-02
6.979902348663821199e-01,-5.854493692015867445e-01,-2.094470673875574451e-01,3.539660021336207829e-01
-5.623722507402775239e-01,-7.863012372652896653e-01,1.229846752837890633e-01,1.848561069406790547e-01
9.054469559166203885e-01,4.178670965217030214e-02,3.955879767595649188e-01,-5.108912949784193830e-02
1.517299704483859313e-01,5.862048499159855375e-01,-7.881678900261552823e-01,1.729321906528756558e-01
7.798671621094633855e-01,5.854217338784227509e-02,5.587103741938262980e-01,-1.875334920274032702e-01
5.587950987172236698e-03,9.734630003717541008e-04,-8.922631366069259107e-01,-4.356500701755817162e-01
-6.236642923078731249e-01,4.724917868234517204e-01,5.402243858687790778e-01,2.554493847360818637e-01
6.124548457747077679e-01,-1.568299724912660120e-01,7.987386790383202984e-01,8.189393561296914870e-02
1.322488661274828781e-01,-3.442635035276155331e-01,8.294821409492348918e-01,-4.613289220104708210e-01
5.400608116962685168e-01,-5.536331384634217700e-01,-5.342557172392475850e-01,3.304820809586752617e-01
-1.435979034007084376e-02,-4.126393058154826932e-01,7.995508322700497494e-01,-4.878483258736051043e-01
-7.098296880891639959e-02,5.083812546056786230e-01,5.680659378498177370e-01,6.025942516819545736e-01
-9.962152228144359467e-02,7.035344320457669332e-01,-5.513686134589943499e-01,-4.835247580315760740e-01
-8.104291780475170182e-01,5.696539618731669696e-01,-2.693225049357285683e-01,-3.412935213202321350e-02
-5.047116071159799544e-01,4.021969036625769878e-01,-2.006409088941304431e-01,-7.291359073324048534e-01
1.916157907068715138e-01,-5.381937203934507030e-01,-3.474464465364816568e-01,-7.835972752228692606e-01
-5.007200955084364358e-01,7.187531318982455508e-02,-7.180451892761637867e-01,-5.170851562902958332e-01
1.235754615805180999e-02,-2.095617379011525949e-01,7.377614773694145534e-01,6.762892237341471269e-01
-6.282170097198520597e-01,4.009666905074570908e-01,5.839363751207133912e-01,-4.141177924129746946e-01
-9.829022979258256187e-01,-3.631525819394421789e-02,-1.275366722061469782e-01,-2.355484307376673470e-01
3.521836949094909741e-01,-5.380134028155085790e-01,-7.996736144435243610e-01,1.072409897211808877e-01
2.073001357524047739e-01,-5.453970745311931267e-01,3.767153373136962191e-01,-7.471756692206188433e-01
-4.956815477773749978e-01,-2.664516309093732382e-01,-6.258945098070145541e-01,-4.670264993315348390e-01
5.894918334158428808e-01,-2.958574632078536659e-01,7.163888470562351785e-01,1.168587145281121953e-01
4.943086906335027175e-02,1.555397484005467401e-01,9.389138002284436180e-01,-3.427269325077365592e-01
-5.085228552472401686e-01,-3.723954572140818486e-01,-1.711439886729606424e-02,-7.632729414037576765e-01
3.230805308078724819e-02,9.637353760184724782e-01,9.249230450078355092e-02,-1.250730965310680454e-01
-2.724156361323973874e-01,3.892234645402595783e-01,-3.800529484733559671e-01,8.119819668270933377e-01
8.764496379197341813e-01,1.103211429919500330e-01,-6.990578314831609463e-03,4.769220926038917341e-01
5.749139018327262818e-01,-4.135589267687377890e-01,-2.802023604865398476e-01,-5.999168234416585310e-01
2.979518121148597154e-01,3.728851869757019433e-01,-8.503427875353568588e-01,-2.398458758039482275e-01
-6.885514713576121881e-01,-4.864894027666585297e-01,2.849405296078355021e-01,-3.911450356680514773e-01
-1.653434531764711724e-01,-9.796237017875594200e-01,1.437431519159521054e-01,2.140601450098424813e-02
-6.773093138574822758e-01,-2.187508035151382590e-01,1.400902067584539057e-01,-7.364618628879767703e-01
-6.058064141917183232e-01,7.586227255797950431e-01,-2.652479229414373973e-01,7.485506306137276397e-03
2.889087831227840075e-01,8.545073429620848593e-01,-3.476817545641358032e-01,1.285591128097305913e-01
-4.143414631432578710e-01,-3.462890742012311729e-01,-4.759390408116537796e-01,-6.819102586632772578e-01
1.491856762763424729e-02,-8.551459041873055167e-01,5.241584816160503868e-01,8.881861130136800564e-02
5.511373240195771572e-01,-5.713004906517208381e-01,-4.517854222324422797e-01,4.324000598370292270e-01
-6.785534944028894788e-01,-1.937366028753556568e-01,-5.475483863176235921e-01,-5.050133116829069735e-01
-7.122395141430660770e-01,4.853350090695114361e-01,-2.820596191312934042e-01,4.149436978487119898e-01
3.465507845587426639e-01,-3.486334640048825984e-01,-3.090321351499575875e-01,7.797405929712550865e-01
8.980982195076692154e-01,-3.010008580569405179e-02,1.294135450147492206e-01,-3.047097676739590755e-01
1.763679575147280854e-01,-2.880520532619437191e-01,-8.181674970422958548e-01,-4.512933950633901126e-01
8.124206358791127847e-02,-7.374514159439750083e-01,-5.627108050540912537e-02,-6.694212391222829073e-01
-6.465378407599869925e-01,7.676255984455491177e-01,2.184086347621156388e-01,5.013491526504079004e-02
5.375967826146293982e-01,2.608469074419204059e-01,7.951323297408195989e-01,-2.002872770336223129e-01
-1.978330305022844293e-01,-7.303091702884306757e-01,-2.509403275880756623e-01,5.722698050876600107e-01
4.929614976356565537e-01,3.284001889197946111e-01,-7.033732090984927687e-01,4.044503390836258760e-01
-8.427662154919866033e-01,3.922956231520121628e-01,-1.507571021589028670e-01,3.518460791446000879e-01
-5.363029613139430607e-01,4.915930491833213622e-01,-6.039405666475873291e-01,-2.698635261117555695e-01
-3.429978348131087484e-01,-6.522910670529178390e-01,4.746815085500068199e-02,7.066294856746211384e-01
9.336673556361290149e-01,4.573611418792900007e-02,3.716348614861376687e-01,9.640252947935117056e-02
6.297854293675281268e-01,-3.927302718255532565e-01,1.776423036886300710e-01,6.783680255081568911e-01
-5.091537713494417305e-01,-1.048596761051862059e-01,-5.818789142900010480e-02,8.523639892164368570e-01
-3.984386867746863570e-01,-2.077609709442588409e-02,7.498009399486330606e-01,5.055939201560262219e-01
8.136775605811624734e-01,-2.143607362686965681e-02,1.753391762234508544e-01,5.779248898112278043e-01
5.285429890763764238e-01,-5.990719140820959243e-01,-4.256751156139507164e-01,4.720450348794923423e-01
-1.191820802461540652e-01,-4.362140174675271376e-01,-8.093790631156710935e-01,-2.979459363386014470e-01
-5.645709928219226903e-01,8.423199137899090028e-01,-1.188607462940120818e-02,-5.954376776479688646e-03
3.590896293321911847e-01,5.284289546132677762e-01,4.894675603153790799e-01,6.120408150319898155e-01
-5.399619995344097090e-01,-3.287865034486339155e-01,6.947045395717643679e-01,-4.233701185872985606e-01
2.990072386708076888e-02,1.733354123910597622e-01,3.942585769012646457e-01,-8.744533855236155118e-01
5.689165592228281332e-01,-1.913259632412802891e-01,5.103542683115895873e-01,5.943693944878279956e-01
5.854114876791556288e-01,4.256002867835799730e-01,4.321423322734326833e-01,4.940829152288020998e-01
2.816000736063656307e-01,-1.583045624532964345e-03,7.011301787489147008e-01,6.353989859449595823e-01
-2.593870016449092986e-01,4.316899169050207319e-01,-6.374454656657571605e-02,-8.732897664597435439e-01
4.579345065695736849e-01,9.511572593935016875e-04,6.706402208788554420e-01,-5.590006514711060026e-01
-3.661047954971830554e-01,1.105092630638771119e-02,8.862481433607517500e-01,3.468350833838610980e-01
2.056266833882268441e-01,-6.739837062403549739e-01,-6.862611569310075321e-01,2.084630625893982014e-01
-7.366898897021472159e-01,-3.181356394966582957e-01,2.615465739598460959e-01,-4.982809533173133687e-01
6.476783958731948676e-01,4.573316309006568159e-01,-5.714438458732739035e-01,-3.016600291834942715e-01
-8.498870535359156486e-01,-3.103985156982650429e-01,2.841684951874795528e-01,-1.323145513284218200e-01
2.901277055341256461e-01,-8.466875946143495035e-01,4.070722728628398679e-01,-2.406131649076831969e-01
5.259673135207990069e-03,-9.623248983484958274e-02,-7.655693805035651556e-01,-6.351716488571756969e-01
6.353672219818278233e-01,2.376298259401940782e-01,6.871294705500919919e-01,2.512130831383520002e-01
1.317924846952457096e-01,-9.916292245818016937e-01,-1.801105299292712347e-01,3.644337932218677523e-02
7.589048049996195422e-01,2.194931930418079213e-01,5.457853990408663147e-01,2.771533566138645321e-01
-6.046190739209368337e-01,1.007826937501062614e-01,1.824916243030016982e-01,-7.828974522411403791e-01
-1.169189379527110217e-01,-1.340769714532516477e-01,5.798963207432988876e-01,-7.763340178269130254e-01
5.019983206095768313e-01,-3.739541582897372152e-01,-6.002679170561648903e-01,5.165856872935796762e-01
2.693310557872037880e-01,4.469076912257984313e-01,2.665991204313277185e-01,8.273062696962231177e-01
3.865044796359649593e-01,-1.255791008786315555e-01,1.807676362394770031e-01,9.081585619589584990e-01
-3.041227807816005435e-01,-2.951634761875306379e-01,-1.161086008819020715e-01,-8.873432643820583499e-01
9.799980788483346472e-02,-8.933917172166487841e-01,2.469019033163393634e-02,4.239650141841275754e-01
-1.636329727241869481e-01,6.535578118804461489e-01,-5.706333731231132411e-01,4.839328309163068442e-01
1.988775883258725174e-01,-5.027438209595196383e-01,8.020913370791723507e-01,1.977116878864101923e-02
-4.864955725627775895e-01,-8.845069044436880690e-01,-1.202300331792334614e-01,-3.396748780091590758e-02
2.240562835116239326e-01,-4.147644660642784142e-01,7.997489548680143390e-01,-4.532966178340218644e-01
-6.176119507736692604e-01,-8.566940693169577958e-02,-7.876896601080547455e-01,1.453962423637110424e-01
-5.170782985742294890e-01,9.114853499919235713e-02,6.917478579593647758e-01,-4.691426745055256031e-01
5.524281111603368544e-01,-1.969915453103746050e-01,8.029267320034575439e-01,-1.842235394859114139e-01
-5.620479505824604871e-01,4.808672022114135469e-01,-3.542593640934710852e-01,-5.813987694521861593e-01
-1.492583657137433184e-01,-5.547101362036099131e-02,5.754438873001457289e-01,-7.998920846154994324e-01
4.611177941156955479e-02,4.092128000491548345e-01,1.461581764988908738e-01,9.035897319174819309e-01
-4.303386507644890724e-02,-3.158222978793042701e-01,9.272774382101490742e-01,2.517369538509677263e-01
-3.256984049781559976e-01,4.220376119012224647e-01,-6.544560999397944778e-01,-5.444695670589524417e-01
-1.137659718855822538e-01,3.639451272133167326e-01,-9.173059220539248049e-01,1.287618697226127484e-01
3.425690138610228141e-02,-9.095989705652378632e-01,1.835847941382686421e-01,3.283997128909100227e-01
2.233092245001258025e-01,-8.545677598426359989e-01,4.576160744593542051e-01,-2.278005008512111462e-01
4.635372808612821527e-01,4.493560208424717262e-01,-5.706782663868014138e-01,4.517483764352010489e-01
-1.303031413048137133e-01,-8.675833705846744959e-01,4.631843691421509424e-01,-3.131226059002159001e-01
-8.690636290209248216e-01,-4.288055900618391592e-01,2.908558781734095211e-01,1.183055986038191940e-02
3.663179417934960824e-01,-8.240288226978134123e-01,-4.706040544024217009e-01,-3.929011500856537803e-02
8.465657216116284634e-01,-5.967843229297826319e-02,4.752268881871494766e-01,2.661687770762423758e-02
-4.713502524665082460e-01,-3.028135269394071627e-01,-2.056345624583176546e-01,7.647894225954080527e-01
6.896076889244940888e-01,1.707592889072046538e-01,5.613816998010447978e-01,-4.011427544940050494e-01
-3.930131482045761682e-01,-8.141675708719262605e-01,3.288047507248352819e-01,-3.450698173540969749e-01
5.615943987917634272e-01,-6.874184780897328872e-01,2.730947897623898710e-02,5.041092641552082920e-01
-5.595488716795996575e-01,6.134269969675975043e-01,-8.616267252903893337e-02,-5.841947851372836231e-01
1.784954499749114576e-01,-6.568258204777195630e-03,-1.330407889391830578e-01,9.984076706412928770e-01
8.448068943305250267e-01,2.655467732048580332e-01,4.817453504551668653e-01,-5.929771959953526045e-02
7.757695283933468966e-01,-6.495617156593046504e-01,7.597805088279493968e-03,2.629522645246244739e-02
3.946804405494590551e-01,-3.851208695610064403e-01,-8.081476035461175877e-01,1.039718934740413298e-01
1.081645557737044294e-01,6.525590883352573313e-01,-5.526941421078820360e-01,5.212771386986264632e-01
8.860816279445139498e-01,-1.210593246163257919e-01,-4.441481489409637162e-01,-1.268075989293551142e-01
2.055946794137902128e-02,3.149548227910159426e-01,-3.663974620427487006e-01,9.312644990625928987e-01
-3.247767120567530141e-01,-5.746094970024174797e-01,3.115595596573533244e-01,-7.146712124227085905e-01
-3.793592857386882816e-02,9.449075637273351980e-01,-3.710316201341357090e-02,-3.313122199814773627e-01
-3.580693139366263045e-02,-8.786848090708533621e-02,1.893498875110455337e-01,9.690227257697655583e-01
-4.930156047259398600e-01,7.864814009318460419e-01,9.729999281420018131e-02,3.838361323450831808e-01
-3.903325460797814617e-01,8.837739135621089925e-01,-2.020322350019025659e-01,1.967137765259033555e-01
-5.447679966536580487e-01,-6.792671682100152042e-01,4.072315752882347262e-01,-2.469478224063768879e-01
-5.780608594023396440e-01,-5.009175966062330287e-01,4.851120286568902373e-01,-4.231783430006356150e-01
6.090737872098399286e-03,-7.061933354330278065e-03,-8.287849433612863859e-01,-6.059148340124460574e-01
2.281542326305441848e-01,-4.469502262786443914e-01,6.200591712225062002e-01,6.099599854930660703e-01
3.584636979078765218e-01,8.515215757966515531e-01,-3.688602644933184488e-02,3.189691953300573535e-01
-1.723787992551172876e-01,7.786334357683248886e-01,6.380136796113187181e-01,2.012811105430445044e-02
2.812146672887353982e-01,8.417748871444731273e-01,-9.994860937794976252e-02,-3.612095843980672738e-01
8.125994158619811447e-01,5.107645156602082237e-02,1.315717024319519590e-01,-6.516173120604642488e-01
-9.119038642172847542e-01,1.126792099714935824e-01,5.119879676255830736e-01,-6.080282825723277995e-02
7.763635200687425408e-01,-3.644618821344489668e-01,-5.359416256474927032e-01,-5.088672206355138866e-02
2.428111014880822427e-03,4.006896020796842373e-01,-4.579468818639603200e-01,7.890256475200392305e-01
7.827611014841925341e-01,-4.228820321648876779e-02,4.759034764328389788e-01,-3.972427348666114910e-01
6.532933564496167245e-01,5.552911749816921150e-01,4.782565119970753065e-01,4.853560517602460711e-03
-9.229559357454635293e-01,-2.110529638766613092e-01,-2.384688581368916427e-01,-3.050835345484913530e-01
1.395281003261904240e-01,-3.480125011933988266e-01,-5.720356578692420424e-01,-6.915718439503404369e-01
-4.435945818324140699e-01,7.053841228252124562e-01,-4.462641860260245785e-01,-3.274487913817534790e-01
-1.669035570855553208e-01,9.029855156867445942e-02,1.377897313624085740e-01,-9.749824945566409884e-01
4.664707081390127019e-01,6.456302347640292538e-01,-5.043247587547442512e-01,-4.241624771268766581e-01
-1.763182835116829938e-01,-3.998433127919500119e-01,7.165015077754335882e-02,-8.999737498024609206e-01
-4.511382090149456681e-01,6.127534495951874050e-01,-4.034738019429227607e-01,5.162588583867724346e-01
1.678835182350120747e-01,-9.245950403709775056e-01,2.834530648801198982e-01,-3.121390488318975462e-02
-4.108337482733576129e-01,2.154960484867619874e-01,4.493251244289738211e-01,7.698350399164467506e-01
6.205222920804841502e-01,2.189917991241039918e-01,-7.542688771547759741e-01,-2.153346812249793685e-01
7.453397183247866264e-01,1.743472926610546703e-01,5.443697957489913586e-01,3.359879783132075914e-01
1.542019259365872141e-01,1.703027713968111034e-01,-4.932167217022084826e-02,-9.661595162382312640e-01
5.780616764461347923e-02,8.807824089597328099e-01,-4.312584912660513137e-01,3.172962535275926088e-01
5.103089858641656207e-01,-5.613518437529133598e-01,-2.834188892716576480e-01,-6.107760842028878701e-01
-3.416556186611714452e-01,-5.633134070717112918e-01,-4.100540890767283564e-01,6.590910804989639216e-01
-5.669842170690262417e-01,7.529384068307969080e-02,-3.100514848671683810e-01,7.945563320581913169e-01
8.046224638766129589e-01,5.168009639328469129e-01,1.596718499002764413e-01,-1.312702789830710870e-01
-4.657828173374813918e-01,7.578128990184411773e-01,-3.003762389405567612e-01,3.052540594815659758e-01
5.924451569654309857e-01,-3.356534409823485610e-01,5.504414242214211717e-01,4.530755421185504450e-01
7.928972010903084788e-01,-2.021553993132305382e-01,-5.644070289730829248e-01,-1.961763433369470011e-01
1.053309024075101408e-01,4.097493080475630989e-02,-2.269998039089295705e-01,-9.345105817309214968e-01
2.498114638403332033e-01,9.362410326198019606e-01,2.149807001838306697e-01,2.812737790078252975e-01
4.887291259650121678e-01,2.930005205792152734e-01,7.091787017012454175e-01,3.573038990570718276e-01
-2.932402969939835180e-01,-8.397580211893205249e-01,-2.710524622251349602e-01,3.644235091516642155e-01
-2.081916448148422860e-01,2.738994262276981950e-01,3.776160231035001202e-01,8.097088584416493040e-01
7.033774892873454476e-01,2.030825322468378380e-02,-6.803604608271632825e-01,-1.506793776201560964e-01
2.248391014782040453e-02,-7.701253058339261326e-01,5.955494624869831499e-01,8.322004506226672593e-02
2.655729423312060411e-01,8.068667747449093097e-01,-4.178537454257127415e-01,3.824275318198365192e-01
-3.481966181697226242e-02,-1.012616565979509720e-01,-4.303694838250241017e-01,8.902511490101935321e-01
-9.714989469824104884e-02,3.043129108088072909e-01,-8.619538339222277967e-01,5.437896224208775831e-01
9.008102591349638200e-01,4.440804299324183080e-02,-2.223927475837038092e-01,3.572482212633612542e-01
7.290805810325683423e-01,-5.889382828344660314e-01,2.103220676228668151e-01,-2.877495633195420455e-01
6.259153648385692992e-02,-5.123265272319548203e-01,-8.398385728466664091e-01,9.468590297919517174e-02
-4.698276236077530976e-01,4.235108890909718982e-01,-7.747874181088397760e-01,2.629120955679245530e-01
-1.601147443420136984e-01,-6.313821873194549461e-01,8.470085078305779336e-02,-7.555150125924486870e-01
6.007946094965331552e-02,-8.304096682970932841e-01,2.886002791592615635e-01,-5.303103611987138866e-01
-4.503113162662323865e-01,2.694329210284434617e-01,-8.902609015021083483e-01,-1.074314648598438324e-02
-3.766088952297660386e-01,1.487556413675758804e-01,4.639799467940675659e-01,7.403553435649192771e-01
4.630539910263748588e-02,2.916320648298718066e-01,-7.062343525341038264e-01,5.898209129746229129e-01
5.215604206440920265e-01,-3.036619502954384098e-01,7.640905355109329777e-01,-1.647788912175849052e-01
-2.170250966896119516e-01,2.863186234395691532e-01,-6.418656472049349970e-01,6.229601486752920358e-01
-4.870828221514486023e-01,-5.764069379429965778e-01,-4.952382445634768149e-01,4.130737236602050610e-01
-3.275709499214875531e-01,-8.567010140057268464e-01,-3.799755263941731465e-01,2.013491112410554715e-02
-4.051534907882950454e-01,-4.482011888279696654e-01,7.910821166881072397e-01,-3.179477079120903715e-01
-2.787233416222757998e-01,-4.078913574445199863e-01,-4.457409439429592668e-01,7.525182149520300845e-01
4.728747022914511211e-01,-1.477245483982406182e-01,-5.583342077443100848e-01,6.282324273959033478e-01
-3.097300646308340927e-02,5.879386620699803556e-01,-8.241376672547804372e-01,9.831441224219024388e-02
9.808596084225496003e-01,-1.881424353297844743e-01,-1.533634220535871617e-01,1.939394036754054085e-01
-5.954133167090751577e-01,-4.024246646027499485e-01,-3.993902755113241110e-01,-6.209303741508084284e-01
7.984168888916214346e-01,2.646790756477145901e-01,1.751564802611841332e-01,5.357187214448958512e-01
-1.827238173844745739e-01,-7.547015030770966026e-01,-6.269584870426436751e-01,5.759977176937479404e-02
-3.519375094924854230e-01,-2.214999604680675527e-01,-2.284994915093464252e-01,8.714680020589150589e-01
-8.528606455362849337e-01,-8.325719180588729562e-02,5.200779349589605971e-01,8.656632169799309551e-02
3.339574495477309335e-01,1.359942058184480940e-03,-3.153868353831437155e-01,-8.528303150187602766e-01
2.031055107074874189e-01,-6.295355078023380235e-01,-6.698503487426906711e-01,-3.418772416003188486e-01
6.304397599199397240e-01,7.723558300298928314e-01,7.207147227580763815e-02,-1.610937750200912844e-01
-4.815688086484603003e-01,2.104518833873483263e-01,8.151218072407721005e-01,-9.244230036182243815e-02
-7.812725257175812121e-01,2.027590640019115709e-01,2.708473070024528528e-01,-5.101528990278125786e-01
2.568991537927047264e-01,4.950583728826012386e-01,-1.162450907536771993e-01,-8.435910368902472811e-01
3.928319268650558582e-01,-1.908539097770779180e-01,-5.456863306190582463e-01,-7.579946552249816616e-01
9.045490455627467341e-01,4.083658687980278312e-01,2.552980350935635592e-02,-2.400134181185787363e-01
-1.892663538248681443e-01,-4.768694296468160010e-01,-2.288006957346765957e-01,-8.417814434315198380e-01
-7.253966389457415787e-01,-3.262276475155319044e-01,6.125753969121231490e-01,8.299060119357364734e-03
4.733559636149327621e-01,6.860252226402442366e-01,4.556062054409084627e-01,2.626774128111752926e-01
6.942405825863574159e-03,-4.887269223000706986e-01,3.316113531318196084e-01,8.215945287257159224e-01
1.564053457797585645e-01,7.180805467382495033e-01,-5.611022436229512467e-01,-3.918846504083582927e-01
5.748229348123297111e-01,1.736884429644749706e-01,8.008036600508768865e-01,2.331072179293213614e-02
-4.283211552399406874e-01,-9.681137011435765605e-02,-7.549723082423693832e-01,-4.572400264173219764e-01
4.720193756651832051e-01,3.925448627654308797e-01,1.680084828128827201e-01,-7.915168906373444280e-01
-1.582412113999795422e-01,-6.933502109538751679e-01,6.323710532071570301e-01,-2.652185550661550484e-01
-5.382201457772360920e-01,5.595801488741277557e-03,-3.079175127329210060e-01,7.706431460322711313e-01
-2.541395834792852249e-01,-4.851936239909305781e-01,-7.999075176406446053e-01,1.914039443192438669e-03
-2.260746071969756965e-01,-7.175072631413965674e-01,5.325920368999429444e-01,3.806622539570361785e-01
-3.841721525924768343e-03,8.512811690574038082e-01,3.742699371407881559e-01,-4.140276839442679768e-01
-7.627819337956550649e-01,6.126649821129825924e-01,2.902372066284392149e-01,1.899331121149966661e-01
-6.120903183849311091e-01,4.546407976340976487e-01,-6.461662496097119179e-01,-3.317320860417664885e-02
6.067827451322229670e-01,-2.855807752147708212e-01,-6.312805766113676054e-01,-3.876130671980730913e-01
8.761057655963828683e-01,2.035409294746517717e-01,-1.331824286959093218e-01,-3.955727449340796231e-01
4.448842564360145357e-01,-7.100577449419586129e-01,2.165774940417883043e-01,-5.301049532578366863e-01
-7.099952693897579881e-01,-5.756566399552209834e-01,-3.360785538895595947e-01,5.192498668275340699e-03
7.928118398556417701e-02,-9.698980387311242346e-01,-2.119067254038962678e-01,-9.095570569325203691e-02
6.599494483750657503e-01,-4.560312117369906271e-01,2.122492648146115379e-02,6.832211242028519704e-01
-7.870169667112058010e-01,2.540710451287671034e-01,-4.849408657840403314e-01,-2.563487823174345759e-01
-2.457000505619471309e-01,-2.470436906531296439e-01,8.622882126940736303e-01,3.389936744150325865e-01
5.354976138130366214e-01,2.141830172564653523e-01,-7.722496663040030462e-01,2.151066150419534140e-01
5.892894721507273559e-01,-4.413021412857201509e-01,5.197815565543660865e-01,4.140767702683582629e-01
8.303803755964679345e-01,-1.752236865203802285e-01,-5.006162711199426685e-01,-9.941779419319213273e-02
4.746384732514627447e-01,-5.602561938297587751e-01,-6.598984234365228296e-01,4.945760527681696689e-02
-3.233404155913140454e-01,2.835390626611314357e-02,8.590872895592180924e-01,-4.222015021989631300e-01
-5.786173869231164835e-01,6.476039897411189905e-01,-3.296356834136910940e-01,-3.441615015794880494e-01
8.677480581229094492e-01,-2.958629959686979727e-01,-1.022914195566037576e-01,4.047569973427326273e-01
4.157032561164140660e-01,-1.317559938566105759e-01,5.355735323673967985e-01,-7.602370937833063946e-01
4.364460739866603545e-01,-4.582057675766934013e-01,7.441073526922991066e-01,1.194955577297158039e-01
-4.425159495617979055e-01,4.458953308839198604e-01,5.641248547223525200e-01,5.098273090296734367e-01
-8.500673972150831759e-01,-4.836337046036555676e-01,-4.143717684436620113e-02,2.723254766977119962e-02
3.931399116256161785e-01,-9.155759294648768698e-01,1.139867924031786189e-01,-1.058813406009422725e-01
-2.264723331443602716e-01,-2.240019813923164460e-01,-7.195383664710275351e-02,-9.719562285390057621e-01
-4.664549128973394243e-01,-6.297740471497749182e-01,3.615859009501145027e-01,-5.486182595086886993e-01
-6.713866698929389643e-02,7.317871089731781131e-01,4.888119096081595116e-01,4.873650349759672817e-01
-6.135995678066167303e-01,7.107830061510946873e-01,-3.572995704773098691e-01,-1.547936935730235830e-01
2.647616888529681356e-01,-3.677022673971253042e-01,8.778858451948843289e-01,-7.910827816841189963e-02
3.137321093038524245e-01,6.052523067211735830e-01,4.024860556954396040e-01,-6.413204960545337840e-01
2.838823491707190838e-01,5.200170758821377470e-01,5.453974132914847228e-01,-6.436259376616710881e-01
-4.355627425544214004e-01,6.806411371189124981e-01,-5.852356040883016641e-01,-1.885040132561475179e-01
8.470617982324698536e-01,-2.902197311356034815e-02,-3.739864257913456114e-01,-4.388137080676010049e-01
2.629726779946334192e-01,-9.567590752092605122e-01,-1.635724945733905145e-01,2.697544063928664082e-01
6.260866271931031513e-01,3.381841114176472041e-01,-3.901563359485880622e-01,6.060670344811854848e-01
-1.089426355658414947e-01,-6.615961716149896255e-01,-9.934555767134620186e-02,7.224796248879057359e-01
4.996964619957773579e-02,-2.978297005934822661e-02,7.457161227895966471e-01,-6.304377363965228964e-01
-5.832983679007448519e-01,-7.845795836243778520e-01,1.461640433643051629e-01,9.884213813459873099e-02
9.388749923324813951e-01,1.043976337441699931e-01,-2.671568759576330443e-01,3.970845393387722327e-02
4.680460308463775532e-02,-5.339086537192545556e-01,8.421094518891517611e-01,1.702094463374534405e-01
2.504429699841726475e-01,6.344245456239798742e-01,7.318911761348768641e-01,-7.691596795432865952e-02
-4.828687205400678528e-01,5.023361640454221400e-01,3.138186692620691942e-01,-5.949942671244531356e-01
6.452161536886733550e-01,1.071499342089101831e-01,3.386532974818062258e-01,6.614742252859810989e-01
8.563907502245333980e-02,2.753239837363779530e-01,7.621872530083362296e-01,-6.376403749145918010e-01
7.326685112201861139e-02,5.937318014800518212e-02,-4.048503662412612503e-01,9.354689122370942744e-01
-5.567105498353397408e-01,-5.627266626694559237e-01,4.957443789150056124e-01,3.010873827740688236e-01
-5.132299658623437066e-01,3.320255363830734163e-01,7.843629936745880604e-01,3.383839455259102236e-02
7.838739392178905030e-01,-5.013183685507852649e-01,1.759249293947025561e-01,3.611715575651839316e-01
8.392413844904982323e-01,-1.878068820089026369e-01,-2.558352600199745308e-01,4.163823484888781734e-01
4.912057683924803686e-01,2.910481344715235008e-01,5.978043361665694722e-01,-5.525237298232482663e-01
-1.040435755360776121e-01,-6.684042608562522636e-01,-2.417315970383703827e-01,6.877034995633733994e-01
8.268136332245493159e-02,9.968689970615116636e-01,6.089487131736248671e-02,4.204549488436418875e-02
1.053327053799837099e-01,-4.573479243267898342e-01,-5.765126653747974783e-02,8.401608593170153405e-01
1.206660252671842987e-01,-6.173966069126870515e-01,-6.981599357641008474e-01,-3.059473171407680048e-01
6.275506730310470571e-02,6.415956637764262949e-01,-7.331701007721574959e-01,-1.691285069769204175e-01
1.060492874370120575e-01,-8.751710749068369877e-01,-4.050191850661321036e-01,-2.466797010322091255e-01
-8.066987918748275144e-01,1.963661601740487872e-01,-1.808902981738387261e-01,-5.570532135956203224e-01
1.275045013554135520e-01,5.743770384646121885e-01,5.111471564268292855e-01,-6.479030564294137040e-01
8.547500907162038919e-01,-2.873883934660260153e-01,1.645319435307291689e-01,-4.081541550537899354e-01
1.298677289300132487e-01,9.561735849463820491e-02,-5.803833317283011439e-01,-8.001506312759218975e-01
-3.545644774000856758e-01,1.553107665861191977e-01,5.239292652456578603e-01,7.869341697101590594e-01
-2.562990469321336784e-01,1.546667084232850320e-01,5.835503847900929131e-01,7.733687783668726778e-01
-2.400762204397384469e-02,-2.127070167486186381e-01,1.647386984156019862e-01,-9.333196340145296643e-01
-1.037951191593356470e-01,7.333023034206267443e-01,6.543500744863992580e-01,-2.656452769855906504e-01
2.730419162303497349e-01,-7.708522117740368440e-01,6.027848467771753649e-01,-5.664408207297293163e-03
-3.823693513996062054e-01,-6.406132701070476054e-01,-1.058523010399882586e-01,-6.571155729025066616e-01
2.862129106123940669e-01,-1.457919119237642835e-01,6.792832834824559241e-01,6.902083718588472028e-01
-7.395148263909597786e-01,1.392677387458143845e-02,-5.939250782989299315e-01,-2.592509323049876357e-01
9.372253228992988294e-01,-1.550299328556516698e-01,1.199623350788185938e-01,2.578244067823181052e-01
-4.344528882498491784e-01,-4.457096737279310217e-01,-6.297629346782038784e-01,-3.831030074295396215e-01
-8.057727924105065886e-01,1.437771154264619322e-01,6.016502151636970996e-01,5.286611516803650657e-02
-7.466115298268984901e-01,-4.074904770416389321e-01,-2.789379004692175146e-01,-5.342745029805806567e-01
4.973639330753322763e-01,4.074032275841543149e-01,-5.899766787763820464e-01,4.017381629259759168e-01
4.449247364079386147e-01,4.890158225627233013e-01,7.536007254510543873e-01,-2.029609454721558737e-01
9.169016980846138587e-01,-1.295402307300711486e-01,-2.111685994659077970e-01,1.071145473338704635e-01
-3.409763550904580942e-01,2.824841024853400051e-01,-9.489426969821052049e-01,-1.286409505415690435e-01
8.988058115413980476e-01,-5.624912543677641763e-02,7.578922952641702071e-02,3.575324758265118197e-01
5.814509922597659308e-01,-7.433753536858490607e-01,3.110657778476279556e-01,-1.093989652296183390e-01
8.479029965678602787e-02,5.622247312631376559e-01,-6.186648696831632543e-01,-4.916878153590700795e-01
-7.624786928912133943e-01,-2.511623288381393260e-01,5.420320475868791732e-01,-2.219956370680824589e-02
-5.603570092224194887e-01,-2.110349329763181736e-01,-6.368619713886557454e-01,-4.398882895393456671e-01
2.760431145186872381e-01,-7.092174954048647839e-01,6.634361798364999396e-01,-4.459834580325113679e-02
1.231086439979394986e-01,-2.565063575993369871e-01,6.417366783012958820e-01,7.145951627739411949e-01
4.264392237033164945e-01,5.713162343605099336e-01,-2.277770092690324100e-01,6.599282311842532556e-01
-5.010310662065291520e-01,-4.876283370117263927e-02,-4.975083268017161942e-01,-6.892075855992672029e-01
-3.389711918757358777e-01,2.247245814184652968e-01,6.758327027234383166e-01,6.467987285742724524e-01
-6.229121673335501486e-01,6.682423776169500451e-01,-1.602367347217643345e-01,3.754714154953308625e-01
-4.882232510155365413e-01,5.582905501887795718e-02,1.514520119092172823e-01,-8.550703303538985667e-01
3.642474622457506639e-01,6.443878904388326001e-01,-5.396215189297513815e-02,6.882077250701020832e-01
-3.913735514854933817e-02,2.340612964814872965e-01,-6.536647978079506149e-01,7.045932159867976941e-01
5.822486292935346031e-01,-1.130098165338472016e-01,-7.535210295667943425e-01,1.850220856464460106e-01
-8.061888610366195751e-01,2.327836645257639614e-01,2.083203863636692577e-01,-4.838321382593755438e-01
7.079679498371932445e-01,4.382453180073588861e-01,5.406350721164511208e-01,6.068890440048851226e-02
-6.248542632281328668e-01,4.579768270530581442e-01,-1.554724546061979074e-01,-6.579151487021330791e-01
4.074369541401238193e-01,6.292706353183378232e-01,2.138413687635520519e-02,6.548381184325910986e-01
1.263640156546055882e-01,-2.020836353328642199e-01,-3.770845849049112020e-01,9.118518661133280245e-01
-5.698205980463538767e-01,5.260839101117802397e-01,-4.571694268850404752e-01,-2.993470277547929381e-01
6.406012330806766242e-01,-2.383617918389727419e-01,-2.519097972871177094e-01,6.895130340077538778e-01
8.282800702571725404e-01,3.023556499367710537e-01,-3.568921108243113260e-01,-2.279908595139881755e-01
9.167285277968355295e-02,2.061261935232390485e-01,-7.500133981124427196e-01,6.023320842138276676e-01
6.113025728730995395e-02,-8.445102603451635215e-01,-4.756219297325562367e-01,-2.149533277599686154e-01
1.387201951167272608e-02,9.052033443986122752e-01,8.218191135376048950e-02,-3.868445550018507761e-01
2.939309467512517537e-01,-4.481857513019585904e-01,3.535451781979743191e-01,7.069727484513459448e-01
5.702515108913260855e-01,-2.804298125866722113e-02,7.335163359581929887e-01,4.312558585389696941e-01
-2.512224110236697672e-01,9.247279516130002541e-01,1.221203536182352695e-01,-3.194617429608737624e-01
6.035351690124622914e-01,7.796659943373445145e-01,-2.484197038707196617e-02,-1.827487776649298346e-01
-5.824302960466871265e-02,3.944419057311059351e-01,7.915742919234652897e-01,4.213200148109802479e-01
7.785629034252065928e-02,7.716880896829028114e-01,-1.882923789391896807e-01,5.448146571854377562e-01
-4.711318478470434279e-01,8.293774404238314357e-01,-2.743184434963406026e-01,4.862323641704554070e-03
-1.879162843474518063e-01,7.908015144341917768e-01,-4.474755171754124516e-01,-4.277446091691495811e-01
6.507297773577486177e-01,2.840908121423831867e-01,-6.993901837045384262e-01,-1.245902276102605344e-01
-4.629436790011494662e-01,-2.419036724545049200e-01,-8.174199905216127382e-01,-7.747394238213899456e-03
-5.616473191628188477e-01,1.269374538992509849e-02,-8.091845754111317568e-01,4.356637538936942999e-02
-1.663395383693601071e-01,6.556608222851983969e-01,6.072301389614895850e-01,3.994281786145606472e-01
-8.295965983478545414e-02,6.685369708763692076e-01,-5.407907590118864460e-01,-4.721590185817213237e-01
-2.703704992051858547e-02,9.790768683711059683e-01,-9.276916810219620890e-02,-3.506771800676889567e-02
-6.728373575353732150e-01,4.508775691358444249e-01,4.779902774096642104e-01,3.840568666101223938e-01
-3.458797186098526710e-01,-4.372714084466504114e-01,-8.150751258119736109e-01,1.149642689834524528e-01
-5.581632642207394746e-01,-7.036417283322392580e-01,-2.678672960142295389e-01,-2.321203078713390267e-01
-6.796238814088886304e-01,5.838906855996597312e-01,8.513938495200600032e-02,-3.325196157259734386e-01
2.295317538791318834e-01,-9.552920653736247658e-01,7.749159166493384265e-02,1.812922785270887904e-01
-7.197136915969477577e-01,5.250893815667457831e-01,-4.779798615424195041e-01,4.985527765188414034e-02
7.906892851081895879e-01,5.804676975493953117e-01,3.117294145003244449e-02,-2.189402596035231185e-01
6.411080537532993784e-01,3.769995329603945677e-01,-3.880798779637306128e-01,-4.703855968716327274e-01
-8.658045705170585027e-01,2.574477902625224232e-02,-7.061154340700216692e-02,5.196621336145208492e-01
1.921176181423987217e-01,6.678840171821417426e-01,-3.271504965401151876e-01,6.057180374866951711e-01
-2.874878513185480378e-01,4.354833629119076455e-01,-8.707726083228479741e-01,2.042136547302588201e-01
-9.136686573359034114e-01,-1.488157703187816816e-01,1.858831169705301989e-01,-2.330101162290317829e-01
-7.351074376542877653e-01,6.088539988965310235e-01,-7.105607158491233921e-02,-3.344485246580929383e-01
5.640308960526738136e-02,8.540794093368272444e-01,3.541558284105904009e-01,3.750850519867531263e-01
1.986195556927599637e-01,3.125612563877962213e-02,-9.284603677414586809e-01,-2.638110817418306553e-01
-1.270751910432204312e-01,-6.419097552848594956e-01,-4.083999448005163346e-01,-6.448701674619348179e-01
3.444815390427872354e-02,5.318350423551747586e-01,7.528239735631014895e-01,3.193770070628338398e-01
-2.938130057412236540e-01,-6.585837197592685488e-01,-6.202725840395469925e-01,-4.162269035544776119e-01
-5.616020593060299104e-01,-1.280781150197959628e-01,-7.354489773299081046e-01,2.805237442598826347e-01
-1.106271865149639072e-01,-1.931123563553941574e-02,7.131989983303463898e-01,-7.009365373271995159e-01
3.999506274845816001e-01,-2.982085959009378451e-02,-3.664877038242598806e-01,8.561260087761223270e-01
6.363837252532352773e-01,-6.932451190150740183e-01,-1.688330436986212324e-01,2.437959271339915357e-01
-9.420343166569591919e-02,3.073159193979317916e-01,9.762681358527389164e-02,9.657862336785935087e-01
-7.835247737168767879e-01,-9.003882761116641098e-02,-4.831940990199563579e-01,3.516698395131817034e-01
-8.296606471286307460e-01,1.521551696204411774e-01,-3.668594660518652018e-01,-3.452756332246790238e-01
-7.343085736456785861e-01,-2.728103941084916717e-01,5.289054117685879630e-01,1.646224419125497801e-02
3.707767757179301626e-01,8.756214233020020998e-01,1.360553826338257444e-01,-2.767306045033608997e-01
3.201983674423410919e-01,-3.534827459468717348e-01,-2.793646736423612831e-01,-8.095101103214745741e-01
6.582804864504302467e-01,-3.023669064205455337e-01,1.183949886131859669e-01,-6.941484392246577428e-01
3.594949245781225988e-01,-5.699082689653588440e-01,-1.079075587132848069e-01,7.453816367772287954e-01
2.403127124672601589e-01,-2.878521180160988763e-02,-4.913789641848271272e-01,8.343315007361234992e-01
8.635503201039720356e-01,3.314244676992643135e-01,-3.911942861481091382e-01,-1.881552439830099649e-02
-3.455233512506081794e-01,7.932697973205913300e-01,1.544691944248907378e-01,-5.168477532258969331e-01
-1.453547876404354955e-01,3.905813708964772646e-01,6.376370249563434456e-01,6.051472081615572041e-01
2.353952488828393863e-01,-7.470690825428415172e-02,-9.163632906496407271e-01,1.083688776520388836e-01
2.463992942500957406e-03,1.088460859092935801e-01,2.091164465958021343e-02,-9.933452261494638558e-01
4.257111738261389888e-01,3.638433301551325938e-01,4.455624785287609635e-01,6.722362566606411294e-01
8.382397010355061573e-01,-5.233460724655498719e-01,-1.450138332328107516e-01,2.143303932325399397e-01
7.977615065717451326e-02,3.659307333554901454e-01,2.550757461055759290e-01,8.998911244693000855e-01
4.646667029567451146e-01,3.519599188006116569e-02,-8.569844315041605931e-01,2.623593242423397087e-01
-4.548956429127697931e-01,-7.135763049733883090e-01,-3.858171519699228336e-01,-3.685759553317998760e-01
3.316886943836388491e-01,-7.480626930418982079e-01,-5.143784108575945035e-01,1.888804318781711067e-01
4.503143147962911375e-01,3.890477580133768210e-01,-4.961593370660156710e-01,-5.767782690056836303e-01
-1.540844978880891447e-01,9.844683114774854804e-02,5.916720602172039767e-01,-8.150858748948607291e-01
-5.254241199995638573e-02,-5.662052638942828287e-01,-6.736373377453936939e-01,4.452155884758912108e-01
4.968639241486918490e-01,3.096445123174796921e-01,7.271621893735793485e-01,-3.498495965246814499e-01
-1.523482410830856448e-01,9.113144274089296504e-01,-1.215214397995247331e-01,3.498552868498642776e-01
1.738813419052931408e-02,-6.587543359841756541e-01,-7.579554048429887336e-01,-1.977592183363639511e-01
6.122473409076721884e-01,3.829663812852452942e-01,5.029857899798264587e-01,-4.768806556063385771e-01
8.504230432198903733e-01,-4.475722088390926556e-01,1.213889233457757511e-01,7.589442703346251096e-03
-4.211672990368168362e-02,6.629175613400596356e-01,-3.839997394785187868e-01,-6.719860972478641781e-01
4.672449194898609104e-02,-1.384323746315459791e-01,9.661739187925343364e-01,1.957088600656746447e-01
-1.574473822908959153e-01,-4.519963607762734759e-01,-7.794261283465269141e-01,-4.492822298939404546e-01
9.680764700344458851e-02,7.575565900165351918e-01,6.347327753766248692e-01,2.197977113169939378e-01
-1.458898388313702998e-01,9.200306009651851302e-02,-2.837647831184037517e-01,9.355283573303836420e-01
-1.659512811352495398e-02,-1.881078047330230624e-02,-9.780154193485174341e-01,-7.068267138111571091e-02
5.042346156196473306e-01,-5.950734910787343068e-01,-4.189809527765367414e-01,4.369941708823929516e-01
-7.380943076406217829e-01,5.536151236863503522e-01,-2.998904586827557672e-01,-1.868800684666789835e-01
-3.924256058653461388e-01,1.289568520056392220e-01,8.324572970626256119e-01,3.169890673957311278e-01
-4.201575101328428041e-01,5.083894850825565470e-01,-1.328789042185790636e-01,6.970168376435948998e-01
2.420910756584714607e-01,-8.471931509984067521e-01,-2.643666034874677662e-01,2.636474494965560522e-01
7.693898036600592405e-02,-4.897859316948087183e-01,-2.759860989190817682e-01,-7.924600530722105685e-01
-2.699603533219848903e-02,7.021145400789564617e-01,2.265269403716075602e-01,7.052909081191079954e-01
3.651251814817591534e-01,4.081234149993657745e-01,8.014848421414778601e-01,1.752487597011803122e-01
-6.311675148863896134e-02,5.371528575095358971e-01,7.764586473869700134e-01,-2.231081457250473354e-01
-4.623242516346466324e-01,8.223255018722536169e-02,6.053194506086764237e-01,6.472710524655095332e-01
-5.447126543745689498e-01,7.569453448444225518e-01,-2.907706949933133167e-01,-9.725420572304371847e-02
-2.482556799513315204e-01,9.260970818028760876e-01,8.317610595487434644e-02,-2.634762596417664637e-01
5.865831896778338495e-01,5.326342360843077106e-01,-1.301226277591325531e-01,6.151347303597565208e-01
-3.312605733918779771e-01,-1.891960148975855849e-01,-8.003379628871218898e-01,-5.176654150081858585e-01
6.035891471072778458e-01,5.076416251887320152e-01,-1.289723905658114213e-02,5.740130435025645461e-01
-3.868728337736893064e-01,-8.835610291296247532e-01,1.631849863413002977e-01,-2.191772465732846065e-01
-1.605634191325217008e-01,8.078679590694448631e-01,1.172523500937712043e-01,5.616708939759663677e-01
5.784787001340118140e-01,1.888766153201404396e-01,-5.353761027682431006e-01,-6.450078508184892145e-01
6.908604152618056382e-01,-6.477573116488104521e-01,2.784809188371523692e-01,1.738100040231062016e-01
7.410753326457895085e-01,-3.635721748057655911e-01,-5.598182872511496821e-01,8.001214978971080138e-02
-2.089734013168599580e-01,1.972571077225938885e-01,3.452252533805800216e-01,9.116989460455777738e-01
-7.771988579850885870e-01,-3.499545112075880260e-01,2.506442394444380328e-01,4.525357084392451767e-01
8.606858841238672619e-01,3.795790561816072550e-01,-3.308493909694781854e-02,-2.829344809516836645e-01
-4.939469685840341406e-01,-6.114674968684782330e-01,5.871132108887385792e-01,3.133066825853489390e-01
-7.860041253071566869e-01,-3.079481579347659870e-01,5.230867055365695517e-01,2.217179690454096352e-01
3.583766171693626990e-01,1.919030603252705469e-01,9.090285114852391102e-01,1.396133197669539860e-01
-9.768856799805221425e-02,-3.700042725134728983e-01,1.016384825029287425e-01,-8.989763128781278478e-01
-9.914112942742567269e-02,-1.234251098876879976e-01,-8.657709910358173389e-01,-5.501874968704315583e-01
9.344174242292763166e-01,2.365787911505383700e-01,1.260110595170709780e-01,3.742237505590377267e-01
8.420010667764168955e-02,6.635645521037272232e-01,5.353601459273339691e-02,-7.658734815966214970e-01
7.566796503774970706e-01,1.597239603281424558e-01,-3.022176390021276693e-01,-5.668149270560232100e-01
2.835717916149399498e-01,-8.992884766784180195e-02,9.603244775144270662e-01,-1.807400343877817728e-01
-5.338248517627173229e-01,5.899327435844589074e-01,5.882284531055865795e-01,1.411975653475615045e-01
4.944941423973078232e-01,-4.874857397046264418e-02,1.819473875405302477e-01,8.207817956425845773e-01
2.774835220092503607e-01,-5.900863199975715095e-02,5.130393690907265603e-01,-7.734689863864859793e-01
7.804563975415977906e-01,-5.986710327156467004e-01,-2.581464665717734253e-01,-1.578080461172849322e-02
-5.251040308275710389e-02,6.207287495669802091e-01,-7.096846706106493263e-01,1.730335966130644443e-01
-8.290926801306042204e-01,4.337466005238170830e-01,-1.329655173859062289e-01,2.335147732327536307e-01
-4.273400401652709957e-01,-3.972260718266261703e-01,2.360236986015796790e-01,7.845284406348136397e-01
-4.385916256465453578e-01,-7.513110603360967366e-01,4.981929909578198257e-01,3.940399499377954251e-02
4.047823081970730597e-01,-3.859103199839670206e-01,-7.844505399483513441e-01,-2.066048316509125349e-01
-5.783910977427964006e-01,-9.241866863497251450e-02,-5.051307181571260685e-01,6.057284254926909028e-01
-5.791029431738520250e-01,3.185971668243111621e-01,3.328280266896999628e-01,6.194896467831549902e-01
3.353755294957642963e-02,2.762737859539657337e-01,-4.377465572235144098e-01,8.129855386538837880e-01
-1.252259135884184194e-01,-8.529489762861048874e-01,9.024591348464661156e-02,-5.014923427979245396e-01
3.022880038490526888e-01,8.920045893284574978e-01,-2.989659127718358178e-01,1.341337086992124839e-01
-8.204763710272615640e-01,1.940499499021183794e-01,-4.357374670591377397e-01,-2.659776697275157420e-01
-6.715485165658895417e-01,4.221389595627492164e-01,6.254969812393249562e-01,5.386309581341860997e-02
-2.849217330838212381e-01,5.609089884180847863e-01,-2.591216176831364626e-01,-7.497351666537477310e-01
3.041827209227798701e-01,-7.296833205324680938e-01,6.016444092364936491e-01,-2.269607178819027515e-01
3.305425899351088770e-01,7.019847127827487654e-01,-6.161541068534277521e-01,-2.594428934215931570e-01
3.044354003865314129e-02,8.978259533507917389e-01,-4.070517564386612608e-01,-3.032403443875648641e-01
3.223865562164399123e-01,-3.520253553355541798e-01,1.125646829607980237e-01,-8.744053147001186188e-01
8.529066895610175614e-01,-4.997892260081898685e-01,-1.056022329599704546e-01,3.015290225623871306e-02
6.292054067885194391e-01,-4.555531573135405687e-01,6.000749152602444791e-01,2.723722523564228171e-01
3.409834439818937302e-01,-7.009799215411951501e-01,4.274900496994185062e-01,-4.930157192519943887e-01
7.858671737689599812e-01,-5.818878256373960500e-01,-5.965518667857881707e-02,-2.846841498650659052e-01
-4.723671562300315041e-01,3.980376925229766050e-01,2.714170579544391559e-01,7.138872168831132958e-01
-5.269353069455698924e-01,3.435864651264939895e-01,7.821910097957421870e-01,-7.156230605989793991e-02
8.018180122651329400e-01,-1.230834038124238722e-01,-5.856007440470817338e-01,-9.787673181454269178e-02
6.668010468129403900e-01,-5.126249922643585366e-01,-3.714959703253003509e-01,3.801377843039194793e-01
4.990522077130787881e-02,6.843487221132905640e-01,2.915714931077757477e-01,6.938874470932258065e-01
-2.205632912451184757e-01,1.005404276400987396e-01,-5.588697314662973703e-01,8.338278784596711013e-01
-4.256952342086304797e-01,8.604192001357088282e-01,-1.772646116701730445e-01,2.339540636122444117e-01
-2.086578265950531919e-01,-4.585672745580148257e-01,-7.721426946828480187e-01,-4.153547484142045554e-01
-2.396060193523848747e-01,1.832974678769186405e-01,8.804664982250511862e-01,-3.183740179308554574e-01
-3.624825291783527192e-01,-6.361695413603744020e-01,2.246863247663781482e-01,6.600479748798826485e-01
5.642275205848028552e-01,3.002942271118872464e-01,2.915897623346030976e-01,7.473008739188390370e-01
2.398888007221017526e-01,4.160181329917797544e-01,-2.249063579749361053e-01,-8.963635404356091740e-01
-2.891533080395957134e-01,-1.655102318746493745e-02,4.066677363897852615e-02,9.390931191893645558e-01
7.730213801334839818e-02,9.095400125209629483e-01,-3.511843794404171937e-01,-1.945805095952621300e-01
-8.087701540222069774e-01,-5.114002259362565583e-01,3.183652171848260770e-01,3.733046054065927710e-02
4.304533412794337988e-01,6.810279904701550813e-02,-1.589597500818220599e-01,9.319886775091114073e-01
-3.125059100864855527e-02,8.015230490730477220e-01,-2.977219882115518246e-01,5.692685977828507715e-01
3.858895367756580708e-01,7.025333527275609558e-02,-9.230281092007993626e-01,3.537258627694578328e-02
6.111538779708368674e-01,2.424356835391239806e-01,1.918209194024547426e-01,-7.194989324097755823e-01
-4.133900598909359680e-01,2.408351925278350569e-01,2.245812464229242911e-01,8.214406533923815923e-01
-8.285269922787390218e-02,3.913434690119705350e-01,2.307125638053936223e-02,-9.426169096537162506e-01
-9.613709410797712795e-01,1.500750430440455085e-01,3.793480382479573476e-02,-2.538907595923438065e-01
-8.563625923206127366e-01,3.482653324968628672e-01,-1.791503209291746002e-01,3.267310811010162852e-01
6.079109383963409163e-01,-7.202671598670222775e-01,-2.566367392431772587e-01,-1.530223797226178128e-02
5.218684879085581096e-01,-5.668993951920999752e-01,6.307030110134902445e-01,3.731533079932018021e-02
-6.097147880015117705e-02,-1.954877091377229814e-01,-3.884456354056828320e-01,8.883880166507861498e-01
-7.509120514945890612e-01,2.493546061676357173e-01,-3.131613078958675467e-01,-4.858771476581846271e-01
8.508946099460141799e-01,1.293182236649666472e-01,1.911415035205535351e-01,3.898070995493692070e-01
-4.083317425058203831e-01,5.012727455074652561e-01,-7.465272098722333105e-01,-2.139029558863853320e-01
-5.866208205371662432e-01,7.355343142918912003e-01,2.679410442600446696e-01,-1.532746813138861630e-01
2.068088609672615735e-02,-5.089221011718085830e-01,-7.754121417654059600e-01,3.925282945983833427e-01
3.505811972599225390e-01,7.871694385753039702e-01,-4.122968249436398946e-01,3.602709370950439860e-01
-1.579816158808217130e-01,7.240989678329742274e-01,6.355320949305494072e-01,1.715707954931156021e-01
-2.247188498412000524e-01,7.044077531255508173e-01,4.605928592477848138e-01,-4.649586859184317578e-01
-5.036638125604397942e-01,-1.554309035425198715e-01,6.501887090469643526e-01,5.220908402762629574e-01
-4.443391283005335146e-01,-5.093583337795123400e-01,5.495010207835718807e-01,-4.689949759062849721e-01
2.844207843959820625e-01,-3.472461982867793284e-01,8.174150346886688290e-01,-3.897799972626256326e-01
5.187974879636104708e-01,8.972983960208477661e-02,1.019571488621518890e-01,-8.210855040788419545e-01
-8.574541388334284697e-01,-1.082988296247065774e-01,9.601054081820611930e-02,-4.465923416072303809e-01
-8.198279497445352115e-01,3.974405232376820862e-01,4.379316920106739452e-01,-5.494499790652178361e-02
4.055666095578736585e-01,-5.073501004114711055e-01,-1.810436156103938932e-01,7.644058417410971584e-01
4.476589465852324340e-02,5.949118174345420507e-02,8.513597123896675667e-01,-5.257335034134902330e-01
3.942836183023546437e-01,7.659079320133577173e-01,-1.836464378088496774e-01,4.292863009555548115e-01
-6.012295733083212745e-01,-4.413332683551796642e-01,2.159456606616871610e-01,6.006179210302837745e-01
5.022644566399845356e-01,6.715914868347551137e-01,-7.302663083380309117e-02,5.533509934456298796e-01
-3.097178974176796329e-01,8.261460965739421125e-01,1.796712064372705808e-01,4.778113533535878199e-01
2.204823323684344250e-01,-7.816643424044933397e-01,-5.489385890005639146e-01,7.584107093081780826e-02
-7.841251234890439514e-01,3.911402464449065253e-01,4.263278964662609027e-01,1.886747158599752228e-01
-3.938812717633544680e-01,5.200193640562411623e-01,7.513337199609863015e-01,5.471274176014441493e-02
7.239810272292542814e-01,2.519896615529571560e-01,6.588013937597358982e-01,-6.825696315067172892e-02
1.093511031989111842e-02,3.243872062580881455e-01,8.200089446839795571e-01,-4.839241241110371905e-01
1.479576862813487131e-03,-6.011685071409934578e-01,7.827459820904415499e-01,-2.341186092110245087e-01
-5.635878679924203327e-01,2.278034225216030162e-01,7.173285179759679719e-01,2.989104555617964620e-01
1.471730609302674131e-01,2.301264604115109136e-01,8.455290531256423048e-01,-4.934528658988586725e-01
-4.632232760393922844e-02,-3.700462589989068074e-01,-8.841318277554519600e-01,-2.085606523840206061e-01
7.830676198542236843e-01,3.430433841083225799e-01,4.389712978110943964e-01,1.293272330335962506e-01
5.429510839114515264e-01,-7.839960579741901414e-01,-3.138119330591044309e-01,2.059985657869730646e-01
5.864445532378698145e-01,5.392432170813721282e-01,-2.709445749601143705e-01,-5.803950873967859136e-01
9.431463692950177169e-01,2.627201266953958503e-01,8.032409275967269946e-02,-5.504639485421658485e-02
-1.769683971607877992e-01,-8.842071070316868953e-02,1.130210269560640302e-01,-9.762227552957928323e-01
-9.171091072742832973e-01,-3.552702470678088531e-01,1.436637878599591744e-01,-9.142994509711335760e-02
5.464892328649230135e-01,-5.189089452050266171e-01,-3.012203707579461653e-01,5.884956940587251495e-01
1.033672199842855521e-01,3.687414554184906268e-01,9.054194772118289158e-01,-2.838081265544849519e-01
-4.418930470386846221e-02,-1.302639344239371888e-01,-9.825675302132835798e-01,-1.108654725351608111e-01
7.772462613351233118e-01,3.928532612348479280e-01,4.700331763986996814e-01,-2.168934652665360230e-01
-3.815916925454614916e-01,8.053571576281538524e-01,-3.618719722414724949e-01,2.243217345017297915e-01
9.137364460488199558e-02,6.782796735675826749e-01,4.472262068291272818e-01,-5.744815804713084839e-01
-8.726921762431530949e-01,4.165937139070929884e-01,-1.061288808579991250e-01,-2.946175806516981854e-01
8.043457110502344465e-01,8.888841675715850044e-02,3.205456987449285811e-02,6.009793198747267473e-01
-1.487614769530956615e-01,8.094530514378689423e-01,-4.170833000310848471e-01,3.780905324814471946e-01
6.476464505074556177e-01,-5.772521592460517770e-01,-1.669271506768194302e-01,5.015903990395973455e-01
6.801378825584680765e-01,-1.097486660485006288e-01,-4.366657168226421581e-01,5.619103225687204217e-01
5.865919670040653511e-01,-5.578273167739724592e-01,-5.531988716346352142e-01,1.263384732987246628e-01
