-4.461377370985414870e-01,-8.293159430684576838e-01,-2.998788842456187598e-01,1.525412760293755332e-01
4.988871392531054605e-01,-4.473763265455470428e-01,-3.331857549068518165e-01,-6.632897537740320981e-01
1.480880884169223817e-02,-4.367265465427410120e-01,2.730943223240380191e-01,-8.570123183711629844e-01
-1.047708566951786879e-01,9.578482176930583347e-02,5.635720298006668960e-02,9.882672721375752589e-01
2.009242645310148900e-01,-5.051778252969428840e-01,-5.839561674742162201e-02,-8.372662400309774933e-01
-1.858391199498093949e-02,-6.448118998257337253e-01,6.707320397726648231e-01,-3.660475145121071527e-01
-3.051834817309047668e-02,-3.575538483692772274e-01,9.229402151710122126e-01,-1.393026746376088976e-01
8.834546750765345235e-01,3.654036830727954710e-01,2.133960128268694856e-01,2.011221698168691452e-01
2.050117393628228535e-01,-8.793468164814636223e-01,-1.362821079130438207e-01,4.076107826470276030e-01
6.309637454767619280e-03,-6.304246661343105851e-01,-3.390753879342739419e-02,7.754838538729252884e-01
7.991917260965796244e-01,-5.495902390776728069e-02,5.687867080355418770e-01,-1.864236342097380372e-01
-6.685942488632504732e-01,-3.902499701630185447e-01,6.271177865499519832e-01,-8.608119984896819843e-02
-6.961987099937719248e-02,-1.302096020566382573e-01,7.354259290310994901e-01,6.613223389565986432e-01
8.376033339388569976e-01,-7.057696598206944505e-02,9.867103824581363591e-02,-5.326383135475428743e-01
6.945204542693677041e-01,-5.406653423418581461e-01,8.668105099819721493e-02,-4.666998195732249277e-01
-4.148099650115075199e-01,-6.712584211705806547e-01,-4.894026356166213398e-01,-3.712544749713275194e-01
-3.280269762889246876e-01,5.385462835197386555e-01,-7.528354232945532187e-01,1.886929483757499582e-01
8.074291788542572457e-01,-3.421855360799240797e-01,-4.686055917412174088e-01,-1.066582365375424307e-01
8.411712115465057593e-01,1.137750298562692497e-01,-3.763612813172957372e-01,3.712659712009603319e-01
-7.945429694444077207e-01,4.974627803191433162e-01,2.938282310138762288e-01,-1.868079831347337350e-01
-4.239690522251865490e-01,-4.984656657850126682e-01,2.784530084016256790e-01,7.030264183520169574e-01
-2.505882789835572333e-01,1.865009484421816244e-01,-9.222247777095827770e-01,-2.278691950324487903e-01
1.755319500940786398e-02,-6.366933961989996726e-01,-6.516635800714236648e-01,-4.118834580194261630e-01
1.171326625160955398e-01,-7.211986797286837336e-02,-7.333584849860101951e-01,-6.657807420724110026e-01
-1.863317435495406571e-01,1.463916030338508756e-01,-9.597246216991978107e-01,-1.509259103378185474e-01
-3.002109884877287027e-01,8.720083947386679801e-01,-2.610866724893827762e-01,2.851464033526179276e-01
8.857463330702540494e-02,-9.350603574524217754e-01,3.214643000896041380e-01,1.203219266109717689e-01
1.231056762977130598e-01,8.074953613780652129e-01,-4.405696559130010126e-01,3.724172553801586294e-01
-4.639671681139075354e-01,5.174034616161469202e-01,-1.253480153335522485e-01,-7.080367221210557283e-01
-2.772015589837927840e-01,1.634106368374175222e-01,-8.373877199558946716e-01,4.418575176823548722e-01
-1.922177686152013176e-01,-6.253150570225599614e-01,-2.554204019887143517e-01,7.118945337178738120e-01
-3.820625022925180359e-01,2.647486887078245310e-01,-5.987244234391011499e-01,6.522771197481809224e-01
3.547714185744136883e-01,8.629577806996652223e-01,-9.485619446553524015e-02,3.470495809882550020e-01
9.309817800370938368e-02,7.531733819301522637e-01,-4.406083127059948756e-01,4.795069350683708875e-01
-4.032026335384356619e-01,-2.344219706870055153e-01,2.021445152569352199e-01,8.611687238389637011e-01
-2.969019508031807419e-02,9.845397851824051749e-02,8.248296070672905822e-01,5.559509202575723119e-01
5.391551442461459676e-01,-2.810415535961131028e-01,-5.299665825399545449e-01,5.911537845401330094e-01
5.089109217091833948e-01,7.850921028562554138e-01,-3.411299617468145917e-01,-9.094181104678324135e-02
-8.119959906735509936e-01,-2.170511418891485356e-01,5.003574870635569827e-01,-2.078309362778738012e-01
5.186732568526148945e-01,-1.614129191043658929e-01,2.252470172956733685e-01,-8.088187085939045895e-01
4.605089760307844865e-02,-8.854914156743911580e-01,-6.305903857392503031e-02,-4.580478416618133930e-01
5.748817806061304880e-01,3.382950470896505801e-01,2.003018972439550016e-01,7.175977629579179951e-01
-4.139004495181087262e-01,8.015495201007427628e-01,4.238063547991591240e-01,-8.119703410116596576e-02
6.186598792936129909e-01,-5.873629047882255039e-01,-4.386914464355935461e-01,-2.825147547569806794e-01
-2.772385715554322450e-01,-6.395107303574899538e-01,7.076130365015911305e-01,-1.159680592772474317e-01
2.056858901547323204e-01,-2.984024084395671683e-01,-9.172272710489427494e-01,1.653585512540260427e-01
-5.958583459556193729e-01,-3.371214726329060246e-02,-4.514987926992735656e-01,6.632986980787993758e-01
5.510858584244676672e-01,4.388937003565272776e-02,7.043997569542480575e-01,-4.451955550600628086e-01
4.022234632278761102e-01,1.157310281567906635e-01,1.619837254681882888e-01,8.936352093747159664e-01
3.819990888293354758e-01,1.243924271763959533e-01,-8.076168889245877169e-01,-4.316922293932249910e-01
-2.041435353943002115e-02,2.186273919242854094e-02,-4.231988444065708510e-01,9.055429381854368520e-01
9.353813384940845577e-01,3.409725841182880690e-01,2.924062812037251519e-02,-8.913155526432674225e-02
-5.963976708792564363e-01,3.356862967053164670e-02,1.569996873172144758e-01,-7.864693658713846069e-01
1.855666563827211846e-01,-8.693597364069804989e-02,-9.046955264871088254e-01,-3.735413723810176445e-01
-1.495105514945254399e-01,7.936518242617844887e-01,2.272297606689117622e-01,-5.441782912833749153e-01
2.711110060751285578e-01,-7.812943154303124693e-01,5.244963351602200952e-01,-2.024391500296051638e-01
-1.330324978528051212e-02,5.688661764310072311e-01,-5.765510519781886778e-01,-5.863473214066561301e-01
-1.520218234340892649e-01,2.975618768445917883e-01,-4.600197196075729855e-01,-8.226348839069911323e-01
-2.803856088482518105e-01,3.730814526380102913e-01,8.371988300710012654e-01,-2.851179737863852592e-01
-1.545523118213248948e-01,4.982878649191777032e-01,-8.407857043703360622e-01,-1.445758828831734955e-01
3.318644301165005195e-01,5.858982886509044308e-01,-7.275531023379205875e-01,1.313608718677639897e-01
-8.919973196901845869e-01,-2.548845989464845196e-01,1.573218496789017540e-01,-3.385623406390989021e-01
1.778262708113201307e-01,6.918389461063837453e-01,-5.894363786552859752e-01,3.772286383315690550e-01
-8.048564865216328856e-01,-2.053185876968815493e-01,5.220749550223316993e-01,1.936183229672255035e-01
-2.407087673619378865e-01,8.889490803199028013e-02,3.170371181814964912e-01,-9.130413190739246065e-01
6.642308567324761714e-01,-1.989468184146982732e-01,2.191775603292674957e-01,6.864245985213671686e-01
-7.728951968896410341e-01,-4.342316976996210554e-01,-1.833551372120872935e-01,-4.248020021089408682e-01
8.543953286177611295e-01,-4.217693145642289476e-01,-2.756893988201142287e-01,1.269433854376537107e-01
-8.916596119864512726e-01,-3.278984946911727705e-01,2.301545697363441279e-01,-2.108425658184615858e-01
-2.074632923092340972e-02,-3.317473832959647595e-01,-9.150632094294867125e-01,2.284131919314856818e-01
9.185096404176514850e-01,-5.633815062893426061e-03,1.019131840380373688e-01,3.819973867802014533e-01
-4.502126520922352659e-01,6.247916044170926941e-01,6.589263910131064328e-02,6.345094002914815068e-01
-3.131125245543926461e-01,8.345577134410632203e-01,3.504880447298477919e-01,2.874579976355630118e-01
2.294166027483816039e-01,-2.175425280486537882e-01,9.350769710578226146e-01,1.602321099871059917e-01
-8.408248128193670512e-01,-5.071963452525881655e-01,-9.306224927297407357e-02,1.646357168719733144e-01
3.043756500007247737e-03,5.130443430381783632e-01,-8.537128023669513510e-01,8.916663444169804775e-02
-8.935424423750202294e-01,3.712874046194095112e-01,-6.017695128550026862e-02,2.451658650372216530e-01
-4.197945504792297000e-01,6.532862482519298242e-01,5.320157588230365331e-01,3.375630986894270769e-01
-5.698238458689534186e-02,4.267796922104522550e-01,-5.612656516483957025e-01,7.068189092286967234e-01
7.846086544783053007e-01,4.766185052393899779e-01,-3.456154031961531370e-01,1.943554806396610712e-01
-5.365742761563430108e-01,2.360943600933087527e-01,1.857380058978248261e-01,-7.885739613153146532e-01
-6.671244439328389841e-01,-1.880871216789215816e-01,-1.956724850923459436e-01,-6.937438212651876324e-01
5.012516140874335724e-01,2.587079182259633403e-01,-2.434894538106931461e-01,-7.890056516305198331e-01
5.274293297135741465e-01,7.717181149478220537e-01,-2.411618164197175673e-01,-2.609797530852013825e-01
5.169313027196753563e-01,-3.631203347061570108e-01,-1.518528638853889334e-01,7.601752156715143594e-01
-8.104463533424451915e-01,5.650638756419380515e-01,2.095331990133217359e-02,-1.531028516506377224e-01
-1.080840855709657052e-02,-2.943221186278974916e-02,-7.477564240615073299e-01,6.632324279497151531e-01
6.970220505843130465e-02,2.968732078810944475e-01,6.627768497993918873e-01,-6.839113600623805134e-01
2.329416023612245756e-01,-1.296961912804389383e-01,3.564604198838133842e-01,-8.954624933033143996e-01
-5.056345644699762609e-02,-6.809732572916260551e-01,4.476900636775738573e-01,5.773147898764893204e-01
-5.023757012791376653e-01,-5.687370666829691945e-01,-1.018356046375195612e-01,-6.432622430807340974e-01
2.927013352259995038e-01,-1.299413129519509658e-01,-9.420523065439719845e-01,-9.989311928467509150e-02
-4.219840240923521391e-01,-7.196111243990548356e-01,-5.463827513698776839e-01,7.453322787479157996e-02
8.488940312559576373e-01,1.747424230019950786e-01,-3.851077122824418386e-01,3.170742172457183816e-01
-1.785143172072216067e-01,-3.268595224747655736e-01,-5.311934327846206116e-01,-7.610052746769225829e-01
-6.506180385723473458e-01,2.602134254794591373e-01,-2.206470635421447224e-01,-6.784541358373064046e-01
-4.653528371855216728e-01,3.043345415151317290e-01,-7.047169398288608555e-01,4.406827186110271466e-01
-4.758809544767044764e-01,-3.953870540984202875e-01,-7.536288167974840579e-01,-2.219234127128945910e-01
6.456847207189064797e-01,3.049751286859616051e-01,5.973353139233068543e-01,3.650642889317895490e-01
-5.346997051938795487e-01,-1.847142944032146572e-01,-4.121921863983201151e-01,7.141949707053902863e-01
-4.487781072682974215e-01,3.415632404533150424e-01,3.439757161026998911e-01,7.507419463033555562e-01
-1.410447004551954042e-01,2.781397488622355252e-01,9.226535247803030471e-01,-2.268372671913490568e-01
-4.729673522316296119e-01,-6.183945121002158984e-01,2.211218830961719228e-01,-5.873629405600426789e-01
-4.374872764763700905e-01,5.643145119270340793e-01,2.255608288333752209e-01,6.627792445798541543e-01
1.631378888409045214e-01,7.253886437228651562e-01,-5.657079283934129954e-01,-3.566116718999364776e-01
-4.833343073263611789e-01,5.425154323918958132e-01,5.932203864421963235e-01,3.466331289524301473e-01
4.358576807369148320e-01,-4.222431689117327469e-01,5.712988453889027429e-01,5.525906420736077518e-01
3.086070471531351944e-01,6.733981155404159535e-01,-6.478746478194972180e-01,-1.776375780818955086e-01
-4.072470004807636212e-01,4.173009771078706187e-01,-6.455893313025226066e-01,4.931776458970935639e-01
7.741028066943412833e-01,3.605854939958823557e-01,1.409053860063749497e-01,-5.008878301397265975e-01
-4.809722088486613756e-01,7.452766702080499961e-01,4.615517020763975076e-01,1.408706744576674642e-02
-1.131446228668999132e-01,-6.695517051281900667e-01,-3.568106115746880191e-01,6.415489037820401030e-01
-6.173218204154922173e-01,8.089472151666060595e-02,4.979279702980325406e-01,-6.036866326700687235e-01
8.264563036850902655e-02,2.931549509658074593e-01,-4.919108686703279470e-03,9.524734520578279628e-01
-7.681848731071408976e-01,4.917282802718916379e-01,-9.424180398920678492e-02,3.990160165846399209e-01
2.482094272454299921e-01,-3.768058381700952753e-01,1.012410724205995427e-01,-8.866564643663038536e-01
4.508233596189902270e-01,1.852786583562548162e-01,4.211013298747109945e-01,7.649207718171225912e-01
3.530951616064209597e-01,1.025543684015235851e-01,-7.542848172417220276e-01,-5.439308989665158078e-01
6.558568364880502655e-01,7.400424918062129542e-01,-1.376245009105778738e-01,5.699488663250644460e-02
-3.309124509122660096e-01,4.496032879235047908e-01,2.522312927704467023e-01,7.904006631240640957e-01
-6.994348143678607022e-01,-3.425384267145041850e-01,1.786146142713791185e-01,6.012945918955491242e-01
-1.073071711980662646e-01,-6.085804668377643445e-01,5.811057951461793269e-01,5.295574012706500966e-01
-4.363487749288389450e-01,6.763879231120597524e-01,5.848281771247606509e-01,1.003749337593071583e-01
1.278058056236024975e-01,5.083047894451142579e-01,-8.470983194600768540e-01,8.784278139934836860e-02
-6.575939091544528159e-01,2.654606010399108706e-01,-5.020647626226171223e-01,4.950069636592899780e-01
-3.587589576108939915e-01,-3.023484396405807795e-01,-8.334266491354602735e-01,-2.920230331526764145e-01
4.637938916835415704e-01,-7.860820163410370265e-01,3.889896601017628353e-01,1.251292689827613325e-01
-4.649212106709001424e-01,-4.508228521918616893e-01,6.719797913867141537e-01,-3.592355547238709756e-01
-6.028345430734066701e-01,6.110619968630156551e-01,1.737644614456789194e-01,-4.827003849239752675e-01
1.456985069789000498e-01,-5.550098020882491268e-01,5.667538127345231880e-01,5.912073920384987025e-01
3.171909250772917410e-01,1.781800717233601727e-01,9.308801045620358483e-01,3.322664623225466546e-02
-4.354683857747357334e-01,1.625539753377238661e-01,8.037868960650191852e-01,-3.713086530190357615e-01
-2.932724688734054119e-01,3.732289978261278396e-01,-7.104518101426494925e-02,-8.772935406334939623e-01
4.376694401736315188e-01,8.418426995246176547e-01,6.248971774399183360e-02,-3.095825666465743531e-01
-7.713300021135292006e-01,1.184402823186079950e-01,5.598146937383388089e-01,2.786205951441518835e-01
3.539236674045363740e-02,-3.955881833643090650e-01,-7.150328991571742732e-01,5.753132387507879919e-01
3.899533810763703423e-01,-6.286796470742099796e-01,6.231278032974723047e-01,2.537912581225381103e-01
5.989785637217958092e-01,-5.621727788843140505e-01,-5.691635390011626772e-01,-3.520387414667593140e-02
2.841803852473442360e-01,8.903841129552072520e-01,3.438143169391771892e-01,-9.082596272700205198e-02
-3.860496623954539630e-01,4.809616360756125975e-01,-3.977294304920781509e-01,6.793032186794590865e-01
-1.317577967999385424e-01,9.130992309132355267e-01,3.833770452328066347e-01,-4.372320524213969828e-02
-6.384858961514143783e-01,-4.961697343010955108e-01,5.573102297178792464e-01,1.885647449315757396e-01
-2.480064670069467847e-01,-9.153496234058665360e-02,2.526302025137085183e-02,-9.640933164376872533e-01
2.261259642997500985e-01,-4.382641300255709083e-01,-5.107591363075772994e-01,-7.042135367065698315e-01
-5.588511381254083199e-01,-4.508687764957419186e-01,-2.387889684683572322e-01,6.537450423024149249e-01
-7.230312719659910403e-01,2.359787341583614029e-01,5.797721302558356271e-01,2.922397881241855511e-01
-4.202043911633360739e-03,-4.630889102172482952e-01,5.370724815065148761e-01,7.050419517086911059e-01
-7.518980478766433828e-01,-4.894216995959733141e-01,-1.412130740519152716e-01,-4.185386401285909330e-01
2.154772682033208042e-01,-2.867153496509107224e-01,8.053196594671875319e-01,4.720424782133948449e-01
1.711226828782717313e-01,6.323970221161308025e-01,6.855173303248510708e-01,-3.175799484342193835e-01
-6.605272091015572666e-01,4.584823450120485699e-02,7.289221371426025664e-01,1.739950097361731562e-01
-8.757093028323404971e-01,-4.795217016600576976e-01,-5.596276617085823440e-02,-7.766812244712171208e-03
6.871322362215223079e-01,-4.782789720395343447e-01,1.610441573549447891e-01,5.226502599557873996e-01
9.333035051064002552e-01,-1.744496981728181628e-01,1.860820415310434628e-01,2.527555023795908795e-01
1.034751466069514098e-01,-5.212859641626731155e-02,1.627962354728766103e-01,-9.798330925143320380e-01
3.307434281212193738e-01,4.222608726619100916e-02,-1.097412439470001055e-01,9.363667025721156278e-01
-2.729826502054566451e-01,-1.937197013873450668e-01,8.775647430402906402e-01,-3.432685126163360634e-01
-4.915437599687506043e-01,-1.697077173142779449e-01,8.115507494307011571e-01,2.664008329908668093e-01
-8.262717563439088142e-01,-3.740198749849712456e-01,-4.210460668593440925e-01,-1.021407689688855203e-02
2.207215574754013421e-01,1.749908099815419837e-01,-8.134128448606366968e-01,5.089398336771867593e-01
1.679312138255553977e-01,7.280647435237500575e-01,2.259832065140501833e-01,6.250219412423853038e-01
3.479852918468532286e-01,8.763488108499251084e-01,3.321872805423088937e-01,-2.388742401532690379e-02
8.285070570577430793e-01,3.027039238333752991e-01,1.936745296886620005e-01,-4.294607868610026968e-01
-8.916719590425898900e-01,1.926749340346306516e-01,8.952092758902867320e-02,-3.997292718522132415e-01
1.001341858356646769e-01,7.712600854510323067e-01,3.321961811523183594e-01,-5.336447532253185688e-01
-5.895865836491363809e-02,-8.369624017895668233e-01,-4.119005010820359081e-01,-3.554655986207623797e-01
-2.910526742894769536e-01,-8.863770023454332625e-01,-1.034815160891962571e-01,-3.448415959972765954e-01
-7.791309824487279156e-01,5.497024600955322526e-01,2.890158185752765285e-01,-8.515852374638048505e-02
3.045810750147112667e-02,-4.239380799382663767e-01,5.867156695773279029e-01,6.892847968279242066e-01
1.312024053263411982e-01,6.075819484640313517e-01,9.311164262456836371e-02,-7.777919559528680971e-01
-5.774990691129692211e-01,1.749034022378628261e-01,-7.566522790112589769e-01,-2.517557421913995119e-01
-3.791758460573103895e-02,-1.046981212050305116e-01,3.157112643599925550e-02,-9.932793283711114363e-01
-2.417559841961307299e-01,-4.899394006937523582e-01,3.536932275102044332e-01,-7.592196839957600085e-01
3.893554821150624901e-01,4.296707872912120529e-01,-1.050044789083457025e-01,-8.079352588572206173e-01
-2.618688935591451661e-01,-7.640137660229685823e-02,-8.807000029688891729e-01,-3.872402574758747051e-01
6.404949780161411921e-01,2.540182142075158578e-01,-3.815088785567390950e-01,-6.161914520417391961e-01
-3.607630983190421858e-01,-3.096663055334586412e-01,6.236340880234960693e-01,-6.205137310032761144e-01
2.680475616554200968e-01,8.896942720406921801e-01,3.695246137555591726e-01,6.794616793558505216e-03
-9.408668178686983852e-02,-2.834267292634655711e-01,8.577025403410909465e-01,-4.185251936763061953e-01
7.187002617184830300e-02,1.737075002568953808e-02,-3.700364113433097790e-01,-9.260701974806054837e-01
4.827839276084022191e-01,-1.085845684866134225e-01,6.196793520916483722e-01,-6.092015851266768811e-01
4.509362240798765464e-01,-3.187873746669735997e-01,5.896656447541903656e-01,-5.893433285973013191e-01
4.218271680659404499e-01,3.881957905290841504e-01,-7.041059987818441002e-01,4.190472658023079999e-01
3.747438162408495144e-01,-6.244479744411463029e-01,1.310692639418417071e-01,-6.726460045635728191e-01
-4.048149912755833468e-01,7.167695548466355149e-01,-2.720419340542533648e-01,-4.983567138100244986e-01
-4.416060292893653205e-02,6.940478484356579214e-01,-6.345352790654094077e-01,-3.372126997195833420e-01
5.839166036358942602e-01,6.811436833957098536e-01,-4.842077773869791352e-02,-4.390217658062370298e-01
7.601372221533905238e-01,5.481363310189987237e-01,2.291043112615087918e-01,-2.631523905940191810e-01
5.509834929212786489e-03,-1.206796467730571337e-01,1.983029057738928680e-01,9.726674776795064536e-01
4.656271687317075081e-01,-5.480601186820674986e-01,6.695144503185800344e-01,1.859350608779886671e-01
3.780867370003836436e-01,7.262968695636333738e-01,-5.739008226588127037e-01,1.345816919225343786e-02
-1.496758535992234462e-01,-5.197243175075384469e-01,1.034247881550199172e-01,8.347377347620966725e-01
-9.397953157553183834e-01,-3.249650041185667138e-02,3.257869138775115747e-01,9.793686073951055060e-02
-3.694047108302633137e-02,-8.765848561796604210e-01,1.391604731784793214e-01,-4.592044797444705395e-01
-8.179365607966520013e-01,4.473309350605770285e-01,3.590546950439593710e-01,4.421021394275390787e-02
1.949309851687949791e-01,7.138608535025741109e-01,1.378383362101935627e-01,6.583351623060287316e-01
-1.766530528413478851e-01,9.411613708131990608e-01,2.189065304130117517e-01,1.873203244535653345e-01
-7.518554095107915503e-01,1.608267864253635493e-01,-5.301570290171645494e-01,-3.574656802283875945e-01
-2.623632051890399386e-01,-3.863006117033067621e-01,7.363871774704812134e-01,4.895623666272181373e-01
7.487178911045550000e-01,-4.733865056254840109e-01,1.701641402361678962e-02,-4.637210125554137585e-01
-3.744478157593094103e-01,-5.563553308603417236e-01,7.153196513300432713e-01,-1.964061493880151499e-01
3.832711527526901918e-01,1.918346092032371664e-01,7.671882049729156217e-01,-4.772053691335637060e-01
5.836451788140852859e-01,4.922503341542847632e-01,-4.405494173211400022e-01,4.721907714791486743e-01
3.346172459206425143e-01,-2.165017359741232550e-01,-7.238178183221500861e-01,-5.632460056955912453e-01
8.954584836937506953e-01,-1.309397892215565136e-02,3.207018679569905717e-01,-3.084363201469179083e-01
-3.772788362241596971e-01,5.520787834669730332e-01,-7.201605220501725579e-01,-1.850365344017065872e-01
1.626115537163179969e-01,1.747581006920172486e-01,-3.860635958233985532e-01,8.910510584811575097e-01
5.138822665918522103e-01,4.851986844569566859e-01,-6.908658491585816241e-01,-1.523536384536023081e-01
5.957394855400770517e-01,4.097634142286413206e-01,-6.623138137770243628e-01,1.962875997312727716e-01
-6.782945213200234358e-01,4.515437197964797082e-03,6.642796278841083257e-01,-3.140521121602308230e-01
-3.907275949133690585e-01,3.710562794284387733e-01,-7.915916415976660403e-01,-2.881524891835064994e-01
5.190690898248273566e-01,-5.257680731184475320e-01,-2.049634638463125602e-01,6.419697748070865018e-01
6.116949845860747415e-01,3.151459381880907240e-01,-4.640951306081467775e-01,5.577884843035009199e-01
-1.057867033916388977e-01,6.305979608738866427e-01,-7.484336710669572401e-01,-1.760750554180325056e-01
-5.697907884797885902e-01,-3.842493765908867182e-02,-5.098648633017668352e-01,-6.433504509206056099e-01
3.374313543438832164e-01,2.046099909145827622e-01,8.267846257064768167e-01,-4.008765588295082338e-01
4.128273467922633500e-01,4.695697071323648442e-01,3.785874717083376195e-01,-6.824583490218095738e-01
1.023251707500085900e-01,1.619896770004233266e-01,-8.228199529659505768e-03,-9.814383326061705271e-01
9.652898453719864491e-02,9.387341356830244399e-01,-1.657560676187955773e-01,-2.863307592544251934e-01
2.470480610615209405e-01,1.621802519377334439e-01,6.680600093439761356e-01,-6.829060296427927890e-01
7.408042833468647670e-01,5.338550503050765172e-01,-1.536431798481468769e-01,3.776262336290370780e-01
5.425861638144612309e-01,4.191863287837994667e-01,-5.805664984956226959e-01,4.391191380734835170e-01
-1.542776800392565706e-01,4.440827821076660520e-01,4.657332146786823390e-01,-7.497209166231662003e-01
7.230435393439597069e-01,-6.471957827744020952e-02,-6.605438138190369290e-01,-1.915757981216607564e-01
1.507967130731985850e-01,7.663612519967905046e-01,3.702759200485134516e-01,-5.028384688908138500e-01
8.949504333592502858e-01,8.082450091092352462e-02,4.376892098447823232e-01,-3.097220476556621430e-02
3.091760094926638835e-01,4.217511650849660176e-01,6.218652325348129617e-01,5.829406337424842821e-01
7.614022176754644544e-01,-2.797373360780229246e-01,-4.869938956753786519e-01,3.238064719825319848e-01
4.725791590759859107e-01,-1.201502320407708407e-01,4.943585824583937027e-01,7.196127097941714679e-01
-6.705458997087018203e-01,-6.720970550321057058e-01,-1.260577531182783262e-01,2.876859188069332274e-01
-3.191247221035512505e-01,9.044970664016958040e-01,2.743311440213240249e-01,6.918736902794504762e-02
-4.824670395059761918e-01,-4.761080342286909683e-01,8.963901325320350333e-02,-7.297338849445202946e-01
2.632080116493506483e-01,-4.809761085835093791e-02,7.750015818787152622e-01,5.725213624999534456e-01
-5.935643584803214357e-02,-6.731483018926892603e-02,4.801440390958265358e-01,8.725865165591053518e-01
-6.111757203181522602e-01,-7.071183904411008081e-01,-2.518543767285822965e-01,2.510322563262172291e-01
1.999645707554248142e-01,3.668307737916243760e-01,-4.344182165001707618e-01,-7.979537373901119945e-01
3.826052500540918500e-01,-3.567852914049050028e-01,-8.478648840497009509e-01,8.627060254542005813e-02
8.566340589491726609e-01,-1.481517028994616680e-01,-4.841429795062985875e-01,-9.917024438317526003e-02
-1.839500928330717044e-01,-8.115440186584969018e-01,-4.349449422172060875e-01,3.440662238087205949e-01
3.417401403254239911e-01,1.302422547134888808e-01,-9.243022901939912384e-01,-1.091600106249939750e-01
-7.265912383227168814e-01,4.955084043930363391e-02,4.830243653802753223e-01,-4.861042573907389808e-01
-3.709327366941130300e-01,2.119184003334035615e-01,8.626599301006399045e-01,-2.707717515685606480e-01
-2.096474789641508962e-01,-6.738346728772593996e-01,2.561818244641653891e-02,7.080525947417428689e-01
7.241366083607335691e-01,-9.710856129549221005e-02,6.737946005665994553e-01,1.104397392347067214e-01
-6.756839731590403852e-01,7.107812465810402491e-01,1.824002015455147840e-01,7.050783219523416856e-02
-5.188277469619501092e-01,7.221646723989244565e-01,3.633843207881909954e-01,-2.779348670581756608e-01
6.658598837598382891e-01,-3.299459771846106615e-01,-5.055284121442708001e-01,-4.384145205783211985e-01
-6.059600872157862028e-01,1.556049754094797899e-01,-6.609212088600799895e-01,-4.144666693573592076e-01
-9.862731188644580094e-01,-5.686236498852152016e-02,-8.542610590337242071e-02,-1.293614582612329089e-01
-5.836026688684928798e-01,-7.119687504006458889e-01,2.618858581348954551e-01,-2.896967736297116902e-01
2.215747146054431738e-01,-5.396551633671837767e-01,9.349500019746968815e-02,8.068058226343746142e-01
7.705274409331313024e-01,-5.264460359732930916e-01,2.866601063430637697e-01,-2.167210589869599802e-01
1.182637643926057608e-01,-7.211890706163189835e-01,-3.801101947568798489e-01,5.669358396654307075e-01
-3.690870347888561276e-01,-4.168914776872846284e-01,-5.623881009732155656e-01,-6.113066991831697106e-01
-7.287752140197369943e-01,8.289684655605537855e-02,-5.753822881907193487e-01,3.618701738164675219e-01
4.308292867427109679e-02,-8.795836551818069227e-01,2.771805483015006288e-01,3.842491358964122417e-01
-6.929989166816805657e-01,2.910521660347800132e-01,-6.489640092366135704e-01,1.178424916573841824e-01
-5.405873663304064936e-01,-8.206101751767129748e-01,-1.833320673235329379e-01,-2.745164569345464115e-02
-2.498696633661098565e-01,-8.853267842036544044e-01,-3.083976230216902703e-01,2.421828701941869666e-01
8.182866473258216047e-03,1.095217869609414613e-01,-4.863076587868128686e-01,8.668580505956277049e-01
-6.347540908344310173e-01,2.608896778044739739e-01,6.585800191368440526e-01,3.087007913461620734e-01
-7.984780651264014595e-02,-3.109454421056971340e-01,5.654984339170833207e-01,-7.597030874401780043e-01
-5.565803167360586778e-01,-2.596847855850163422e-01,7.416382503407576987e-01,2.697311046007713209e-01
-6.857062011096974885e-01,-2.529486086727751326e-01,-4.780542993229373594e-01,-4.871222577845010782e-01
4.139290357175789969e-01,-5.566990568007410545e-01,6.276174406003145467e-01,3.533344899686291507e-01
6.173030566054283907e-01,-2.638506617578252333e-01,-9.298919519451788462e-02,-7.353045451869782978e-01
-2.623437619475696980e-01,2.622503308923122001e-01,7.177822834104604643e-01,-5.892275520850456250e-01
-1.920307581793786189e-01,-1.116945158852174630e-01,-8.855587997162953640e-01,4.079633994358487503e-01
-5.989838563342383404e-01,-1.971299429216001042e-01,-4.228378056083944569e-01,-6.508197258864922841e-01
5.504158107065301730e-02,-2.946878660052459353e-01,-4.829485820758816494e-01,-8.227333426167997565e-01
1.922959573145024692e-01,8.206323163863783465e-01,5.862712587305044659e-02,5.349277766340906348e-01
-5.913401649391347714e-01,5.644460879431279637e-02,-5.000344040055952899e-01,-6.301558618933755795e-01
-4.089758247358035170e-01,6.991937650782141800e-01,5.570124147209034593e-01,1.833140024771935661e-01
-9.601353127765128725e-01,-1.455399141815439945e-01,1.818116702633950921e-01,1.546054044838375274e-01
-8.505280089121085574e-01,-4.394372734137026448e-01,-4.217651691249459101e-02,2.858638315909604599e-01
-9.149939813085304907e-01,-8.312467229433020965e-02,5.060729273413270418e-02,3.915548556042265926e-01
3.393304603939824027e-01,2.476784036208775353e-01,-3.702491836066110764e-01,-8.285081707908856785e-01
-1.771081612423162366e-01,5.175606975286465294e-01,7.290777423840738569e-01,4.113505429134239888e-01
5.772390561205213988e-01,4.272299807613914036e-01,-6.909806348830619394e-01,-8.255530173351330325e-02
6.776619087239776906e-01,-3.810009352616843814e-01,6.207863969600722065e-01,-1.011774389062540247e-01
6.359996566810627305e-01,-6.587051736604605523e-01,2.572634320088650894e-01,-3.089133494129587265e-01
-7.288474769292520028e-01,1.019005213957026174e-01,5.303066882007247962e-01,-4.209185854327731624e-01
-9.159143654692998293e-01,-7.585776126666775310e-02,-6.985938388585662129e-02,3.878996541190360414e-01
4.786406844741004640e-01,-4.246341776378465688e-02,8.664193000946253109e-01,1.357112734503749252e-01
-1.680899592058343328e-01,-9.582359714879731261e-01,-1.668797059803729388e-01,-1.602521522245045071e-01
6.168977661914950561e-01,2.632447264858530644e-01,-7.280073423558443002e-01,1.419319186135102051e-01
3.575138519894928701e-01,7.305271660265049150e-01,4.210483411821523414e-01,4.015372955538203947e-01
6.630264262375872020e-02,1.991051893833575281e-01,6.789954517898055819e-01,-7.035099569945554299e-01
-1.835958611000923224e-01,-5.037834036742989685e-01,2.245683681301260393e-01,8.136730854616158748e-01
-1.962641792097112314e-01,-8.969432172409770310e-01,-1.622848897119975042e-01,3.614372028108184254e-01
4.114095723126039994e-01,2.778672570709712630e-01,-2.090432592005561641e-01,-8.425157963149556561e-01
2.340039450786783048e-01,-3.494863225665965634e-01,8.705335440900643373e-01,2.554854450658267662e-01
-6.198892634780559519e-01,-7.446594700912837483e-01,-1.324127532643821215e-01,-2.090130077314518442e-01
4.901225843472324373e-01,6.413668013102902243e-02,-3.140953969515647426e-01,8.105617929488159179e-01
9.651307333854919346e-02,6.968501680314818092e-01,-5.890244972950381408e-01,3.976621827324937075e-01
1.227217616762872332e-01,-6.202006077899369085e-01,6.402802145715227322e-01,4.362703544091734997e-01
-2.777451271610675287e-01,-9.155354392315128154e-01,2.648580046844901670e-01,1.204273274800775201e-01
2.514626238695655269e-01,9.945737516173887294e-02,2.937149874322865228e-01,9.168458351763518754e-01
2.530371206040511467e-01,-4.324192830604486892e-01,5.342869978732668335e-01,6.808253690466226082e-01
8.098602859088871453e-01,-2.918839344564674310e-01,5.322723260222272934e-02,-5.060602215382048463e-01
2.803096343521415124e-01,-2.635317055547194420e-01,8.642767384252135754e-01,-3.240420782458112714e-01
-5.900452934869033772e-01,-1.837031744863900085e-01,-7.282477430776798100e-01,2.962345692518727480e-01
-6.855154503695417567e-01,-2.128069404253303803e-03,-7.226945107622130271e-01,-8.818550186635357169e-02
8.739691680905742333e-01,1.698980778482795106e-01,-4.550344935196299900e-01,1.600456428221070510e-02
4.744941669469716211e-02,2.779993761930671936e-01,-8.679015291792057107e-01,4.089154378841610149e-01
-9.239030448193981115e-01,-2.327870193930694220e-01,-1.805478798085521364e-01,2.441635322323393031e-01
4.615458213357122308e-02,-8.083085835559205012e-01,-5.682250237608867938e-01,1.470622680018112416e-01
-2.307461634928768823e-02,-5.534131061763885029e-01,-4.596050562345635471e-01,6.942367667274316201e-01
-1.749973129413554540e-01,-4.686304899003915919e-02,8.303606969642148838e-01,-5.269543699788110658e-01
-8.601068707376477995e-01,3.619948893469087103e-01,-3.377627584247205883e-01,-1.228502747979606236e-01
-3.680591988273922421e-01,-1.478583541747222618e-01,8.046712440931632626e-01,4.417856065885821804e-01
2.689892116131737954e-01,-4.182504728475055500e-01,-3.395225688155460442e-01,-7.983957485254128406e-01
-5.771884875846970964e-01,7.127069610696891155e-01,3.793845309449137004e-01,-1.223503785127224575e-01
2.862177580802317822e-02,-6.439110578378448579e-01,1.659038576405851284e-01,7.463479440339573223e-01
-8.382932629595831742e-01,1.458001635182296918e-01,4.897724839970502564e-01,-1.900779616736033295e-01
2.631378806216981836e-01,9.509582753720661197e-01,-4.497580868585573932e-02,1.562497709321833961e-01
-7.895292524517004695e-01,1.813202699115784577e-01,5.067795349163862761e-01,2.948576304459196717e-01
-5.296820826322526932e-01,9.797175678880334915e-02,7.939507351662928869e-01,2.819231390627205958e-01
7.689348331504292089e-01,-1.987910007270189128e-01,5.503006710344485741e-01,2.576636021189399606e-01
-5.974601081629009602e-01,1.948290586512256006e-01,-6.777990885458321513e-01,-3.816692974624645851e-01
1.469013559108924283e-01,1.594953346367701252e-01,-7.181169330199497214e-01,6.612785346362509697e-01
3.436070165401518550e-01,-3.989633263250985662e-01,-8.489661508893300290e-01,-4.493280623490841785e-02
-1.902272824458981770e-01,4.118268452545710556e-02,-1.914811190225151338e-01,-9.620044431115744032e-01
-3.346558420313069382e-01,-3.296088554802725779e-01,6.123464767420188082e-01,-6.359207986887502884e-01
5.986936577866036613e-01,-6.669698232440467445e-01,4.400872348914333099e-01,-5.513968347310598678e-02
6.183216214984431636e-01,3.564378477998478983e-02,7.537990112064713033e-01,-2.195334682872756571e-01
-5.886565617172290210e-01,7.884474081447010452e-01,-7.740281078288800687e-02,1.607574005141342299e-01
7.013642779142190697e-01,-5.747174951935610787e-01,3.099744543301125033e-01,-2.858387448318618906e-01
-4.364113137271136839e-02,2.624656184493799269e-02,-9.036521386587123006e-01,-4.252286231444972198e-01
8.388208600746266397e-01,5.106846360799807139e-01,-5.084121210983661571e-02,1.816478415140787839e-01
-1.698086023326327021e-01,9.497350886772708556e-01,-1.586963759779840000e-01,2.097230558628894459e-01
4.706640847990365417e-01,-3.146906143106733555e-01,5.954440999201526807e-01,-5.699925090870366917e-01
6.675424740978983529e-01,-1.595904178408170115e-01,-1.057200033080039764e-01,-7.195423717260893692e-01
-3.064760173545442168e-01,-8.181892789375787567e-01,-4.829831809453071778e-01,-5.801725210706464714e-02
6.822846804022414391e-01,1.214375569118557180e-01,1.919717268134689403e-01,-6.949009934975960423e-01
-3.009435994070800424e-01,6.526560510345797983e-01,-2.815938071157143563e-01,6.357499168839401138e-01
-1.079664918891470038e-01,-1.518127311202138036e-02,6.138662506419215736e-01,7.818446085371942855e-01
-1.050242225656974338e-01,-7.070494646447987863e-01,-1.291129408578714499e-01,6.872996549708183522e-01
4.673712071466173956e-01,-1.259574965905609772e-02,2.918239249571871752e-01,8.344125470313964454e-01
1.480980662305468321e-01,9.081572177788894973e-02,-5.081508899935864854e-01,-8.435651370554971828e-01
5.745075597590684202e-01,-1.541158185294362604e-01,-6.983334735619531886e-01,3.981453728998733954e-01
-3.673919553546180564e-03,8.481218534710477375e-01,4.971338540830008701e-02,-5.274508539107645166e-01
8.316893157627913702e-01,-1.932270941698698841e-01,4.019415468306524741e-01,-3.307554459960874160e-01
-7.394697760412765053e-01,7.512002681891456757e-02,-8.659329215117696557e-03,6.689293295331981692e-01
-9.776441488438888938e-02,-8.829517433358659018e-01,-2.161932993191253427e-01,4.050910952514003016e-01
-1.987708210337095771e-01,-2.230333892591561118e-01,7.914307448607337259e-01,-5.332763299363125764e-01
-8.151489235570842373e-01,-1.041379806177409745e-01,-2.789558718025360040e-01,-4.968612834619666740e-01
-2.053444909465557411e-01,7.691952554136748388e-01,-4.661124010093087300e-02,6.033238693962347243e-01
9.471331351083845940e-01,-1.881995683968498423e-01,1.286337002012434005e-01,-2.257722702360472344e-01
-6.628080919415362260e-01,-5.110453125837001176e-01,-4.185697720031593128e-01,3.525868229362399964e-01
9.408380245476186676e-01,-2.917272183834360710e-01,-1.723921134518679454e-01,-2.896888124028581632e-05
1.697277556798239828e-01,8.432890435943021790e-02,4.612904663194376531e-01,-8.667711523373535787e-01
-7.702221971358308439e-01,-1.765070449730825330e-01,3.555392888365958015e-01,-4.991941948858091282e-01
-9.281859707623848488e-01,1.691003671018999621e-01,6.814248247933400726e-02,-3.243955480697066629e-01
-6.285974944845345025e-01,-6.747571081028276296e-01,5.984776693406801407e-02,-3.820815093477832325e-01
1.736292244670519513e-01,-8.884294836324968525e-01,-2.719817054076818508e-01,-3.264535142206222429e-01
-9.519368144287984612e-02,-2.775830740007255160e-01,3.780984295624805758e-01,-8.780247021605059876e-01
5.437188753243692163e-02,2.703347210742492734e-01,9.370197068658644435e-01,-2.143756174868710340e-01
1.235206781513086133e-01,-5.754510348216259619e-01,-7.568749802360508205e-01,2.841461118587380597e-01
2.882343154612810113e-02,6.045166032282927038e-01,-7.347979594661137037e-01,3.062692360973725547e-01
9.715728026646873738e-01,1.964065994203803289e-01,1.272507180014854911e-01,3.574900830111064215e-02
-6.916250906046141900e-01,6.075235133558205547e-01,-2.914122081216742877e-01,2.600939055872116268e-01
-6.232515206815371078e-01,-5.038148545134505385e-01,5.862929631234472527e-01,-1.182738167629260456e-01
5.859283347917743079e-01,-4.282678796030225943e-02,-7.204890874596662220e-01,3.684417560112845380e-01
-3.104858026512556934e-01,3.920387261119091526e-01,1.317610537295318138e-03,-8.659690915286925028e-01
1.020825203199122039e-01,9.722974110489888133e-01,2.102651392656983698e-01,2.339812416570346935e-03
7.294218777921916974e-01,1.180494331588804596e-01,1.205128215403669656e-01,-6.629364338859038419e-01
1.466390607502915944e-01,4.997617541852985568e-01,-4.273938497986723428e-01,7.389652712206274954e-01
-2.630598969902573844e-02,-6.738870211703241742e-01,7.194922694630007109e-01,-1.658769175838599175e-01
7.839135139276293129e-01,-3.050188804511573260e-01,-7.752851361974064104e-02,5.351938105264977263e-01
1.393205533462651691e-01,-7.930087487534431823e-01,-4.484893851632418826e-01,3.880517738803498373e-01
-4.023889118886930794e-02,-3.061758641061676500e-01,-7.658926709999578364e-01,-5.639553070796322620e-01
-8.707842507503080753e-01,-5.887557736398708885e-02,-2.771065652666327983e-01,-4.018462473650972200e-01
-1.006752295349615288e-03,1.301039302352634819e-01,8.119598129843721424e-01,-5.690283085098113425e-01
6.930687731822950948e-01,5.373119032355622160e-01,-4.562420772752072140e-01,1.509793403236681375e-01
-2.367668891044429624e-01,9.352818802750001437e-02,8.821127213772649300e-01,3.963219209840566637e-01
3.374969694837599565e-01,-2.727268935911154601e-01,-8.967336854474882157e-01,-8.708923288893749559e-02
5.545890826668598006e-01,-6.805682583061671842e-01,-4.716383641201066790e-01,8.255330800731677798e-02
-4.994015572603163200e-01,-4.436735601107766880e-01,-2.414299811970451737e-01,-7.038916257804139764e-01
-3.913107335705561796e-01,2.888232323374486654e-01,-5.727619058715953670e-01,-6.598491111132599451e-01
-5.646657508071422082e-01,6.927647213188906639e-01,-2.130004234233810467e-01,-3.947916543986542681e-01
5.525640816117449727e-02,-9.378040778114310472e-01,2.489694971282518932e-01,2.355513330403428696e-01
-1.783801908807965131e-01,4.997624886459935412e-01,-5.892586448956863565e-01,6.092554569795769481e-01
4.882939056439790093e-01,-8.605733277127710634e-01,-9.216825269949496802e-02,-1.117480314575530903e-01
5.917488504202973454e-01,-5.108296841499071483e-01,-3.630749387230843284e-01,5.070137283040676568e-01
-2.683088273032211424e-01,4.372338718653646095e-01,8.413133182645994301e-01,-1.703784463933181725e-01
4.632545604204704737e-01,-7.402532130052242865e-01,4.588811761822655932e-01,1.638549939143122136e-01
2.703486180225617708e-01,-3.418696781065264645e-01,-8.532150587036461120e-01,2.864625831168267633e-01
-8.921292855859501714e-01,-1.554252093595524242e-01,4.087155876274217170e-01,1.135777730271767122e-01
8.575837419403891104e-01,4.234757914777307897e-01,-2.893827089095252214e-01,3.841910170754014170e-02
6.807552029901318101e-03,-8.294307047025777369e-01,-4.961950376394393958e-01,-2.564933682455377006e-01
-7.699282584126799778e-01,5.736379549540855313e-03,-1.074427120697664939e-01,-6.289941450207420237e-01
5.107210804120032588e-01,7.740845120912253075e-01,2.314554194325943726e-01,-2.939141626029061483e-01
5.260195921137393871e-01,5.326345132657492876e-01,2.328263034375130380e-01,-6.208025261049414656e-01
1.339248365542884123e-01,4.551549513409166581e-01,-2.436537418688986267e-01,8.458906327043933526e-01
-5.343116995206972364e-01,9.714014320209322581e-03,-7.818071493732101640e-01,3.212385824741885720e-01
-7.973027149244321654e-01,-2.735156525248167991e-01,-5.297879743359366067e-01,9.392694420174742265e-02
3.117870532413037354e-01,1.779290832001606815e-01,-7.015931530259905680e-01,6.155461984365623307e-01
3.801609869666191521e-01,-8.750083864464685002e-01,1.497339733197419753e-01,2.596491572695668326e-01
-6.404647535920044987e-01,1.812156058447262630e-01,-6.549406848287002703e-01,-3.577967341393362144e-01
-3.645209489054684338e-01,-8.488225059684897378e-01,7.139867920541637103e-02,3.762008237340161432e-01
5.050549045992400732e-01,7.053845590081803119e-01,2.692744543928834999e-01,-4.181428409820052705e-01
4.294280573385584332e-01,-6.610567094544785860e-01,-4.405848471796160459e-01,-4.295120055264615710e-01
5.980057114315608935e-01,4.790448328500100383e-01,2.431572009575040660e-01,5.947939078684739700e-01
-6.452980446638836298e-01,2.527506078477624873e-01,-1.148525528394180178e-01,7.116996943176411294e-01
-5.292328391746049104e-02,-3.567653135399214137e-01,4.522571650128320297e-01,8.157089516296296416e-01
-2.199357096117894872e-01,-3.465319719575173790e-02,-3.967902267138713190e-01,-8.904970272527726882e-01
1.304852920875254618e-01,2.887795568800280988e-01,1.187350299595781311e-01,-9.410005041111857427e-01
-1.000912716098675270e-01,-7.962118515448273204e-01,4.747007548250983255e-01,-3.615074247862127832e-01
6.160127742999819134e-01,4.279916067127825241e-01,-4.324510398868143257e-01,-5.003374307239698560e-01
3.846828691858892868e-01,-8.275863135831392770e-01,7.796299384225416351e-02,-4.013000813804232791e-01
-5.927044145361675120e-01,-7.837205797174319200e-01,6.909322031365035255e-02,-1.723648944054459453e-01
-3.454612354844005528e-01,4.656940399933724994e-01,8.014288267251027387e-01,-1.466200245064364638e-01
-1.873350044531410519e-01,3.127464784705790701e-01,-9.118976861935925715e-01,1.885148435152137480e-01
2.714202742553076808e-01,2.864363228720390731e-01,-8.655924613137303547e-01,-3.082774052368368878e-01
-4.495643717122282945e-01,3.903459390457288819e-02,2.512394944622116655e-01,8.562983665686083601e-01
-3.210909363475631939e-01,-3.833870775386755692e-01,8.253153320335486764e-01,2.622395128163414468e-01
6.042632271692826018e-01,1.171809906242749916e-01,-5.367630252397285195e-01,-5.770788702272608983e-01
-5.381696572457222993e-01,2.277736990056584143e-01,4.213349752614791721e-01,6.935195748374449742e-01
4.721196505835610346e-01,5.923111382945340786e-01,-3.154114017020445693e-01,-5.716521657979097837e-01
8.319855534150422116e-01,3.615773453008346849e-01,7.978868992534010607e-02,4.131532732943849484e-01
1.993852568326055230e-01,6.517030024455011672e-01,6.604600340903898914e-01,3.151527555498066513e-01
6.452554466552219425e-01,3.487474613852425964e-01,-3.454733069812053747e-01,5.853792026563537920e-01
-6.330595054974084146e-01,4.862964360322027391e-01,-5.790946928901172797e-01,1.655317959434241537e-01
-4.361212073184782545e-01,2.912927429771370313e-01,-3.175810510672645581e-02,-8.508456106579844747e-01
4.114519602266739629e-01,-5.223316700197064844e-01,7.449221331299388238e-01,5.447867925338789608e-02
3.457302043531829128e-01,-7.540415586312719798e-01,-4.682924978274899397e-01,-3.042927704256523924e-01
3.909859535439881850e-01,6.989370788535200774e-01,-3.526244167062377866e-01,4.840175251760955866e-01
-7.182070822521728903e-01,-4.200665213215341032e-01,-3.370084225212163775e-01,-4.406223187917368556e-01
-9.238410864364452468e-01,2.332462638507276365e-01,-1.434618518750680471e-01,2.674556495349860730e-01
7.373137325040510781e-01,2.390995952061132357e-01,6.317715466157906024e-01,-8.034694761419188327e-03
-6.052758934556760062e-01,5.525805310437242879e-01,-3.290565132527726866e-01,-4.690604018661100327e-01
-1.106844925362394927e-01,-8.383257748614135751e-01,-3.917974721459278054e-01,3.625652756884839567e-01
2.532606464590838602e-01,-5.769005835715623753e-01,-3.180791874441387668e-01,7.084281136041922222e-01
2.087974332727436100e-01,7.569444208657118978e-01,4.277804569977692317e-01,4.477082266273046951e-01
-8.319208919331184671e-01,4.605563657907303932e-01,-4.735659617629874724e-02,-3.058640487102637917e-01
1.673291234095319047e-01,6.866324744050228412e-01,3.580230730898393832e-01,-6.102100365339305776e-01
7.362376382205274572e-01,-6.124662731846770569e-01,1.811901926596314882e-01,-2.236276332716909676e-01
-6.458111030276976472e-02,3.067779213601003474e-01,-4.450733626446966018e-01,8.388243493259956995e-01
-8.767390251333262441e-01,-3.126258488386277068e-01,1.724901449304041268e-01,3.222435574966248106e-01
-1.181892845762106542e-01,-1.800603798808484424e-01,8.957109201652824204e-01,-3.889877891466401727e-01
7.009393723876667925e-01,3.898673797748635206e-01,4.088623930710370558e-01,-4.353377607748845635e-01
-2.159514708465982286e-02,-2.815044481252710895e-01,-8.873549631288083495e-01,3.645408958110868958e-01
-2.125047348876156206e-01,2.795602332812831547e-01,-4.902192073620155188e-01,7.977298680326667668e-01
-6.654128879678515851e-01,1.530556651528486023e-01,6.096181588500663162e-01,-4.026975940965596967e-01
4.326559201519090680e-01,-5.959081828352992272e-01,6.755620666440810274e-01,3.630683818531815071e-02
-4.766561008645588959e-01,-2.852077620843856409e-01,6.928606204716518668e-01,-4.597821816415350593e-01
-2.915852068256520879e-01,-1.076828427127582144e-01,-5.113612300348574502e-01,8.011817302978010424e-01
-3.808817420471705684e-01,6.009664243690273633e-01,1.401306256199906231e-01,-6.885723368823124524e-01
3.447902689984974622e-02,5.109529243565790191e-01,-1.420126215940535619e-01,8.470954616237083012e-01
6.015072526073766968e-01,4.953789253712119756e-01,-2.686815904579808456e-01,-5.662145779717780991e-01
-2.449596917259135587e-01,7.349255479173663619e-02,2.318603494303241308e-01,-9.385277684660038311e-01
3.459802446706464890e-02,9.447917721275064795e-02,-2.149247678729559186e-01,9.714339946341872256e-01
2.807534291603812626e-01,7.488307797286821721e-01,-1.395437384664833524e-01,5.839156791870023788e-01
7.049676359116661128e-01,5.309155597883923328e-01,-4.635579451545659979e-01,-7.914121666850161552e-02
-2.504539463451504466e-01,3.998217304149894735e-01,5.733356951618278075e-01,-6.698519129639084468e-01
5.249353664110577994e-02,-8.089239741851567134e-01,5.581443244264260306e-01,-1.770913484898947177e-01
4.150848676526946307e-02,-1.144276710464395552e-01,3.712058187727663161e-01,-9.205376655708257250e-01
2.335344047251789942e-02,-7.259350170754028109e-02,-2.569649231400408240e-01,9.634074053086610911e-01
-4.701724260540164901e-01,4.220611251567564226e-01,1.891565189760094079e-01,7.516795246238731076e-01
-3.985934324497336645e-01,-4.969569110099707476e-01,7.019128858076288946e-01,3.185520443264710511e-01
-7.971366628358628192e-01,-3.051298936462255584e-01,1.948264428050214547e-01,4.832303239142684559e-01
-1.862626727422840855e-01,-9.037906318004857997e-01,1.516060941469838663e-01,-3.542376361005074581e-01
-5.460790759441386255e-01,-8.063941698375935996e-01,2.204405936984412950e-01,5.414822543549081130e-02
-7.218722024105647672e-02,6.033827184228773843e-01,2.721666409550352883e-01,7.460855312186002175e-01
-6.275555487139785615e-01,-3.063610707557892082e-02,-7.739823684496363043e-01,-7.865593143967222756e-02
-2.099198720307457744e-01,6.456308830469232873e-01,2.711286617469263818e-02,7.337297204491844971e-01
3.140354285221401143e-01,8.678225558834742337e-01,-1.393142582735699686e-01,-3.589669881402396956e-01
1.772639850685586993e-01,-4.827025924515727096e-01,8.479808802395146783e-01,-1.284683369019871402e-01
-5.111456276793633347e-01,-4.946132512171185214e-01,6.963139441386688722e-01,-9.609771184972110136e-02
-2.980784410908638993e-01,8.394671800926752914e-01,-4.515694089639669673e-01,5.029080822601554590e-02
3.380498583028611614e-01,-7.864318554182277987e-01,2.158162373913244947e-01,-4.697558746445973377e-01
4.669405052750984497e-01,-5.244664451000207173e-01,3.539239203601184380e-01,6.177696747935327304e-01
8.294850689294854806e-01,2.051426254111666514e-01,-2.284477673153636479e-01,-4.665647235605002718e-01
7.195500630261132402e-01,-3.425484019538950209e-01,-4.981631265986964374e-01,3.416749894495652584e-01
-3.757424865197475650e-01,-5.005111385913560973e-01,-7.497639612906140671e-01,-2.148492176382032215e-01
-2.539398656648236483e-02,1.942008992455398209e-01,8.287780546321071862e-01,5.241832621695441397e-01
-9.283588338523722505e-02,-1.557046721612606599e-01,3.378456338691685490e-01,9.235788442243448859e-01
1.034212220098948976e-01,-2.770758438827299885e-01,-5.655986498227892900e-01,-7.698254314409798127e-01
6.746871205405490235e-01,5.184035334067422784e-01,5.216258034994895043e-01,-6.294113957992020225e-02
8.093904209356178603e-01,-2.830229210153475394e-01,5.144089924263959279e-01,1.298311166338482134e-02
-5.673896270960466781e-01,5.806160002911840978e-01,3.977128699800570599e-01,4.275260744351191966e-01
5.523701508791612619e-02,-2.662976442559537166e-02,8.825984499872193689e-01,4.661112569880417889e-01
5.620471094158603353e-01,6.157425900551243003e-02,7.108698592047324460e-01,4.183009690395679270e-01
3.078321651878224152e-02,-1.084594956393552939e-01,-3.475508726431755097e-02,-9.930161203604219722e-01
1.605682365134316891e-01,-3.080957297380104709e-01,9.364467523210878719e-01,4.860393818875915345e-02
-6.863425561359822735e-01,-4.720620900217255278e-02,-6.488599365330860458e-01,3.250942205432891252e-01
2.690793504400879055e-01,7.238371413535246157e-01,-6.309730796964441168e-01,7.435770748404542385e-02
-7.924825901211233203e-01,4.085383078730364659e-01,3.009110912109127511e-01,3.384084965561729441e-01
3.648214959080783859e-02,2.352575926661916450e-01,9.617369509509926528e-01,-1.355911318251678543e-01
1.349516516978970793e-01,-7.689284262458093711e-01,-6.151113457560991593e-01,1.103411044773101590e-01
9.139574062115026765e-01,-2.223891009532147078e-01,-2.028529240436344749e-01,-2.721684012065149760e-01
-2.250604868446914875e-01,1.259951580423674944e-01,-7.242304028638477664e-01,6.395024010735049780e-01
-3.468610899762198940e-01,3.967711757073427159e-01,-7.398086245922832482e-01,4.182621395335654468e-01
5.443971459072610708e-01,2.678309406180091612e-01,-7.600432720897950523e-01,2.328788511796172633e-01
-6.390414195673215225e-01,-1.599479709325583032e-01,5.722423946005151807e-01,4.884479015143871061e-01
5.896776642823359227e-02,-8.447670760737874263e-01,5.274578041412568696e-01,6.840800066288268977e-02
-8.372832741686019320e-01,2.783207551891344611e-01,-1.880477948951855827e-02,4.702559476463921140e-01
-3.008435673008288402e-01,-9.450632606878154318e-01,7.361981491607148820e-02,1.045404427173955708e-01
-4.849035264967319625e-01,-3.041850397052867638e-01,8.167606374230169664e-01,-7.240229807729320344e-02
3.363714532407649505e-01,-2.887196193581371695e-01,-8.952255792245524813e-01,-4.545755321674108118e-02
-3.654107736372181336e-01,-7.151615542143625603e-01,-2.265317233076862002e-01,5.510919126777283905e-01
-3.695344965482182109e-02,-5.545603190974069951e-01,1.973820178756229560e-01,-8.075503910348492687e-01
-9.182643370630336754e-01,3.272777289761608088e-01,2.228765375373917557e-01,2.438116022193031855e-03
-6.111954722407414442e-01,-3.387279290460268322e-01,-1.317575238060310072e-01,-7.030956120735714077e-01
-3.958183675009360747e-01,3.632254248453300471e-01,8.174080558946679176e-01,-2.079403300308114710e-01
3.526163370963031896e-01,-8.364802893812314233e-01,2.727913777733327882e-01,-3.186648843252184449e-01
2.285959976876005550e-01,-1.723075905207621106e-01,8.121696068017826287e-01,-5.083645285398833424e-01
8.770294394914424085e-01,-3.909650552749492913e-01,-2.298988024167818722e-01,-1.584683831763029904e-01
-9.291097514402854030e-01,-4.420252834221091720e-02,-9.675354082198173167e-02,3.541750395004371055e-01
9.168148369594170122e-02,4.970776618922882473e-01,5.812516017669991930e-01,-6.376949733519189367e-01
5.252868952135557601e-01,-6.876361917145125124e-01,3.197023146762573709e-01,3.860318323039024779e-01
-9.076867082762074546e-01,3.089574298579099779e-02,-2.417210261530591264e-01,-3.416449007369657398e-01
7.931474826705522396e-01,-3.836898390667493053e-01,-4.665630494734829825e-01,7.757640747226073052e-02
4.961551475816382006e-01,-1.126879147785706942e-01,7.643592208462353099e-01,3.960889860857491618e-01
-9.078830493027176818e-01,-2.408953361592179876e-01,-2.520243043112068149e-01,2.328122759692639321e-01
-7.045692606675983960e-01,6.934930493298282483e-01,1.385067783566105160e-01,5.886781635836955962e-02
4.255619980382414069e-01,7.859425121599807884e-01,2.871513163569748284e-01,3.445801429563445373e-01
1.942123790747532774e-01,-1.753561054939302977e-01,-5.252406824475835956e-01,-8.097246529420495387e-01
-2.808355297546454299e-01,-6.216276830581186630e-01,-4.524899885962094942e-02,-7.298376237118945342e-01
4.462596045756865304e-01,-1.081426968477410960e-01,2.376620493841407611e-01,-8.559639435893194870e-01
8.611997898349482705e-01,3.612201827269861942e-01,-3.482277973828512563e-01,8.119299667342866345e-02
-2.931929128299932685e-01,-5.583340277452737421e-01,-7.295747930181207819e-01,2.646160439591107583e-01
-2.999723329695472840e-01,4.539459876613680112e-01,4.693978006056788166e-01,6.954245786032470233e-01
-6.783772842515590762e-01,3.826561488254541232e-01,5.198884534171720473e-01,-3.508482976744395354e-01
-3.785212687351112160e-01,8.407826085731744392e-01,1.084997032063862027e-01,3.715293644386349903e-01
-4.840846041746494910e-01,-7.896643297093253189e-01,-3.749009042351036936e-01,-3.926390695660287450e-02
-4.451610804859302273e-01,-1.819976941621727698e-02,-7.618706948379430077e-01,-4.701631899255254710e-01
5.211690217715213569e-01,4.137178952081371763e-01,-2.964828790375558243e-01,-6.850680669596755923e-01
-6.171568384317521749e-01,-2.550797757905166052e-01,3.959330373590495555e-01,6.303084758173742586e-01
-2.944552030086875494e-01,-7.910470326171984423e-01,1.646220996462903763e-01,-5.103335085183849928e-01
-2.858428284750393900e-01,8.061081907541143288e-01,4.997940986742608893e-01,1.367088919525750457e-01
-7.404422599601673260e-01,1.119669305170132162e-01,6.345185330217165687e-01,-1.912979283412316878e-01
5.593472944212040110e-01,4.976164781378691337e-01,6.468067370922154780e-01,1.454286414756880974e-01
3.921252426493047061e-01,8.418059548815284288e-01,2.578731615306509295e-01,-2.666495095915402125e-01
-2.825140480407756782e-01,1.527444834734296708e-01,-9.452066059310695323e-01,-5.864646223189880214e-02
3.690049187708406842e-01,-7.043431705976782586e-01,4.764804683288100251e-01,3.751032274674441780e-01
-2.781672901161758027e-01,3.565883610662400893e-01,-1.304070975306401668e-02,8.917946172469602972e-01
5.599034197953572933e-01,-7.673958365162568684e-01,3.028017569687539989e-01,-7.696029220067819587e-02
6.650381273054860320e-02,-3.469781459524703404e-01,7.880275552852534782e-01,5.041785211954522561e-01
-4.121006676681532865e-01,-8.239959478919453018e-01,-2.469840397623074557e-01,3.003374796255171009e-01
1.665196717508078961e-01,6.800719457899936371e-01,4.258206129943857832e-01,5.731057084155598558e-01
2.076832413168384073e-01,-7.614790142187189970e-01,-1.176420615664745678e-01,6.026422882033833917e-01
2.426023256762360747e-03,4.222452280019436954e-01,-3.000856775171776292e-01,-8.553663940030614699e-01
-9.516673538185245473e-02,3.775806560455958194e-01,-8.917686017309667257e-01,-2.304883980241401731e-01
-4.205706666309714237e-01,5.219015304113954201e-01,-1.527446083773042196e-01,7.262287460129126515e-01
5.743049815310588002e-01,-4.133351846223012882e-02,-3.724479483118160461e-01,-7.278377939063493951e-01
-5.834328659094946135e-01,-5.827130405775298172e-01,5.608585011829025913e-01,7.409011383708297149e-02
1.646718998115037913e-01,-8.127478489885864299e-01,-4.414911224709789916e-01,3.426509713341130969e-01
1.899393235637457655e-01,-9.647297994285793099e-02,2.968588946007320040e-01,9.308548835353032125e-01
-6.334428385213880519e-02,1.506371988574868419e-02,6.774862899711600606e-02,9.955755668534028713e-01
-9.117879329629183793e-01,2.920187582298044981e-01,-6.250869740390503637e-02,2.818873407835100764e-01
-1.773804264160100952e-01,-2.593897886279958320e-02,2.067851124604888624e-01,9.618228896032432473e-01
6.330586614385845801e-01,-6.406157877289907487e-01,-3.263714467512596751e-01,-2.869317382853317500e-01
-7.670612316640905703e-01,-1.599773016537674453e-01,3.134791874402031997e-01,-5.364281208842223148e-01
7.790433275534387469e-01,3.251620157409552681e-01,-5.331091626343716916e-01,-5.617631199200804476e-02
9.159156538940380621e-01,3.894136692524778343e-01,-7.985414654893720557e-03,-9.691100197587319831e-02
4.786444273323174625e-02,-1.793670283517906638e-01,-6.991460343898887597e-01,6.904573027052270939e-01
2.580020641618155919e-01,4.672204999565195416e-01,-9.686719925532985553e-02,-8.400932597140930991e-01
-3.864183407428586209e-02,-5.413378663889456544e-01,7.450331157234799662e-01,-3.877960540647663046e-01
-5.844853666143399185e-01,-2.811715709562123688e-01,7.597378034420276816e-01,4.602036419672408257e-02
-6.075279859940722060e-01,6.331034039996958906e-01,3.655592048676788441e-01,3.105741357783914913e-01
2.352045386974790375e-01,7.038962336916404494e-01,6.439143135330167578e-01,-1.859657871710098109e-01
6.978463783281234623e-01,1.451812290011130491e-01,1.958236240880595058e-01,-6.734878998534913341e-01
-6.890511833383709817e-02,-5.161721000801247072e-01,4.945884558655789243e-01,6.958453183652066887e-01
-8.763720612307404068e-01,-2.329507408010701719e-02,4.780323426127830455e-01,-5.398545391047861880e-02
8.402474720412738129e-01,3.516572804621440063e-01,3.455150072976039821e-01,-2.257005151929315501e-01
-6.531172837160438283e-01,-6.490946584036120237e-01,3.872825262600722573e-01,4.611055190399830639e-02
-6.711611629291634740e-02,-3.617300503254884947e-01,-2.626978299928176552e-01,8.919846678852388910e-01
-1.758258283678695855e-01,-8.672050989965830459e-01,4.569977805900786172e-01,-9.051863282673695832e-02
5.525244279542684822e-02,9.743229309485130774e-01,-2.664568824235030720e-02,2.166379493328181582e-01
-5.672693312686831746e-01,-1.265087587912142597e-01,2.971834882949354606e-01,-7.575506676361266623e-01
2.255892597051218640e-01,6.695570485508416103e-02,1.801606294534315034e-02,9.717519441549903325e-01
2.160446702572650091e-01,7.942922388806016309e-01,-5.573353914128206243e-01,1.086360952270882391e-01
5.435133833392565006e-02,-3.948352440090387994e-01,3.327242083446735332e-01,8.546611394529671779e-01
4.267700354903002785e-02,5.915042626794786429e-01,7.943195399309438409e-02,-8.012439985952602983e-01
-5.920566945956179383e-01,-2.502914113251423212e-01,-4.795992263920569876e-01,5.973337943273593353e-01
-4.121859104026782267e-02,-2.622986700862938725e-01,6.105258172427858732e-01,-7.461626243009261694e-01
-5.241873378753231227e-01,3.076964239349045185e-02,7.426845163691131457e-01,4.155725845911096838e-01
5.384112428885033941e-01,1.013691032744619414e-01,6.889783732711863840e-01,4.744959848061715557e-01
-6.607633228915513746e-01,1.299317878416881428e-02,-7.441715685245998690e-01,9.711686272751472726e-02
-1.436216132185623995e-01,8.722569154339124831e-01,-2.329137988384928984e-02,-4.669027921498438705e-01
-4.136435499841278896e-02,2.722764388552147974e-01,9.157309485396204485e-01,-2.925600124190156914e-01
-6.767207506896284475e-01,3.499875233295884347e-01,-6.260135155808164154e-01,-1.663275004616899810e-01
-2.177118700320930800e-01,-9.962884564957401323e-02,7.108594706743223135e-01,-6.613277914274316993e-01
-7.343278735037496174e-01,-1.136942186433459873e-01,4.272683042848432478e-01,5.150514488826283266e-01
4.277664641790475120e-01,7.141195128107673540e-01,3.241953899720580456e-01,4.493846043953144131e-01
-8.575050426215017341e-01,1.217179185058970409e-02,2.569607274077871373e-01,4.455425164133085536e-01
-5.056967509151725215e-01,-5.435808804822664930e-01,-4.726551717686688359e-01,4.747501564910662220e-01
7.358259089570927669e-01,-2.930189717971131702e-01,5.975447426739763923e-01,1.250615623487976724e-01
-8.402863073819809292e-02,-2.735888433325548430e-01,8.457703712365989279e-01,4.502896991476976196e-01
9.028905351412009894e-01,-3.412644449051246975e-01,1.897945315173253655e-01,-1.797367408243279174e-01
-2.587772437324402652e-01,-1.503095848230102949e-02,3.549525727096460026e-02,9.651675995000105202e-01
-5.143480563066787220e-02,-4.965828111879338480e-01,1.059762851786667792e-01,-8.599587195802795847e-01
-2.817056763328702057e-02,-7.697604646726637773e-03,5.980558987120391246e-01,8.009221610229401156e-01
-3.170158040472166872e-01,-1.256525776182274012e-01,-5.587399588220779423e-01,-7.559907857492011996e-01
2.167303566222571476e-01,-7.654082708704001980e-01,-2.572485658452363655e-01,-5.486358599035815464e-01
2.123507399874274282e-01,6.070301708288076137e-01,-4.564896525854412745e-01,-6.148485439624654658e-01
-1.725884486060160206e-01,-1.300152077215923664e-02,4.537674784770402425e-01,-8.741505953449717481e-01
-6.335535476166644087e-02,1.545953026483659620e-01,4.663292650851877386e-01,-8.686906284444377846e-01
-1.493856379526079248e-01,8.931946761966602644e-02,-4.578904557971870126e-01,8.718040458540418092e-01
-6.101840651249806902e-01,-6.860216517046202611e-02,5.611242525031492345e-01,-5.550754208702273207e-01
-8.430256732963904431e-01,-2.169000665150885576e-01,4.748373822409002187e-01,-1.295821582453654253e-01
-5.960288505016723137e-01,6.781416872553284181e-01,-2.656957318162435633e-01,-3.380521253753367428e-01
8.192408925234315187e-02,2.801428231185054130e-01,8.946743453746551777e-01,3.381808066460899043e-01
7.173528508382041036e-01,-3.143925176409965161e-01,-6.174074928550798980e-01,7.328178499505301480e-02
1.324987933385389505e-01,-9.025683962156030304e-01,-1.606478527896606501e-01,3.768376670539936857e-01
5.023156517227309603e-01,5.859907374353714449e-01,3.303925963541972100e-01,-5.432628957959949600e-01
-2.055122336386195903e-01,-5.601453974583729956e-01,8.017475681272906440e-01,3.467985774253206505e-02
-4.765775231892464131e-02,-2.988754647797414177e-01,9.003689822714745494e-01,-3.126305982466057731e-01
-2.892107896460904271e-01,3.020402327050681346e-01,4.483650914102620400e-01,7.899984568240753235e-01
8.423914633728945001e-01,2.140807891190931178e-01,-4.867152760998258443e-01,-8.748873171837610874e-02
1.334857143964291171e-01,7.232334763480969819e-01,-5.064903052871790878e-01,4.500916277733030268e-01
2.024785830583859803e-01,7.019380429472793503e-01,-1.062746444252794520e-01,-6.745302863610291855e-01
5.778980646944744670e-01,4.495228170338484430e-01,6.802615085654263316e-01,3.474685241319862977e-02
-2.810523232994054377e-01,-8.275584567953466752e-01,4.146612204310743954e-01,2.534021792035787146e-01
-4.911794878715753931e-01,-3.077190300411705715e-01,-2.657807953065936535e-01,-7.703325762882761163e-01
-4.735876212181301947e-01,-7.240437206383919522e-01,-2.711987011313569673e-01,-4.218136082889360483e-01
-5.379163486184692644e-01,6.861209416091218483e-01,4.229508916330109169e-01,-2.469748947590149069e-01
2.221467228317434983e-01,2.632496011041127182e-01,7.880972623084461226e-01,-5.101501604386440292e-01
5.673997173492936197e-01,-2.842122776697802444e-01,-6.689734067070933765e-01,3.869825875829601691e-01
4.211398307366638893e-01,7.891622127124966468e-01,-3.797648335032075551e-01,2.358875075710693547e-01
-1.665729262324694981e-01,3.605617737893562214e-01,-7.156038484406231914e-01,-5.745953355407568131e-01
-5.924650719763697726e-01,4.387368947886656489e-02,-5.442972663132099598e-01,5.922843267751676244e-01
5.261243193885150049e-01,2.752333661241345708e-01,7.707035861594736526e-01,2.312050540123997966e-01
-5.472074076534363396e-01,6.316513977389112133e-01,-2.983009757256955830e-01,4.610825225757139156e-01
6.738241015161602343e-01,1.747012886156689426e-01,-6.258386273980769410e-01,-3.518047077974588155e-01
8.526599326049821848e-01,-1.215074689952874293e-01,3.520216628660612773e-02,5.069198968250868687e-01
8.695839725737304349e-01,2.964918667736418101e-01,-2.656775238624453639e-01,-2.921159716521679606e-01
5.788247067176675031e-01,3.325624085988316825e-01,-1.768457663659001589e-01,7.232494577935107971e-01
-4.821518218610704870e-02,-5.886715382061058488e-01,-5.233245506570506356e-01,-6.142251468251800350e-01
-1.434849603533283058e-01,8.045214195756583697e-01,-5.516128865605011145e-01,1.669747734742072498e-01
-3.564536887404277099e-01,-1.718267622273211004e-01,-9.135122636102164240e-01,-9.440167265232408955e-02
-1.087775185441496317e-01,4.045890562168418803e-01,1.587579828203500576e-01,-8.940196026596708423e-01
9.746071485723045713e-01,1.583778239419680878e-01,1.518065013411498965e-01,4.485707286179659026e-02
-2.526002585236100662e-01,1.042398468622187796e-01,2.494265256421271115e-01,-9.290390583963861193e-01
-3.461549691690327113e-01,-2.019600201458103539e-01,1.681416585067594949e-01,9.006204918037818974e-01
-5.628227043124806039e-01,-4.115601172599519519e-01,-4.195155925140535702e-01,-5.812534223804134426e-01
-2.036842062369569328e-01,5.215883344374551145e-01,-7.540809772116714438e-01,3.432495204889187690e-01
-6.585441112294780908e-01,-2.388612702861781234e-01,-1.428697999666477259e-01,6.991803539715201188e-01
-6.795242232767383095e-02,-7.389561963887837370e-01,-6.695422111777307173e-01,3.224027868455782431e-02
4.636856831970649906e-01,2.411474726204130281e-01,1.006725726076953126e-01,8.465863906131531058e-01
-2.269480947958446571e-01,4.108483618328697684e-01,-7.870661127052022144e-01,-4.002813011856855563e-01
-9.796731124060639173e-01,-1.701413418500128671e-01,-3.895165500562661892e-02,9.887004194605847340e-02
6.943101057227753226e-02,-5.488024436302083586e-01,-1.224369107900314807e-01,-8.240172422423076570e-01
6.292351726133236234e-01,-1.476528236394498983e-01,-2.266063718672838845e-01,7.286365990304939366e-01
-5.917152468549001787e-01,-5.787711468462729547e-01,-5.611503448609796996e-01,-2.704936246557462180e-03
1.456879349639453591e-01,2.027544646091796188e-01,7.343987155997265814e-01,-6.311292888247685973e-01
5.490649202208542912e-01,-4.821029114741200439e-01,-5.027752964165154159e-01,-4.618674024482880003e-01
-4.167905129663577735e-01,8.139360624248357379e-01,4.025110918317119646e-01,4.217316134744304723e-02
4.339812582773932004e-01,-4.726896027550988033e-01,-4.147061892642203706e-01,-6.451694223203281453e-01
-9.254184494681511053e-01,1.981402677422451908e-01,1.189961792447010724e-01,3.003015767660192070e-01
-7.669117044968978281e-01,4.394905591059064531e-01,1.228201191706328743e-01,4.512313201555850362e-01
-8.175489571754682716e-01,1.253004539981850407e-01,-5.418137001284628607e-01,-1.495038902579367279e-01
5.567095883108496013e-01,6.289859974714966107e-02,-8.258350582545312957e-01,6.414559213497936230e-02
-6.663201339191597850e-01,5.078468061429103342e-01,-1.043348739068002407e-01,5.359322109290041158e-01
-3.305690526826330355e-01,-3.869848090313606770e-01,-5.528954649761329554e-01,6.597525777109883860e-01
-3.009586391276944384e-01,2.855995510102222745e-01,-1.892771910834083471e-01,-8.899612008018892295e-01
-2.955960031488898410e-01,-6.979934263554975482e-01,6.309171068743262521e-03,-6.522180417983998169e-01
7.929812318097051449e-01,-9.432940077999769912e-02,-1.607461792548946500e-01,5.800374091392745957e-01
4.775530247015874474e-01,-2.354014355883653903e-02,-3.702597084719746467e-01,-7.964274722294822917e-01
-6.673479938529185418e-01,-6.759059734741409420e-01,9.142301372452900365e-02,-2.990645460163800506e-01
4.692793646709244593e-01,-4.030444963831802396e-01,-5.003585438584773337e-02,7.841099572796920159e-01
4.212747367283800615e-01,-8.978598536892391790e-02,-6.644413303176450736e-01,-6.107239896970509951e-01
-6.454744532373902777e-01,-4.598011729890867927e-01,5.958576730755109629e-01,-1.299970960167556588e-01
-5.016120199493362408e-01,6.779215514127820974e-01,1.148673466478644101e-01,-5.249888039249145377e-01
-1.886256868026577327e-01,4.015519656452530561e-02,8.331363338355511905e-01,-5.183548588661506251e-01
5.599299682821637925e-01,7.407733186247464907e-01,-3.524270022424673132e-01,-1.163122053939425610e-01
-7.909292163275446486e-01,-1.847463051348985918e-01,-4.668659418205312744e-02,5.814809880143798626e-01
4.747754407965641410e-01,-3.207538239772821376e-01,-8.193971607402003032e-01,1.713353995172036542e-02
6.035761999843936021e-01,3.996882428161537826e-01,-6.077237063313483123e-01,3.265225507217284773e-01
9.162264881850533671e-01,2.057732306099785968e-01,-2.306381083586001857e-01,-2.549361937528357713e-01
-6.861957673094759569e-02,9.892312944289873844e-01,-1.266353127600221007e-01,2.600571809789360353e-02
-1.814598976306600053e-01,4.627474416538587265e-01,8.386919340193639272e-01,2.225599932726853580e-01
5.819016988747448271e-02,1.642928087551334551e-03,-9.465034725751897415e-01,3.173994034633227379e-01
2.039220195838145067e-01,4.417327371385855184e-01,-7.991917338696228335e-01,-3.529597305407197738e-01
-1.430606097758801154e-01,4.085848075582624861e-01,-1.668656103737438667e-01,8.858600256461112155e-01
3.214212848560294988e-01,-8.579171446394570077e-01,-9.928757636373981843e-02,-3.883407109163224957e-01
-7.621424275299113482e-01,5.609658170644522546e-01,2.423942318928577477e-01,2.137786439032135222e-01
1.272722324816165651e-01,-7.993086813325626094e-01,-2.871454278769766111e-01,5.123035370118902421e-01
-3.564788047698785878e-01,-9.293403531495950665e-01,-9.187534747465395113e-02,-2.843044642696360841e-02
1.874843574338634911e-01,6.989389579487360615e-01,6.126077090516205415e-01,3.178769315154391650e-01
5.809052654199367005e-01,-7.155970185023017294e-01,2.217434788655182065e-01,3.182763096723143503e-01
-5.435739921060471769e-01,-7.081427930707835383e-01,-3.557754539556509110e-01,-2.765590824588033958e-01
5.536468130712585145e-01,-4.382622341559838652e-01,-6.002350805207002926e-01,-3.756584467318058174e-01
9.848647390051147310e-01,-1.034895742840081546e-02,-1.681791066989238026e-01,-4.062182928530093384e-02
6.619026899574483869e-01,-3.810081935819965571e-01,6.315789838056655725e-01,1.335124438600404084e-01
-3.450170095547381438e-02,9.099838505269185474e-01,-3.990789319565479221e-01,-1.071215686955852425e-01
-4.125996644137805425e-01,3.253126912485810873e-01,5.889423004533183015e-01,6.140685113039051624e-01
6.099241315429067001e-01,-1.080900044144577354e-01,-1.847523291976435333e-01,-7.630043784693237852e-01
8.053236524688012210e-01,1.670941193248370316e-01,-1.984550659158278441e-01,5.330562417547618503e-01
-7.454718150635447627e-01,3.094614233202643838e-01,-1.575398633030145878e-01,5.689346112629531937e-01
-1.989289316834467070e-03,-7.993421477691928789e-01,2.819355602078180145e-02,6.002110436560216256e-01
2.024083700434547647e-02,5.742363648509549723e-01,-8.179872121169716737e-01,2.719975391853405797e-02
-4.797551707447247904e-01,6.075560566844465660e-01,8.708293226860914366e-03,6.329571705564447370e-01
6.983300522021432810e-01,4.045132266186249326e-01,1.526152272727246961e-01,-5.704496297539646266e-01
6.559219542799447911e-02,-7.553295428495110375e-01,-4.939167668264151101e-01,-4.257008022607254860e-01
-3.965224842124079330e-01,-8.605396719712323783e-01,-2.999221306118672881e-01,1.108517390341825365e-01
-5.094963801430013595e-01,-6.713242544927308479e-03,7.445055617837207373e-01,4.313697247939609625e-01
7.799986907720241058e-01,1.647788715872308130e-01,5.225380104206824861e-01,-3.023309338092313170e-01
-1.653834245653008350e-01,-8.032320020002888805e-01,3.347679442688842322e-01,4.641089283041716640e-01
-4.710725918793231548e-01,-2.628145536129794513e-01,-7.304623178189325605e-01,4.188602700613892615e-01
5.448734617707498007e-01,-8.137936124245415126e-01,1.766543129613085406e-01,-9.821466666003647594e-02
3.177404330633823437e-01,8.536575732942220940e-01,-4.041838506193159430e-01,-8.333774446585615059e-02
-1.487279882405984355e-01,8.787957976420147643e-01,3.699310075791953922e-01,2.622002692448667793e-01
-7.807896905336632054e-01,-2.612749504704824366e-01,5.639016779237423505e-01,6.416975181330691891e-02
3.370240513081330103e-01,8.105058827586471004e-01,4.735021519840128534e-01,7.273730074719460259e-02
-1.681753102422709478e-01,-9.779735272272447322e-01,-7.353568268935822827e-02,-9.938485014843886911e-02
2.476377139119132487e-01,-1.005072468307436490e-01,-1.891106837438529531e-01,-9.448867684949968648e-01
-4.487609904516505765e-01,2.282264036367977478e-01,8.638319426730124428e-01,-1.790689670591709762e-02
2.798714939697193316e-01,6.750487954147603720e-01,-6.069319947270233051e-01,3.124333920196671888e-01
-5.966231440157858668e-01,7.301625958276005690e-01,1.133861709064110240e-01,3.131245501812353615e-01
-2.904717140507137585e-01,2.731084334116363754e-01,8.335078640620453561e-01,-3.824952385097217800e-01
-2.925754202724486497e-01,2.115492498722083003e-01,7.817705032185302549e-01,-5.084106791053387697e-01
-7.739212006586065895e-01,3.705021454101565803e-01,2.050558568386759706e-01,-4.708781487749971739e-01
-2.279044280568197911e-01,6.445111357366772875e-01,5.967631100887341722e-01,4.201651556480303640e-01
-1.004685974222260941e-01,4.762102738407686386e-02,-1.260219404568177215e-01,9.857772411688120462e-01
-5.349859877296443411e-01,-5.445749443879558394e-01,6.458292210711952253e-01,1.152128848544319538e-02
7.911157725052474499e-01,-3.852038723877244109e-01,-4.292389747949817980e-02,-4.731927199525549077e-01
3.290802467033682871e-02,-7.168286556771737983e-01,-2.431978956694972605e-01,-6.526319972651362100e-01
3.077391008503577718e-01,2.776171291805668573e-01,-7.121778636321536293e-01,5.665933867825279080e-01
6.554012336554783102e-01,1.559461265477598722e-03,-1.710272025558464692e-01,7.356605786565978411e-01
-6.642962803896294011e-01,-4.813241360328973477e-03,8.235397325925665479e-02,7.429031616950649841e-01
3.418564111331547917e-01,-4.322087231441243960e-01,-8.018390806496897838e-01,-2.310495672970306058e-01
-5.220011563613604633e-01,1.049117036309218064e-02,-3.237734905918998596e-01,-7.890345080487621843e-01
6.850188650168479443e-01,-2.743656911003249932e-01,-6.726310815589047198e-01,-5.513665059620920933e-02
6.311338502672295125e-02,-8.630560153921773558e-01,1.494159871220527847e-01,-4.783574790030867274e-01
8.827163324951377010e-01,2.461879495870960555e-01,-2.111031723194815302e-01,-3.400570841213076401e-01
-8.912650870550366256e-02,9.603538401779968536e-01,-7.263311327148283536e-02,-2.539712541958920045e-01
5.600907999540685744e-02,-2.943464900063245682e-01,-1.705804191567759920e-01,-9.386828257613556437e-01
4.372035555631805792e-01,1.125413114405541676e-01,-3.364647198852608323e-01,8.264254331121992925e-01
1.001085627180620524e-01,-7.407612502718677883e-01,5.818070620190367581e-01,3.205488860547793251e-01
5.636391682320405216e-01,-5.673435788797493995e-01,5.442568606650212137e-01,-2.534099863021715415e-01
2.267502623302151410e-01,-7.057256120673577326e-01,-1.675730956133148764e-01,6.499653349463360152e-01
-4.530184562192663966e-01,-4.031501516057637291e-01,-3.004093344371973062e-01,-7.362054505149784323e-01
-9.913425808721110233e-01,-1.207188608886346076e-01,5.142762127892397395e-02,4.695076694165722583e-03
-9.018167250722966544e-02,1.826158349040431228e-02,9.876111235030557989e-01,-1.271143156582044687e-01
-3.056161097190526199e-01,-1.833475189311081777e-01,3.299781511813567048e-01,8.741263641630611092e-01
-5.028135626173204642e-01,6.462014053672680836e-02,2.781243987513760674e-01,-8.158735058232233772e-01
3.551278327178591238e-02,-6.297725260422560867e-01,-7.546369701019872700e-01,1.806888237327902991e-01
-3.341280088160752393e-01,1.797408306382686782e-01,-3.874675845571715072e-02,-9.244189506036990522e-01
7.940141647250821902e-03,-5.577824328469882520e-01,6.027277313679498816e-01,-5.705567400337683281e-01
-1.135833934414170882e-01,-8.620804939028529068e-01,4.432787459139834185e-01,-2.177613101252645345e-01
-4.178224044533639936e-01,7.449111563727300878e-01,7.684102797430368212e-03,5.200699587675200464e-01
-5.345360512888874815e-01,-8.305205719537654963e-01,4.881316229718426353e-02,-1.487416035298226857e-01
3.988749065052555332e-01,-6.293241106221847403e-02,1.060096813900446716e-01,-9.086805093375234232e-01
8.817937453688199367e-01,-8.814744447864357457e-02,3.041394108019447318e-01,-3.495268765879941397e-01
2.475627387824573533e-01,-9.021189144173847874e-01,2.917105958282636413e-01,-1.994970749120080766e-01
5.579990299982082874e-02,4.311211040663430749e-01,-8.067681013022436343e-01,-4.001827022436137415e-01
2.327647219504186127e-01,9.246486124107113902e-01,-7.283736368013767060e-02,2.924726418563242669e-01
-1.568404239227754252e-02,7.312849430456620503e-01,-6.792095385990790657e-01,6.042139989247370668e-02
-5.189187215311743540e-01,-8.473683277896345567e-01,9.004729136147072988e-02,6.768872004929941955e-02
-6.962550000406582396e-02,-4.592668937492904585e-02,9.945214866114617802e-01,-6.300826628602457236e-02
6.009103445559207390e-01,-7.190340404541828434e-01,2.936372450846267412e-01,-1.888755536667671986e-01
-1.607144391626451063e-01,8.259721734045875063e-01,5.324063673288647047e-01,9.211024825512331704e-02
-6.357637684611283646e-01,-1.136887985111093985e-01,7.619882300487754723e-01,-4.746814797671654318e-02
5.825043478398207464e-01,7.065054020388464862e-01,9.757725641387043902e-02,-3.898941916320055601e-01
-9.084602213992492015e-01,2.496539067912966481e-01,-3.224190016258396407e-01,9.175478379717533217e-02
-9.382317625681764195e-01,-2.286996424057942123e-01,9.642325723731923551e-03,2.594699574638890116e-01
-4.503031297700669788e-01,4.993202700122603699e-01,-2.665261811385271074e-01,-6.905578571284803902e-01
-3.659797249779356276e-02,5.357424165339382330e-03,9.682503670757278136e-02,9.946138942735218702e-01
-1.240614749713077475e-01,-1.010587240953122884e-01,-7.767351397837477522e-01,6.091620534285542288e-01
9.961708006638239632e-02,-1.807351034613444707e-01,-7.711839553877211095e-01,6.022346442113855058e-01
-6.584446688134240055e-01,-3.493577976199140900e-01,1.889046155007379768e-01,-6.393080584474607475e-01
-5.242601787322324070e-01,-7.928645169207285681e-01,2.552453815100549361e-01,-1.771070806644785833e-01
8.956718801236389638e-01,-3.079645050297730724e-01,-2.837116610276694262e-01,-1.497913221601077371e-01
2.414739812308733524e-01,-4.015448842693680187e-01,4.786409348438446787e-01,-7.425327452694743258e-01
-4.072579833638409474e-01,-5.699315878283571779e-01,-6.995682897586290583e-01,-1.411493115323342318e-01
-1.259512534253539873e-01,-3.459488587522139280e-01,6.386903481437764540e-01,6.756702657928677080e-01
-1.361796269673267723e-01,-9.075063185868660343e-01,-2.939148817497332367e-01,-2.673975190797287516e-01
-5.008108740999710484e-01,-6.013069824658102691e-01,-5.609275134260648388e-01,-2.701457123530490168e-01
-5.290622297461612389e-01,1.668169582002234919e-01,3.089118555554983825e-01,-7.725533800392719863e-01
5.590993618465143200e-01,-4.236883049636481213e-01,-6.880270716232889106e-01,1.857817874102107580e-01
-2.542791061089864080e-01,9.730038658999347334e-02,-8.254861675927661624e-01,4.944161790221474062e-01
2.587337834281679405e-01,-5.365192776030015542e-01,-5.263466686766415936e-01,6.067644340650669710e-01
-2.627560316276928432e-01,-3.390123706566697814e-01,-8.963083482580300743e-01,-1.125221099516599543e-01
-7.668858771965206267e-02,3.177012833648783507e-01,-6.603206342702732101e-01,-6.761371273778555846e-01
2.282467971209885538e-01,4.332055944437915307e-01,-7.086019143756456806e-01,5.080547603258742662e-01
3.884666027537522770e-02,3.947857555698829346e-01,-3.600148011532976200e-02,-9.172453530076191131e-01
-6.708147777544541668e-02,7.267899521170401167e-01,-6.439608522512680899e-01,-2.293269753190702587e-01
-2.980317450518421910e-02,-8.466001104165585822e-01,4.734152762460617225e-01,-2.413669406711474175e-01
3.904465594035200215e-01,-7.875851883557646871e-02,8.577985668798761010e-01,3.248541189820598474e-01
-7.898113271587901829e-02,-4.235858713148571986e-01,3.544102561497585735e-01,-8.298978013184589164e-01
3.866443273923093060e-01,-6.180170780594781421e-01,6.734612829441549708e-01,1.225192054226044158e-01
3.405868904227052907e-01,2.505604722411771887e-02,-8.573204901202480244e-01,-3.851939015478728634e-01
5.018872917471236539e-01,9.625334190728518369e-02,7.977042466203821958e-01,3.201755385381980235e-01
-3.514869230310984083e-01,-3.233205841151807203e-01,3.004887817240663520e-02,-8.780761970046385700e-01
6.604237303286636385e-01,1.551451989482077187e-01,4.559355645732162121e-01,-5.761017484953471213e-01
4.363288840837608595e-01,7.295043210882505846e-01,-4.478130801444950571e-01,2.773156967776803650e-01
3.268288217214004171e-02,-8.407370807723301143e-01,2.508304154001161357e-01,4.787244436390811209e-01
-2.103101263736779913e-01,4.449784276384826098e-01,-6.646215463406573987e-01,-5.621761732951912061e-01
1.650410401978792962e-01,1.447991656570926785e-04,-6.372987214740856166e-01,7.527361912988503878e-01
4.786076645139692998e-01,6.801279501901161817e-01,-1.179482137419336218e-01,5.426314529344588022e-01
-1.210987418632117202e-01,6.505256145445099669e-01,-2.708604262975484178e-01,6.991324259441448197e-01
4.890127920455145105e-02,-7.183108861932900879e-01,6.872900676807273124e-01,9.628342814726864596e-02
5.598404894230691875e-01,7.364380392752130078e-01,1.941420780333209806e-01,-3.264146048324464422e-01
4.285864682325427610e-01,-1.287218736513748123e-02,2.721268911001563096e-01,-8.614493027338034903e-01
2.594701576637299945e-01,-3.413961767755106513e-01,8.327124797872567097e-01,3.503053150775492508e-01
1.472690148432184987e-01,2.230381792739828395e-01,-4.997408634030258145e-01,8.239082942284613464e-01
7.740713770887041045e-01,1.353175879540216564e-01,5.884480637061525465e-01,-1.903458165623368448e-01
-8.136710851145741996e-01,1.850422367620134512e-02,4.532488248066158798e-01,-3.635415543868872335e-01
4.414663277370328709e-01,2.083589293330401215e-01,-7.584816735916201091e-01,4.317401867642421953e-01
4.949159366572961072e-01,7.633363710073481911e-02,6.050853139688346927e-01,-6.189532731223267303e-01
2.889938570555533048e-01,-6.567664383736989686e-01,-6.229922438557119468e-01,-3.114820381750866840e-01
-6.296350931898347936e-01,-4.085042765058345959e-01,-1.678122509497256276e-01,6.391580038859396851e-01
-1.217913083351682552e-01,-7.598410226427523284e-01,5.245961309466560252e-01,-3.641529855967449714e-01
-2.877023987834296387e-03,3.385730719584909565e-01,1.434423884083633749e-01,9.299377822657106663e-01
2.257034963163143670e-01,-3.710245032416999433e-01,8.944167760327486061e-01,1.068521431512965553e-01
-8.698837251457455788e-02,8.737289542468708037e-01,2.127785985764188148e-01,4.286677099406840941e-01
9.817697586261836529e-01,-1.182014708348358284e-01,-1.319134513627604477e-01,6.895936984290967908e-02
4.048659531153714353e-01,-5.476129074554348941e-01,-7.081894604963442363e-01,-1.862024479916521424e-01
-8.295812525243312363e-01,-2.394041334740643623e-01,2.524790854917928207e-01,-4.367320891861761201e-01
-5.963792163925724088e-01,1.661809737654214303e-02,3.664035474178529150e-01,-7.140056789229187739e-01
4.460229827754469967e-01,3.987106070773778765e-01,4.708632195687708633e-01,6.483680892035122989e-01
9.735813370814927481e-01,-1.665066858100427150e-01,3.634843097586507726e-02,-1.519660989588177413e-01
2.957349328451535850e-02,6.875076979732529514e-01,-6.268462284961253683e-01,-3.654071421615247006e-01
7.156013987542459986e-01,4.926891087181772821e-01,-1.925712355273030696e-01,4.561670741065631529e-01
2.141889881087200298e-01,7.850599404936673409e-01,2.721838312528168310e-02,5.805713796124362114e-01
9.417899183069533553e-01,1.959295716016698496e-01,7.799870356608561671e-03,2.730979948109988342e-01
-1.259357864171360142e-01,9.860122461290145024e-01,6.476232317880843692e-02,-8.789692645136616689e-02
-4.774939684000116258e-01,6.568533443246806769e-01,5.187175446091608633e-01,-2.673486545799969583e-01
3.634485363929269020e-01,-8.789702824360080546e-01,9.262690463199900470e-02,2.945108835450705453e-01
7.129524814899328433e-01,-3.230670898144525349e-01,-5.245608152363717691e-01,-3.349065029746670641e-01
-5.287663212887814268e-01,5.423193325294183298e-01,6.331900225454409892e-01,1.592680582680628398e-01
9.709989687904451161e-01,8.206787693244398108e-02,-8.869643989374148552e-02,-2.062978616803120002e-01
-1.563678628267780313e-01,-9.761876770366822997e-01,1.497512302689359143e-01,1.346401536139876093e-02
6.925620942110914946e-01,5.916680783694901885e-02,-1.590747291478269987e-01,-7.011078840370278398e-01
9.304798816730194821e-02,5.160050344861123461e-01,-8.446112484889383154e-01,1.082252983777837324e-01
2.745462884495067368e-01,-7.116120129039034126e-01,-5.830189606603811692e-01,2.798599115628105927e-01
-5.851785499571917626e-01,1.749927794831260541e-01,-5.007892435053256097e-01,6.133137250935545293e-01
8.911940266465757654e-01,-3.314098645106239305e-01,1.882770620385602334e-01,-2.459521426713755232e-01
5.684234145332501820e-01,-6.680713734083464361e-01,2.357928169970458232e-01,-4.183027722777415414e-01
-9.682771020863407962e-02,-6.855784065885065504e-01,5.182375995272711089e-01,-5.020323031354944066e-01
8.058456107524489820e-01,-4.905283305702026753e-01,-1.791182612058328794e-01,2.791262385402372148e-01
-3.859135516334601945e-01,9.978796766583669653e-02,8.284210916501347777e-01,-3.934864509534854449e-01
4.918726485323879904e-01,5.827775654931693916e-01,-3.347419000088686092e-01,-5.535155527733987002e-01
1.842788180696504352e-01,-2.930225774625070390e-01,9.368776611963681722e-01,4.938961691798340881e-02
-4.068012196531476388e-01,-6.443720823417619092e-01,5.844185940098096665e-01,-2.788409836499119443e-01
9.170922718152371700e-02,8.752371363441290297e-01,-4.746950130010396673e-01,1.462933511267656105e-02
4.033199723226552763e-02,7.433725972095065471e-01,6.432168955657074916e-01,-1.790042931777426904e-01
7.641457666925914605e-02,-2.511948774815412899e-01,-9.437297768931132147e-01,2.010871806077311474e-01
8.016800235915735318e-01,-3.751767782147088504e-01,-3.271190753348527935e-01,-3.309752791595107491e-01
6.258047033906128931e-01,3.393313686891645808e-01,-1.443479704759222659e-01,-6.873036875044450378e-01
8.200839979847332484e-02,-8.580545599018165603e-01,6.463081262198847043e-02,5.028318333737582524e-01
-4.625122804986266933e-01,-6.106722556657355749e-01,6.060867896325654591e-01,-2.140574455163209711e-01
9.043485966842383927e-01,-1.366376604567469677e-01,-1.392569722158220613e-01,3.795935472442035219e-01
-5.288958064349701393e-01,6.724518236087420608e-02,-2.585531366745001947e-01,-8.055417971157875501e-01
3.115842456649045578e-01,-2.293565451279136747e-01,-1.415309595256441788e-01,-9.111969164544897470e-01
7.888561942113854197e-01,4.039042702636009841e-01,4.484835356940854445e-01,-1.158868565821365715e-01
-6.317545755311854139e-01,7.293365450166744424e-01,-3.316171700036359832e-02,-2.604892721862842597e-01
2.614209802072199329e-01,6.244588845203983274e-01,-2.543592280400293684e-02,7.355699738856561476e-01
5.678371923649487840e-01,-5.489718168083309591e-01,-3.462781992528587982e-01,5.062432972785414487e-01
-8.658728200530039221e-01,-6.057277421991264649e-02,-4.777998504311895545e-01,-1.352867378743926874e-01
-1.920205362224165768e-01,-3.028785354672021701e-01,-4.523838085500226369e-01,-8.165424644094603224e-01
6.543175773969263087e-01,5.059115721987690328e-01,-3.295456809427156908e-01,4.553258538637894315e-01
-4.939323645674946195e-01,1.506766813879478750e-01,-1.172561946905395780e-01,-8.482796365146181294e-01
6.133122034671822931e-01,5.752902239996984107e-02,-2.937961690831878969e-01,-7.309051673726052467e-01
-3.803851352089444027e-01,-7.653954192564675907e-01,-5.645715287916889917e-03,-5.190810408714396917e-01
-1.146629794405860936e-01,7.468654650821430208e-01,6.548018036532312625e-01,1.670257901992880031e-02
-1.363022679440861924e-02,9.565476172610587469e-01,2.569250146106607513e-01,-1.371874983263259851e-01
-7.923101996472760034e-01,2.118612512614021504e-01,4.673484953663091246e-01,-3.300677833834945174e-01
1.429766342069234974e-01,-1.589100051131638602e-01,-8.414374868315691036e-02,-9.732549110604782339e-01
-1.435107259690261983e-01,8.101362112115609859e-01,-5.599040043571898995e-01,9.793618698113537580e-02
-5.862196279049304293e-01,2.800539833902928044e-01,-1.987429514343562742e-01,-7.337694143948734204e-01
7.488803514890538526e-01,4.840086696565955027e-01,-3.379040782110175889e-01,3.012219460451817099e-01
2.729846181441173414e-01,2.782123466113069488e-01,-7.819492357466752974e-01,4.864490530003433011e-01
-1.853517327289263827e-01,-1.442907640359549215e-01,9.626578607817859456e-01,1.345910608597040703e-01
-1.082471841855167927e-01,-7.630274523153492972e-01,4.641589761212012721e-01,-4.366097788817520642e-01
-4.930571659085751235e-01,-1.885993130948080132e-01,7.282805504629764615e-01,4.369580873078269811e-01
-1.485576969209650156e-01,3.967330826919451270e-01,-8.617584199340025952e-01,2.791162794538075698e-01
8.969257742230833663e-02,6.489958791861915044e-01,6.512012919689728063e-01,3.830097488219145752e-01
-2.381083627822419280e-01,5.555673485760761476e-01,-8.805955320686241483e-02,-7.917669125811691577e-01
-3.626516546016343434e-01,6.239433313391457014e-02,9.211967251722645855e-01,-1.264409670137260078e-01
-9.744732926733757905e-01,2.642134752659493213e-02,7.791895736552043039e-02,2.088835808393242066e-01
6.034533690885852675e-01,6.116351951123151220e-01,-3.806031676109128403e-01,-3.418883563973705297e-01
-5.234993958886194898e-01,3.577477238638074319e-01,7.614051028908778163e-01,-1.350082140695416100e-01
-1.139942280083431347e-01,8.948730409175434941e-01,3.003157976835544307e-01,3.098676786653634108e-01
-5.832237477811624826e-01,3.350478899705897629e-01,-4.917271022129413027e-01,-5.529895373328632679e-01
-1.858523504926500314e-01,-3.940994146440248702e-01,-1.568216472235803016e-01,-8.863134468999537274e-01
3.813548760472010857e-01,4.070114097541140952e-01,-7.340409324313331707e-01,3.874197728050696177e-01
-6.684169562972224199e-01,7.352520725397017065e-01,-7.903094814490875530e-02,7.985782113072593946e-02
-6.722880263455473238e-02,6.360684528647368996e-01,-6.790315588173998496e-01,3.602962024454268719e-01
4.314538433963093778e-01,2.522037781601478845e-01,8.489112766125661569e-01,-1.720188354231096395e-01
6.397726448750917783e-01,-8.420027210208815005e-02,7.631697894851806607e-01,3.425126953280920039e-02
-1.671981220839169890e-01,6.526704277096242457e-01,-2.635007959244294318e-01,-6.903864362168046220e-01
-2.922913437926688562e-01,3.766619257934917808e-01,8.720855160622440483e-01,1.102652106326535431e-01
6.813538026167930139e-01,-6.855839247435808748e-01,-2.307794189472827939e-01,-1.116805156828118151e-01
-8.108999881986120317e-02,7.821614824758170437e-02,8.626705507500137537e-01,-4.930579754079382759e-01
1.980043586129142108e-01,-7.152504411219678948e-02,-9.760992178650794715e-01,-5.393291127147722269e-02
-3.857492147650773973e-01,-7.421058813963105072e-01,5.549620523785733783e-02,5.453407882318439537e-01
-1.976833798387482855e-01,6.607688071615946956e-01,-6.339082812641378961e-01,-3.499516477493987976e-01
8.289078642273551845e-01,-3.124780473998760022e-01,-4.017813670177993735e-01,2.320365394340162535e-01
-6.110406385006548202e-01,-8.286282305335887499e-02,6.450976609334393430e-01,-4.512339731387088326e-01
-6.689383901527529153e-01,-5.359994627485756835e-01,3.045776769785151217e-01,4.152811635500132659e-01
-1.842465918555028503e-01,2.678147303944599100e-01,5.613656250281190419e-01,7.610499974444279170e-01
-7.202981745942735325e-02,-9.277223803573241279e-01,-3.364980987141920066e-01,-1.446095430552072347e-01
-1.139178090381552377e-01,-1.233653468279546778e-01,6.249944068719508472e-01,7.623553734084538291e-01
-1.030903563023550795e-01,9.431668376826163325e-01,2.958604951587921472e-01,1.107937820350087949e-01
3.685458267504527208e-01,1.481180742128843444e-02,7.697262997140006391e-01,-5.210335953413486321e-01
-3.105821621243006203e-01,-1.040356465990631557e-01,2.828943471444433366e-01,9.014910388687337184e-01
1.915281695581363269e-02,-7.817332145232677165e-01,4.412450442651266180e-01,4.402603341492875577e-01
-7.362162709129377314e-01,-1.433078081687107382e-02,-6.340825862454886330e-01,-2.360497934429496569e-01
-5.019105332607618486e-01,4.644863049255414933e-01,5.586975247361921498e-02,-7.274729272605620078e-01
4.899917015574167256e-01,-7.622639871644593113e-01,1.596972517791183654e-01,-3.916101812404848004e-01
-1.935521621096822076e-01,2.998041914462985513e-01,3.137853611817983390e-01,8.798828072203177530e-01
-5.462790835990197907e-02,4.807499937977442461e-01,-7.726506226830607282e-01,4.109820560063048855e-01
2.578505240719546898e-01,-6.582989266803777884e-02,-9.423009032031527399e-01,2.030973665256523841e-01
1.955769160777431903e-01,-3.255328433580429448e-01,-5.994323643324804829e-01,7.045983809117926100e-01
3.627239099352235763e-01,-1.693622898972407809e-01,-7.664062857698364928e-01,-5.023635984568849411e-01
8.572917076868971087e-01,6.944451109857917304e-02,-3.611312292172204619e-01,3.602951888294134153e-01
-3.485116796887400836e-01,6.814706731583989319e-01,6.156975792395031899e-01,-1.872266585296741559e-01
-1.659007320537650432e-01,-7.909843929922327765e-01,-4.498973196576704914e-01,-3.800171560753249356e-01
1.330480665142850794e-01,-2.447885529851947239e-01,-9.482865780902168806e-01,-1.520833394496982627e-01
2.742194890543648844e-01,2.407666861708710193e-01,-9.304969168007503066e-01,-3.178934534333873602e-02
-6.796733530668562784e-01,4.482455441553820918e-01,3.907697495038745528e-01,-4.294404128029650214e-01
-2.842715584026546671e-01,-2.000443161972789707e-01,-9.235899465023299504e-01,1.617206336875796346e-01
-1.359331739375786163e-01,5.959954670487322970e-01,-7.086979033534982486e-01,-3.522198990161901633e-01
-6.023841823683274699e-01,-4.327634037504805020e-01,-5.042398011897492038e-01,4.422571153784443099e-01
-4.490390066098255417e-01,6.820403057459477336e-02,-2.818606336080777264e-01,-8.451430435010950371e-01
-6.820462798791304682e-02,3.536044539370141182e-01,-7.613665492851815486e-01,5.391038828523792015e-01
-6.462923614124277405e-01,-4.136843500063415724e-01,4.142936666476792484e-01,-4.894202692118505560e-01
4.321787301277722759e-02,-1.474742546174364066e-01,4.439374781970867323e-02,-9.871234749674445696e-01
-7.741923040527776134e-01,2.562665345792835558e-01,4.437070522193527489e-01,-3.715882013882962909e-01
-8.666142231306239729e-02,1.258774559000449822e-01,3.184593602888380337e-01,-9.355363701231680373e-01
-2.926227559527855848e-01,-1.310558359946566442e-01,2.418282102719754301e-01,9.158140680656700061e-01
-8.179598681745513244e-02,-7.053761200843171597e-01,1.856801007660791036e-01,6.791736493230966509e-01
1.089592260042115401e-01,-6.155531952910432425e-01,6.168432173190699919e-01,4.782536942701108296e-01
-5.123539764874771585e-01,1.868685963628136937e-01,5.165646904574293652e-01,6.601018489926244737e-01
-4.448374747078663420e-03,-2.261464899146493901e-01,7.050798786300589427e-01,-6.720865582738687616e-01
2.730841850309999042e-01,-7.666308427193355701e-01,5.711312330579553231e-01,-1.072906962559929539e-01
5.553787644780450172e-01,1.915235159279003729e-01,-5.202454783708118091e-01,6.198530576259028146e-01
8.058764008010880220e-01,4.261533390445820246e-01,-3.926039734355504240e-01,-1.217319937225015969e-01
1.112489606213853399e-01,-3.969137989965821900e-01,9.041847509358975632e-01,1.119510656570586737e-01
-9.835868856240913560e-01,1.141040038206796586e-01,-1.397069651874665308e-01,-4.367907794243769577e-03
-2.189464534536434970e-01,5.476548598762100983e-01,7.704097748416685043e-01,2.420854886242667925e-01
-3.606440483789010720e-01,-8.107771996620494193e-02,-2.363788959339599752e-04,-9.291728675650058333e-01
2.979975191787408439e-01,1.995771618714194673e-01,7.044622432714479077e-01,6.124535760591364175e-01
-3.935006732047185429e-01,4.969268891789193621e-01,-6.102730725478907603e-01,4.751711943303720265e-01
-1.566384716998596160e-01,-3.692861919199310061e-01,8.838763584403522278e-02,-9.117454268987097432e-01
-9.763694984947292044e-01,-1.188106344784293500e-01,3.427629888769151423e-02,-1.772336618098991345e-01
-8.033943686812371476e-01,-4.479961950174938812e-01,1.944275309335039836e-01,3.406682151833735905e-01
2.910448474555456244e-02,8.221178326961424698e-01,2.731703197364732105e-01,-4.986513557043301681e-01
-1.179151575396085033e-01,-7.658638325320933360e-01,-7.038241056698685272e-02,6.281679090214997707e-01
3.511219762568497660e-01,6.443230105654326190e-01,-1.537300146995717876e-01,6.617615117441110195e-01
-8.217829035057709619e-02,8.792044974342176911e-01,-2.714513219902904215e-02,4.685182195863874521e-01
7.431873069818957234e-01,-1.080692081463379695e-01,9.395980051192863447e-02,6.535787855181496298e-01
-2.651302068476895507e-02,-5.315377496435509386e-01,8.314181131696809501e-01,-1.597141243954535716e-01
1.341689243258662734e-01,6.980091847099001434e-01,-3.904277965317493049e-01,-5.851051302981571389e-01
1.652397266527034503e-01,-9.589890974823921388e-01,-1.639037360333653326e-01,1.617754893670591276e-01
-9.242476664023623056e-02,-7.032398530629327960e-01,7.009966642383153035e-01,7.426337120194161090e-02
8.292862030771910309e-01,-1.605692154340782052e-01,-5.024949837500279903e-01,1.843928191301367758e-01
-7.856439093211251001e-02,-6.124756150917921582e-01,7.335186254221720548e-01,-2.839924005218525394e-01
-7.634472527248647999e-01,5.572410700859222743e-01,-2.275325604615473785e-01,-2.342212971660879162e-01
-6.182400490604731402e-01,6.214972029473451176e-01,-4.791203807783158131e-01,4.431849714477902741e-02
4.996091479291984161e-01,2.013575374648935434e-01,-4.280240266741556360e-02,-8.414355564970086299e-01
-6.573451380067729666e-01,1.414935022041661772e-01,-7.033564986577479639e-01,2.305788241985150810e-01
2.633432148614968105e-01,3.261440687135500616e-01,-4.402260594579613939e-01,7.940285978499125319e-01
3.003113749955162448e-01,-1.280122329556714067e-02,3.823996750576251769e-01,8.737389170949534378e-01
-4.910727127542869885e-01,-9.283534800943715748e-02,-8.612936767774508340e-01,9.166455853432207979e-02
1.994686982205973458e-01,-3.248637914219663914e-02,-3.166808388619433701e-01,-9.267524588033771993e-01
2.558816539057869321e-01,8.450139100028364325e-01,-3.634259327701342412e-01,2.973174439657301771e-01
-8.536381484908766026e-01,2.425231264135279952e-01,-2.356829846095709058e-01,-3.961539793580280411e-01
-4.571521333755879657e-01,-2.737752729497824888e-01,2.342084896401431526e-01,-8.131453807603554740e-01
-1.520595066229173953e-01,-3.285437948166861077e-02,-5.109138827716054321e-01,8.454380524826830001e-01
-3.340272335716610308e-01,-2.966301258031188715e-01,-4.245627288814979861e-01,7.875168981953241110e-01
3.827800602448453438e-01,-6.042283685218199363e-01,6.791718051515994725e-01,1.646607519706195233e-01
3.127975158411840373e-01,-3.717276182954089569e-01,-7.759504472231172345e-01,4.023396517051875398e-01
-1.728164067271337201e-01,6.448368097269996380e-01,-4.686922024084611005e-01,5.784873358929589759e-01
-5.610419207646151485e-02,2.662979907568854276e-01,7.883111948931743607e-01,-5.518180495021787202e-01
2.999594553721929291e-01,-8.809197053099645514e-01,-2.401081122526028955e-01,-2.763202713517662890e-01
-8.053761807873088818e-01,-1.629062525773187498e-01,2.447468069761146170e-01,5.147132801537758207e-01
3.457923548549856063e-01,-8.139332027223431520e-01,4.122313690099429495e-01,2.191020018945084302e-01
6.626347393679348219e-01,5.003050941456792522e-01,5.530939599801445831e-03,-5.572965311769091379e-01
-6.288472168817661467e-01,-6.014370326363631669e-01,-3.516564537891099795e-01,3.451990905290609479e-01
9.619897561922128304e-01,-9.335528249328967076e-02,-4.552643157247885167e-03,2.565926219752385773e-01
-2.094621980278620343e-01,-4.415371236267781052e-01,-8.220871306748488427e-01,-2.921357657588710688e-01
4.907445808160516565e-01,-6.777823124187910553e-01,-2.407857614017424319e-01,4.917347968957426207e-01
2.933450472998361258e-01,-5.593953689999316969e-01,4.908475658564376842e-01,6.000784710843216629e-01
-5.942756862005772467e-01,-4.734090605845241440e-01,6.484709531933956494e-01,-4.696480609733419409e-02
-7.621536675452381671e-01,-5.078141441290286995e-01,-9.780675815106316950e-02,-3.894617056012362744e-01
-2.373075783002007166e-01,3.515085412289601155e-03,9.594252175923302373e-01,-1.522366884287364441e-01
4.912007418672166836e-01,6.040982962563592462e-01,6.092692562985770888e-01,1.502599513464542291e-01
-8.634015616040462415e-01,1.953165232723357569e-01,4.651017624227886116e-01,-8.339649136347491651e-03
7.661274282344662234e-01,3.508523632288670369e-01,2.300851369247991218e-01,4.868390007896434835e-01
1.384168040223513196e-01,-8.712568048473952054e-01,-1.813708311906526427e-01,4.345767940934695539e-01
-3.272282906062866092e-01,-1.119681032372389778e-01,-4.703036775864859464e-01,8.119108575040546727e-01
8.434734690764547071e-01,-4.422346812735010735e-01,5.962048386942351424e-02,-2.990424577651673022e-01
5.537961918514469062e-01,4.003058805363925443e-01,6.535921709759290321e-01,3.253955346002627147e-01
8.242720383331733069e-01,-2.920567392610218249e-01,-4.766157537532632049e-01,-9.008824090026477938e-02
-5.950678652908629740e-01,-6.039155177989485868e-01,-4.067212588791865313e-01,-3.402324214937972879e-01
-7.761040945788520995e-01,4.250232558375041103e-01,-4.546207229370640146e-01,-1.016743067417178459e-01
7.090511350085120235e-01,-5.914576911859802388e-01,-2.135662817071924124e-01,3.190826394491785845e-01
-5.986707689019420409e-01,-7.743559298130046065e-01,1.018225629472267191e-01,1.777593038371064471e-01
9.337005972255727482e-01,5.571127724424419780e-02,3.488650548191444267e-01,-5.824621751203516717e-02
1.317343788801062787e-01,5.904457361586443742e-01,-7.773690517436879777e-01,1.723869005007880317e-01
7.851892432085133544e-01,8.840723197550968970e-02,5.787768833207578290e-01,-2.016911823000208659e-01
1.320176476081645275e-02,4.593653603810641736e-04,-8.969615976116840361e-01,-4.419110711450452977e-01
-6.465958735088690457e-01,4.944657031005679215e-01,5.288193314104953080e-01,2.403488288823566466e-01
5.927378102164410079e-01,-1.285716205341596585e-01,7.936422946770056441e-01,4.757241672288232970e-02
1.342312765084271997e-01,-3.539333975562278800e-01,8.138742290747589259e-01,-4.408195251451435537e-01
5.033843171567519148e-01,-5.636231543917730180e-01,-5.446457735116477794e-01,3.637226284821956090e-01
-3.025068628679699126e-02,-4.227675126318861110e-01,7.670670057514635820e-01,-4.816230215943894111e-01
-5.122980223875078093e-02,5.220260344861044066e-01,5.781655025388159341e-01,6.249711820198827761e-01
-1.254247227282823118e-01,6.769804748164434116e-01,-5.474527794405155134e-01,-4.756695595985626079e-01
-7.741195398212087353e-01,5.557347367824586604e-01,-3.023913070757446309e-01,-2.138545780089858364e-02
-5.023759166030300483e-01,3.935110744458496512e-01,-2.351292760682608673e-01,-7.331314317646965284e-01
1.877071923906553919e-01,-5.417800904126881534e-01,-3.189457964298667569e-01,-7.546614621782108401e-01
-4.845601921439759985e-01,5.161750173143733744e-02,-7.113380478726472056e-01,-5.064930753259413443e-01
2.330103822884791939e-02,-2.068086003347379132e-01,7.037193187249569659e-01,6.793131714447517844e-01
-6.124910616297128962e-01,4.004617779263817678e-01,5.488347030442273233e-01,-4.040612980453625602e-01
-9.592821977832781677e-01,-2.629543281039559491e-02,-1.301119469302730869e-01,-2.493132497389807523e-01
3.320460233580737053e-01,-5.170990573593469142e-01,-7.806567077753334694e-01,1.137062349017944618e-01
1.936102752735774923e-01,-5.201969166059635663e-01,3.888618755086430401e-01,-7.353207946454650701e-01
-5.145165248638726707e-01,-2.770168461110003033e-01,-6.439688770080627123e-01,-4.938000587866437363e-01
5.956048353108770455e-01,-2.721093401369928388e-01,7.400081193871049789e-01,1.536208657887115359e-01
5.860620564654654002e-02,1.632242006886995278e-01,9.231627321097284344e-01,-3.430652168508952493e-01
-4.987162863712123473e-01,-3.700754826934308794e-01,3.665070784063173635e-03,-7.837810727961468382e-01
4.802636431962780533e-02,9.865340014320256312e-01,7.613466518468943456e-02,-1.365563806856700257e-01
-2.379419285992686317e-01,3.721234318649298545e-01,-3.652210957078459996e-01,8.194640573701130748e-01
8.727092357699840486e-01,9.858864535256373074e-02,-1.590016179874789021e-02,4.779184592209120286e-01
5.834067684016701616e-01,-4.218033406309467104e-01,-2.778346037422687598e-01,-6.360239125843225594e-01
2.862236319284070518e-01,3.913534994551240431e-01,-8.407907885184271457e-01,-2.408097193480809306e-01
-7.145400956303354922e-01,-5.147115029177501411e-01,2.928632240064018566e-01,-3.724723513568732325e-01
-1.441135003757806898e-01,-9.846722769263024366e-01,9.766746578245982802e-02,1.062413242778306385e-02
-6.454310633589888102e-01,-2.042307214662452686e-01,1.525684907815788305e-01,-7.200218125038249095e-01
-5.980485377015969384e-01,7.512348283675508442e-01,-2.788875463128351329e-01,-1.434976348809419329e-02
2.784247316734125843e-01,8.935903477255224825e-01,-3.265356628368502601e-01,1.317209935434243973e-01
-4.172870602553561681e-01,-3.635174413797399029e-01,-4.768027243350358990e-01,-6.829244037394313072e-01
1.016262037010260202e-02,-8.500454694173112946e-01,5.224207788204121572e-01,6.630196774598648424e-02
5.528155419934047687e-01,-5.706962361167021713e-01,-4.511137141378399051e-01,4.064445835898550796e-01
-6.563924278907616872e-01,-2.292535407319765406e-01,-5.240207492532827915e-01,-4.919289064707941805e-01
-7.271342795209319032e-01,4.647286751827829354e-01,-2.539896388223067958e-01,4.367977350895315691e-01
3.409939283754392925e-01,-3.955218517084038710e-01,-3.339573907424190913e-01,7.847025339584143833e-01
9.464808022157804590e-01,-3.173294049231491915e-02,1.221676089498160978e-01,-2.970558648607512509e-01
1.933824373068797065e-01,-2.912353584648578186e-01,-7.993222731852176466e-01,-4.887423682382290302e-01
5.090716767071809534e-02,-7.506096685613063979e-01,-5.806529188581503048e-02,-6.562179574045853281e-01
-6.461220970826279109e-01,7.348396557775921378e-01,2.010355536125592035e-01,4.606106970000824197e-02
5.191172959516748842e-01,2.499346941863485883e-01,7.872067789518302217e-01,-2.198985421918064342e-01
-2.081735833873658570e-01,-7.474801996715451091e-01,-2.541680685772031434e-01,5.773523215458520319e-01
5.039247552023584653e-01,3.417463810144824587e-01,-6.712698002850973067e-01,4.226891379997274600e-01
-8.239491449211129304e-01,4.024425270604928828e-01,-1.820019863371811208e-01,3.549973182521973247e-01
-5.411382991062920755e-01,4.861266562991165552e-01,-6.356921848693877219e-01,-2.583518170475561648e-01
-3.385473932128598151e-01,-6.501670796197785984e-01,2.473745376459508816e-02,6.797473718292040834e-01
9.241756792527269226e-01,2.107792673390870494e-02,3.680816415606798508e-01,9.985459442787729401e-02
6.062109476618368076e-01,-4.024826253194647152e-01,1.923529169905443814e-01,6.584196067676886255e-01
-5.049839187336387925e-01,-9.824320565800526150e-02,-7.604797877328067779e-02,8.541406320313741363e-01
-4.062178574869056424e-01,-3.401488876122911453e-02,7.654598015167967118e-01,4.978969088708780077e-01
7.866880985057205233e-01,-2.306730773192104417e-03,1.663409984567583433e-01,5.945142444845225027e-01
5.081150354221164456e-01,-6.193100257347529114e-01,-4.185886688167906322e-01,4.278524618844541383e-01
-1.413145864044702549e-01,-4.503525971546445961e-01,-8.223912810234311754e-01,-3.176244745010050607e-01
-5.446581446990189646e-01,8.384277618249845743e-01,-1.954988232848857421e-02,2.048344480738242736e-03
3.497937239535725551e-01,5.037950686317781424e-01,4.979029420613863555e-01,6.131293010382145026e-01
-5.235502936354458070e-01,-2.930467232918670395e-01,6.791258959785495541e-01,-4.228554426910817177e-01
2.894913552507535903e-02,1.930708847327466116e-01,3.979686474778933447e-01,-8.963852612830499611e-01
5.689001324872570153e-01,-1.919096384017442980e-01,5.062037027589024740e-01,6.190970370286631441e-01
5.729130784109039976e-01,4.507042490541872670e-01,4.509346438782705913e-01,5.150672105857833083e-01
2.851045729351083247e-01,5.466008438443552796e-03,7.011546795150527256e-01,6.535041091205042729e-01
-2.794969080288398633e-01,4.150093655489058286e-01,-6.026827631257835466e-02,-8.637224321385450487e-01
4.695216564236879830e-01,7.154057152760430298e-03,6.986451254229676389e-01,-5.398085052480531276e-01
-3.833072033178946403e-01,5.014676591533049135e-03,8.535626536772988882e-01,3.528189863806425741e-01
2.128569479223835492e-01,-6.658257277584866962e-01,-6.798778672736899287e-01,2.216621428377612280e-01
-7.421096539899090239e-01,-3.187177208389840311e-01,2.717448639853548564e-01,-5.233039315500714883e-01
6.097467374653370298e-01,4.340000868149417879e-01,-5.826063261226208656e-01,-3.168954236919531708e-01
-8.870153638514607364e-01,-3.256049019966689717e-01,2.958722122265468601e-01,-1.401600018527731084e-01
2.776028202266840328e-01,-8.267932491555901597e-01,4.127708892294134069e-01,-2.626210013645006169e-01
4.172952779594489570e-02,-7.122391896164174951e-02,-7.620412394348928808e-01,-6.422452407594820833e-01
6.625198708508353018e-01,2.401656109707139553e-01,6.640540997937908196e-01,2.498400539983818280e-01
1.130107058433541117e-01,-9.797869421681729696e-01,-1.639121928113670690e-01,1.946590273522528711e-02
7.515194943146474849e-01,2.432051131711242820e-01,5.618022173464429780e-01,2.458617318272554308e-01
-5.861279695519606703e-01,8.209611883621223405e-02,1.920553582371193890e-01,-7.828339351058678508e-01
-1.228107903650751398e-01,-9.205734728964022617e-02,6.091506674195543702e-01,-7.780606782007504219e-01
5.164844718692648273e-01,-3.938857841732294474e-01,-5.681454994742586306e-01,5.052805861808983279e-01
2.968554801649093133e-01,4.539497911009140463e-01,2.878866756925901327e-01,7.892576721287966057e-01
4.132943228657954826e-01,-1.231379069739456378e-01,2.153043591617589680e-01,8.761671595528582879e-01
-3.121484290962860952e-01,-2.979029379764802088e-01,-1.455948596351901436e-01,-8.902917132072561968e-01
9.360838076685910891e-02,-8.960262229750438623e-01,1.341750383521416075e-02,4.338138418516818695e-01
-1.593472265816508471e-01,6.373511193291858667e-01,-5.761808321481476369e-01,4.862177091958273523e-01
2.268880361155692915e-01,-5.327048266171811042e-01,8.153204192635856717e-01,2.642404204980300432e-05
-4.900106455926594440e-01,-8.586378940176444541e-01,-1.452755427022009438e-01,-3.905830072328754510e-02
1.973493764063617151e-01,-4.111162920535868515e-01,7.856679302842156654e-01,-4.180460756460305238e-01
-6.076076335128367534e-01,-6.020954031517252586e-02,-7.801939831155605409e-01,1.359600075840037003e-01
-5.049866968344930429e-01,7.387169314548661103e-02,7.088801108114547445e-01,-4.868474067589829701e-01
5.262329678717698744e-01,-2.172620679898200624e-01,8.098105130324547707e-01,-1.417144675739493709e-01
-5.736912905043557442e-01,4.833718965029549786e-01,-3.346915053125226747e-01,-5.702731881670581870e-01
-1.779468720109734503e-01,-3.272420963326544419e-02,5.660777037980597726e-01,-8.042512481234359578e-01
5.325953269694462533e-02,3.963221463171223702e-01,1.135132713569464574e-01,9.095091619886721546e-01
-3.817024612027526687e-02,-3.282635959653757984e-01,9.089125818017198544e-01,2.542910979911212066e-01
-3.195909302630243753e-01,4.663905422666616563e-01,-6.388959217096384924e-01,-5.216833336427525447e-01
-1.274584717967065239e-01,3.688231861799492473e-01,-9.116454899493940944e-01,1.289429949948724397e-01
5.166043076940055045e-02,-9.406639142647239549e-01,1.576209159329949316e-01,2.960375772656770321e-01
2.096408798904348669e-01,-8.539781975428479832e-01,4.253214884348627267e-01,-2.141811641479843542e-01
4.809614604227098744e-01,4.613862511245901410e-01,-5.811356917135446221e-01,4.669904802861305493e-01
-1.271956815438836930e-01,-8.355462647423409495e-01,4.535624158442065901e-01,-2.827805385900447610e-01
-8.504204079441957109e-01,-4.531489327329022432e-01,2.672495118597436603e-01,4.344298077715173616e-03
3.608046701648769394e-01,-8.134096297664494823e-01,-4.551459811446400550e-01,-3.204528106141451421e-02
8.768388050674599254e-01,-6.472740338647856029e-02,4.742502656920592474e-01,4.528530302122366763e-02
-5.027238908087057201e-01,-3.149518011317500865e-01,-2.194713985232219222e-01,7.745362211054329649e-01
6.896342904849911415e-01,1.582118355173058877e-01,5.583260524624128474e-01,-4.331807701540394406e-01
-3.889373968207399113e-01,-8.040763602383426134e-01,3.161196932094083034e-01,-3.197768719362846790e-01
5.431084601660056688e-01,-6.614042421066073096e-01,1.453778566916516697e-02,5.170747352243504347e-01
-5.690805546087466249e-01,5.952801380664073383e-01,-8.923109643573043370e-02,-5.602023661309524227e-01
1.964309548452575771e-01,8.004924599812812333e-03,-9.514065110906112788e-02,9.758581134915441657e-01
8.426047426178291389e-01,2.882571340835706208e-01,4.526318533381347153e-01,-4.527115761225428137e-02
7.707580786173809928e-01,-6.330563047735989768e-01,4.796300811030560635e-02,5.358403759936672395e-02
4.036502491568869644e-01,-4.030868069652969177e-01,-8.150782664748524864e-01,1.011677909537115477e-01
1.483651081842293773e-01,6.271573654096934680e-01,-5.571677360328552986e-01,5.236654920938333957e-01
8.634331657697350559e-01,-1.460092590601519413e-01,-4.672399538676592079e-01,-1.218658690007439482e-01
4.062899913491051923e-02,2.951763644700056144e-01,-3.390963732114748441e-01,8.923193643322943069e-01
-3.253367029600261473e-01,-5.533918119118454992e-01,3.361969307132912088e-01,-6.891191159697913626e-01
-4.074318670518708302e-02,9.450354101283898745e-01,-1.238471857051351432e-02,-3.241831042582283273e-01
-8.448223702033873239e-03,-9.965451701295956199e-02,1.904417528320946351e-01,9.765907758797610638e-01
-4.672533901530252498e-01,7.924845129296752555e-01,1.055945504319713152e-01,3.774815983279052878e-01
-3.936729056384336567e-01,8.679327115380074398e-01,-1.923407041424986808e-01,2.339220065287634098e-01
-5.645898541637398571e-01,-6.605465179697150857e-01,4.293699163241039285e-01,-2.460854915050536829e-01
-5.841062696547572042e-01,-4.903008685036578940e-01,4.958858822743607564e-01,-4.153578166539566574e-01
-2.224006911649339252e-02,-7.008371603226753489e-03,-8.094256865934188472e-01,-5.867591668955304263e-01
2.331719162166531467e-01,-4.517073849539536834e-01,6.103795679938666119e-01,6.074768134188626156e-01
3.753011649076333778e-01,8.600004017785084498e-01,-5.156418407042281937e-02,3.418910345138185258e-01
-1.630637314038498598e-01,7.666841786238872691e-01,6.205080510979376074e-01,2.398641847187337264e-02
2.894388034910740370e-01,8.682172459441612755e-01,-1.104614078208877997e-01,-3.875851780718901352e-01
7.612963347466148445e-01,4.334752790419095503e-02,1.325892954637083732e-01,-6.332210998177515426e-01
-8.743267259838988226e-01,1.091400249806034062e-01,4.649811852743823692e-01,-8.621907282231701386e-02
7.540322347111154677e-01,-3.693739384701854589e-01,-5.431320888451623974e-01,-2.411775751497679740e-03
-1.282210058356618790e-02,4.122764134584112061e-01,-4.439123349475336822e-01,7.954907865738752859e-01
7.899011912653317591e-01,-2.793549139289780436e-02,4.756260349896256900e-01,-3.860771829547747780e-01
6.512868973367085257e-01,5.850347312398623822e-01,4.825376674049902115e-01,2.677947228712602643e-02
-9.101269493896666507e-01,-2.139209407341662872e-01,-2.063889058772017948e-01,-2.886353870212037820e-01
1.281488126420240181e-01,-3.197489443872796322e-01,-6.075930006355705348e-01,-7.156600030463652340e-01
-4.337040401542854862e-01,7.211283165635355985e-01,-4.503029840882762369e-01,-2.984995462731639959e-01
-1.268607026331053100e-01,9.948525403958566327e-02,1.404707066894931855e-01,-9.768710390416270872e-01
4.787655204477995752e-01,6.201513002026535215e-01,-4.744219656180727607e-01,-4.013972344528425884e-01
-1.860510026238363923e-01,-3.766103651048513523e-01,9.565655979499182449e-02,-9.024408456438810511e-01
-4.300677566318822365e-01,6.154151381506631768e-01,-3.894766707652174142e-01,5.334921324352054350e-01
2.099296260155010807e-01,-9.273863034243232661e-01,3.083968646948459513e-01,-2.784906081629342015e-02
-4.005916503176913945e-01,2.196262096562008603e-01,4.523186319059348537e-01,7.659624749023559165e-01
6.350774780942471942e-01,1.941378695660699871e-01,-7.173208759784470701e-01,-2.108028588594369479e-01
7.286150988150296159e-01,1.648118416115276763e-01,5.638665072580431037e-01,3.521528881551255208e-01
1.743377771008936816e-01,1.583182187967516752e-01,-3.452319761624499106e-02,-9.712619779950683041e-01
5.252013936892900581e-02,8.334145396473092715e-01,-4.375235164551701250e-01,3.335191338046953335e-01
5.395119910732597557e-01,-5.558347894662480915e-01,-2.810371724257401671e-01,-5.665620937038794436e-01
-3.273785354710699869e-01,-5.692604579216981042e-01,-3.994069756831569729e-01,6.397186048062302177e-01
-5.358170882090176335e-01,6.175618429495799422e-02,-3.283292796775126865e-01,7.754264025624758583e-01
8.359395915351331974e-01,5.105099080226431774e-01,1.730469322559435308e-01,-1.031474301744546018e-01
-4.575054628471436069e-01,7.759124588364794128e-01,-3.187912482835079664e-01,2.949927926326207928e-01
6.154940463021673080e-01,-3.211690147217176605e-01,5.580553727253494412e-01,4.545236450633100000e-01
7.727696356164492908e-01,-2.159710458275937162e-01,-5.654348683514451857e-01,-1.909633663448025431e-01
1.407979830605116112e-01,1.513497831075689276e-02,-2.180578719614863770e-01,-9.656073865051224558e-01
2.458892780020257296e-01,8.957353484920825837e-01,2.028542695298893028e-01,3.099141716006300618e-01
5.010174355566727744e-01,2.963832197889207931e-01,7.266543594241225978e-01,3.648451153923888413e-01
-2.659015138525174238e-01,-8.398724468111766761e-01,-2.758007012001127412e-01,3.845056972736202172e-01
-2.469967306416481212e-01,2.726291610034911050e-01,3.939508404079282711e-01,8.422996444049805076e-01
7.021786315007253476e-01,2.551802387520037477e-02,-6.960212789556059487e-01,-1.478119723238817407e-01
4.635828576684281055e-02,-8.035396717205955941e-01,5.868369649064560933e-01,8.830221928862427849e-02
2.622801717058457771e-01,7.973859356241409513e-01,-3.892766131793869988e-01,3.792736474240614997e-01
-2.581719236103120416e-02,-1.114076562993470271e-01,-4.155658453492385718e-01,9.023451860987860007e-01
-1.304073166328132138e-01,2.796946690183377826e-01,-7.960426103956332877e-01,5.206543827971276128e-01
9.022832996584930765e-01,5.857168423558847120e-02,-2.022492528917848587e-01,3.762305738080086170e-01
7.426792999127266315e-01,-5.663956311857113457e-01,2.374140608144159614e-01,-2.669419603256308893e-01
5.612365938968232743e-02,-5.133283302022649819e-01,-8.509557018654326788e-01,9.601329976193109794e-02
-4.436940370237030806e-01,4.136220706320148932e-01,-7.546936325535206214e-01,2.499798095424203281e-01
-1.367963443086129549e-01,-6.176326548065609323e-01,9.192868358643813131e-02,-7.690031085986996917e-01
5.655951591099066950e-02,-8.308096947396702570e-01,2.508869034997828762e-01,-4.935706980147636092e-01
-4.295437634351442213e-01,2.910566905653553249e-01,-8.548478553427512061e-01,3.647243755852292314e-03
-3.903642784905171914e-01,1.605885893248298890e-01,4.706400062264424755e-01,7.748064400844983934e-01
6.223591058826059841e-02,3.008660391314311733e-01,-7.190823609708646424e-01,6.233192408960124276e-01
5.306605955484701154e-01,-3.253983108728240037e-01,7.729922012135727050e-01,-1.224676629819137497e-01
-2.426086122083371266e-01,2.716206846050258084e-01,-6.592535906873182583e-01,6.578358215717047264e-01
-5.173319366350044302e-01,-5.609414162578432173e-01,-4.850494656903184265e-01,4.271292669645308515e-01
-3.465096935396874134e-01,-8.531050469595901076e-01,-3.896103470352909048e-01,1.861689066809375098e-02
-4.032526507165347662e-01,-4.292655075739466031e-01,7.548393049819561718e-01,-2.886798353742912049e-01
-2.869684210938687197e-01,-4.154244892783506282e-01,-4.688280696405245918e-01,7.247564143350875288e-01
4.756224742767536928e-01,-1.583324345050268755e-01,-5.936316819143995227e-01,6.295359627329095709e-01
-9.644336985322110242e-03,5.956280243154813414e-01,-7.980447473112920465e-01,9.087807603050389316e-02
9.595704842832354364e-01,-1.857216054911057790e-01,-1.209442211002981216e-01,1.735063869968054839e-01
-5.598873375169726163e-01,-3.715055690784170861e-01,-3.958235077653666778e-01,-6.259660790587601165e-01
7.899719389257757740e-01,2.660018666871840076e-01,1.399556049973411376e-01,5.344153546246704911e-01
-2.034171793966922936e-01,-7.704405943416180458e-01,-6.011010124270941279e-01,6.099438151133830532e-02
-3.944039197112320649e-01,-2.114129434003962915e-01,-2.150070810371053076e-01,8.680564904331401488e-01
-8.434902469614268261e-01,-6.738310023336407939e-02,5.297436028342434877e-01,5.792612830223315551e-02
3.366898233742664504e-01,2.792144268396057685e-02,-2.851519046547532632e-01,-8.969664136111329400e-01
2.075721980912391962e-01,-6.382270778120527899e-01,-6.544228042329272022e-01,-3.482969609786611964e-01
6.012531669201247597e-01,7.854010936903688123e-01,6.289973668695959808e-02,-1.329788495333163179e-01
-5.220261309711400344e-01,2.050811647883849509e-01,8.233776841187052664e-01,-8.648481790267492642e-02
-7.710717622385538927e-01,2.119371672742507984e-01,3.197972097954159820e-01,-5.081935843880400760e-01
2.596967274017310534e-01,4.852851421481792493e-01,-1.057822158363954240e-01,-8.281703106244480139e-01
3.929874257539437421e-01,-1.586065474508623341e-01,-5.485547943665837201e-01,-7.207582700756481886e-01
8.821326726108736915e-01,3.946804696999180462e-01,4.405352101739044846e-02,-2.532361783707444136e-01
-1.914966383074840073e-01,-4.566892250473933990e-01,-1.883431726347511437e-01,-8.481101570930633660e-01
-7.095110020205751544e-01,-3.481270388852812925e-01,6.122947222347959739e-01,2.229071403385995270e-02
4.373991889928118271e-01,6.744962928009096137e-01,5.287079356623021198e-01,2.724052481762552214e-01
3.462418563555735157e-02,-4.727309635633206164e-01,3.345060011069952433e-01,8.145135585617808704e-01
1.511780309432569080e-01,6.965230852307482401e-01,-5.738342111590712946e-01,-4.033795889781804922e-01
5.707930883541123546e-01,1.479524659383638918e-01,8.071291909077131788e-01,2.911678716122730742e-02
-3.902096882225568608e-01,-1.179346509672428434e-01,-7.534337931284844636e-01,-5.159121404759861029e-01
4.801300294914799816e-01,3.907733001790515970e-01,1.570783837527789106e-01,-7.694788912018953875e-01
-1.654121656696489195e-01,-6.940434395942537416e-01,6.384448169939896944e-01,-2.886706342151291738e-01
-5.201451714389738745e-01,9.775923316549420630e-05,-3.370107985285092367e-01,7.847755811357979283e-01
-2.482018638319932191e-01,-5.320997152085930049e-01,-8.093953389332932957e-01,1.203798896487014679e-02
-2.421271023808267697e-01,-7.061453921221171326e-01,5.638903553485977715e-01,3.532149750820286482e-01
1.821946373234474906e-02,8.022469166115812067e-01,3.840565846392299254e-01,-4.566929775284118143e-01
-7.354085124554682329e-01,5.921551104102960039e-01,2.802426811797780193e-01,1.731781876223874306e-01
-6.314507724970865876e-01,4.645957004687330527e-01,-6.199893727985456016e-01,-3.215485399851633619e-02
6.023221399854438163e-01,-2.761438828020770231e-01,-6.368316560084376077e-01,-3.942055778142912192e-01
8.943062945071706960e-01,1.956415038495617209e-01,-1.278381882279152892e-01,-3.815731269454647467e-01
4.291367536889165168e-01,-6.945179207252403231e-01,2.257108458298015818e-01,-5.315459702599791836e-01
-7.374815017725039334e-01,-5.795123215054510668e-01,-3.466443205273906369e-01,1.114534938163460644e-02
8.085097647135829069e-02,-9.689204940618113548e-01,-2.177728501177618181e-01,-8.503635423882051347e-02
6.331494506951229617e-01,-4.485678869751856812e-01,5.536974914788000968e-02,6.283651921760006198e-01
-7.804695928995576404e-01,2.278076494159292364e-01,-5.130366825922237917e-01,-2.752530685415759959e-01
-2.417395061743706497e-01,-2.527773870442877602e-01,8.877784168520365116e-01,2.991907189826009117e-01
5.525337337578858365e-01,2.192610365056778254e-01,-7.742293960426228638e-01,2.172554101363207979e-01
6.024269377820943294e-01,-4.691889222960329286e-01,5.007759709055785713e-01,4.076358261889538315e-01
8.383714367075825180e-01,-1.965092039337750507e-01,-4.913268984746448353e-01,-1.308256309652809923e-01
4.724140549442494841e-01,-5.848518243420648410e-01,-6.576220169153638162e-01,4.802694163757722373e-02
-3.478488367934353676e-01,-1.552459672154338916e-02,8.278799532435665576e-01,-4.397441945671567987e-01
-5.904030555692595383e-01,6.577429635351202952e-01,-3.355402782292823405e-01,-3.259005179197095869e-01
8.602324154575096138e-01,-3.046640091728550215e-01,-6.307451677052688943e-02,4.039822251597536829e-01
4.074057581437905973e-01,-1.300817967156780719e-01,5.284125555981695754e-01,-7.334026489457995401e-01
4.519633600807377860e-01,-4.789045308171250848e-01,7.440959193793962312e-01,1.126979781109206935e-01
-4.315855263596911628e-01,4.455054504188130649e-01,6.101650982742380380e-01,4.929070702799344117e-01
-8.862260539542212712e-01,-4.623333536428737012e-01,-2.263053311493329334e-02,1.841494971475426956e-02
3.636623258480181087e-01,-9.155339831172643050e-01,1.385731527922906825e-01,-1.017089958727901700e-01
-2.058736915608608553e-01,-2.106250555497061472e-01,-6.587301467074832551e-02,-9.533697367946887269e-01
-4.508967984310209287e-01,-6.312647271525744230e-01,3.572851847121169544e-01,-5.201386528637046425e-01
-7.506630143073025896e-02,7.394257862273746484e-01,4.744066791530076044e-01,4.717550845794400982e-01
-6.027087441995369055e-01,6.985000522838977766e-01,-3.405604497018096533e-01,-1.812689348005064593e-01
2.807444128524559934e-01,-3.747572595618484104e-01,8.816380280836283445e-01,-5.877038790610851493e-02
2.957137940880345539e-01,6.175349428849520317e-01,4.364874989574755171e-01,-5.836802288547955353e-01
3.013832430399612794e-01,4.924989075265323590e-01,5.202426439691769655e-01,-6.292539696305839980e-01
-4.280736442686601806e-01,6.899393986197697171e-01,-5.585669612087467151e-01,-1.695273758446267653e-01
8.274388078661136792e-01,-3.909973053002469695e-02,-3.794482029559147485e-01,-4.121107758638580809e-01
2.609586137161769570e-01,-9.106821758703589342e-01,-1.804285483799957235e-01,2.645829083838318052e-01
6.529912762054028708e-01,3.058556003035300952e-01,-3.542330428048679480e-01,5.954609108479003154e-01
-1.200460709331589437e-01,-6.368027628553065700e-01,-9.858854385597944081e-02,7.552161816948289585e-01
1.068971324632783937e-01,-8.425445544289134753e-03,7.580486216212242168e-01,-6.433228599985163498e-01
-5.846465296004731416e-01,-7.864504928100357617e-01,1.664524758075828226e-01,1.094423642037261057e-01
9.574735245093358715e-01,1.288971138577240383e-01,-2.552828874309941987e-01,3.821820623359546004e-02
5.825737346048044663e-02,-5.274386003378966903e-01,8.282111556862646884e-01,1.802245347002130182e-01
2.771223025744822821e-01,6.231554752043937384e-01,7.265741831705799791e-01,-8.348915791051957080e-02
-4.953854936769662154e-01,4.932033335093438664e-01,3.132440954132773014e-01,-6.428233203287020414e-01
6.709155285863459550e-01,1.188782797657357976e-01,3.193066102095974412e-01,6.586224994472172911e-01
7.048061435896023352e-02,2.719288551493880268e-01,7.347061220154698091e-01,-6.174901578241683842e-01
4.641765336352011995e-02,3.595325030977038205e-02,-3.806445839833715872e-01,9.228556040532631677e-01
-5.558497511915581057e-01,-5.505950223004653088e-01,5.335167626676674546e-01,3.213036561741007824e-01
-5.273922086504034823e-01,3.157487110158283539e-01,7.885772032814599708e-01,1.749869170776083283e-02
7.649687376808750328e-01,-5.044111677198984678e-01,1.903716018557606304e-01,3.523504753186075811e-01
8.295016903480715298e-01,-2.012857698010310503e-01,-2.731433254009149603e-01,4.436256398972319159e-01
5.014043532885381627e-01,3.290205613433665466e-01,5.828644154159530189e-01,-5.482775008683268281e-01
-1.126598569405154043e-01,-6.388906859250257364e-01,-2.697512140013038073e-01,7.115902828293930726e-01
6.719009725190476512e-02,9.945099936462646895e-01,6.468372686370399416e-02,4.744869701064371309e-02
1.180939655522206533e-01,-4.832518478362128889e-01,-5.790352322424616172e-02,8.655452898960608321e-01
1.283452292994049226e-01,-6.199633874539126621e-01,-7.161160413731877394e-01,-2.938549227437712297e-01
7.351059840732387940e-02,6.411270212339954533e-01,-7.506385971518225730e-01,-1.417534162952160115e-01
9.594219482833318824e-02,-8.658898243145083384e-01,-3.985305334383244524e-01,-2.867112158906179875e-01
-8.027694073881341819e-01,1.812722851845375571e-01,-1.952685749020351968e-01,-5.334527353396999461e-01
1.644123878191333099e-01,5.579573966343976954e-01,5.328180802518797110e-01,-6.146193973747311468e-01
8.342268464419732021e-01,-2.669998588130186867e-01,1.799822930273632104e-01,-4.476416181119902138e-01
1.630624361210049056e-01,1.207430792950433679e-01,-5.711893688889708720e-01,-7.953454944845372854e-01
-3.366895717774626151e-01,1.784838685069994602e-01,4.937293787903533904e-01,7.816744472338703620e-01
-2.680024218033994488e-01,1.574112119514264052e-01,5.777612858193000855e-01,7.547107451652752541e-01
-4.081641775061117285e-03,-2.180037366731318316e-01,1.508178521628097679e-01,-9.642155809081124351e-01
-1.427529387123698812e-01,7.319051074825336789e-01,6.315772955177927361e-01,-2.122419183771054596e-01
2.419962580770831095e-01,-7.563345385556451417e-01,6.076067957516108065e-01,-1.448649788490004656e-02
-3.793005040566832520e-01,-6.445423376940734306e-01,-1.376061603694617441e-01,-6.494311720040691904e-01
3.079513869184105634e-01,-1.820611890297018920e-01,6.687479991539910795e-01,6.517635923950125809e-01
-7.567874245834727009e-01,4.039866168563094329e-02,-6.068327717198203075e-01,-2.395719710090578602e-01
9.370766868506695824e-01,-1.535156447851679651e-01,1.523156111357687192e-01,2.740806165556105012e-01
-4.785566342043501842e-01,-4.504772218194919575e-01,-6.262510119888212712e-01,-4.193608117883373954e-01
-7.978480862178704003e-01,1.456055226638261757e-01,5.818341580631127830e-01,6.088083113151699505e-02
-7.316811150563283794e-01,-3.624153487841777488e-01,-2.602079342222360925e-01,-5.153539480816725638e-01
4.941925991694605669e-01,4.196123928852335538e-01,-6.331370589458862330e-01,4.228907415073241971e-01
4.169118027017107431e-01,4.846207634650235296e-01,7.374652447546167222e-01,-2.178813373504043804e-01
9.612664086418931664e-01,-1.293091771507950405e-01,-2.059240367270200045e-01,1.297741092026845622e-01
-3.501688758246289113e-01,2.481532962056843539e-01,-8.954826241634322725e-01,-1.179515570365334137e-01
9.237211347961693519e-01,-5.768468195994574249e-02,8.230165518222863630e-02,3.696460200682846753e-01
5.676608557084060758e-01,-7.760989796708712696e-01,2.578394048712216446e-01,-9.460638427657439009e-02
1.212078106529503735e-01,5.510408025939155241e-01,-6.508745643540747583e-01,-5.079616146819219136e-01
-7.946056336463583891e-01,-2.466525954310747337e-01,5.542235363688849947e-01,-2.450828185228616507e-02
-5.537459454823788763e-01,-2.242968133884868098e-01,-6.562573269273173082e-01,-4.608499628076462296e-01
2.658312611138711201e-01,-7.141339419329441052e-01,6.475476460690204883e-01,-5.338507693531067792e-03
1.188972289559091511e-01,-2.575559187415875084e-01,6.374750703865686985e-01,7.163476336970914238e-01
4.178021138436176507e-01,5.828082927785055434e-01,-2.503674778331700379e-01,6.504552356464399221e-01
-5.040447833608798778e-01,-3.481250230384839300e-02,-5.138146644878756053e-01,-6.933407795645948335e-01
-3.238615240216753399e-01,2.258578122654792131e-01,6.632510503525009815e-01,6.357672578100522776e-01
-6.326523466789621963e-01,6.663917497841711501e-01,-1.807531253651566139e-01,3.507154854464238358e-01
-5.029697033127704664e-01,6.757808050302371861e-02,1.726132462316702088e-01,-8.441915350264744822e-01
3.251743273293444814e-01,6.387539721685041583e-01,-9.649098839656021498e-02,6.906116919391973585e-01
-3.396108174440438943e-02,2.355424272127339125e-01,-6.518213162089193657e-01,7.200662342070732747e-01
6.052255946315066026e-01,-1.230365490663971190e-01,-7.746190438954539959e-01,1.361224596870925785e-01
-7.975146029123736380e-01,2.398367742552603432e-01,2.237449722356641968e-01,-5.063466868219956840e-01
6.916682007592593884e-01,4.557840096254904827e-01,5.586790338359933772e-01,4.163860924959796039e-02
-6.325181862438417069e-01,4.428090528095772194e-01,-1.378170850589073571e-01,-6.203606514653809967e-01
4.249362544544117992e-01,6.155153007332961890e-01,-2.083702264973960258e-02,6.634273982136625891e-01
8.084689806730929740e-02,-2.186800306643791603e-01,-3.492239389014867856e-01,9.075711893618323423e-01
-5.871000835955182406e-01,5.745935680292898473e-01,-4.700584500290814205e-01,-3.228014513253665840e-01
6.326238706068589845e-01,-2.371273676267068031e-01,-2.484512656309070533e-01,6.941394805564837789e-01
8.517996663065542373e-01,3.161061265596928349e-01,-3.485602299204647037e-01,-2.302607464359975598e-01
1.028091479205328201e-01,2.235087783540110340e-01,-7.652088152781871822e-01,5.949198047830520641e-01
7.191484801119743531e-02,-8.546358297637388635e-01,-4.665587718688413155e-01,-2.162146283483388221e-01
-5.628861561259862131e-03,9.172781662486095833e-01,1.056301434845535736e-01,-3.839418633446278761e-01
3.212002470448616087e-01,-4.426367811210639158e-01,3.591579277780481694e-01,7.562464308750697084e-01
5.596388076281499924e-01,-2.438918592907380820e-02,7.098784069288454068e-01,4.269452189478460391e-01
-2.659345824137416825e-01,9.009271765751303285e-01,1.247546952707424550e-01,-3.194452791836138728e-01
6.350060334455298605e-01,7.548752394600233284e-01,-2.192802239585724122e-02,-1.626341666801723873e-01
-7.303747931808739213e-02,4.380375295222708187e-01,8.001597763714523026e-01,4.031537940067950188e-01
8.661072737217576090e-02,7.860465286860258693e-01,-1.799692830061175586e-01,5.850132424304387291e-01
-4.854414164669094145e-01,8.318351612606569301e-01,-2.688719513024571128e-01,1.023569596395433601e-02
-1.881978803164326697e-01,7.777327670351754652e-01,-4.464342463525768356e-01,-4.005118782356123508e-01
6.392194549395722181e-01,2.741194183333049428e-01,-7.035007236643304740e-01,-1.460950537257502402e-01
-4.635512525287380226e-01,-2.641311942097556709e-01,-8.455642109201155776e-01,-1.939365193584860481e-02
-5.466886467417712003e-01,1.530945975708673107e-02,-8.339616960649506305e-01,7.351893267769843421e-02
-1.585004650144405669e-01,6.625201190065620471e-01,6.245343509494641898e-01,3.819705996354543220e-01
-9.049596124728255531e-02,6.827581379926819238e-01,-5.529010174032361613e-01,-4.689906938918541046e-01
-9.233158475723373879e-03,9.933352365602251544e-01,-1.014901895880888916e-01,-5.384791555647639588e-02
-6.631019928870232061e-01,4.399887424744831077e-01,4.463551942930328309e-01,4.092342777097370266e-01
-3.529931160587734817e-01,-4.538845222542212676e-01,-8.131721294820974943e-01,9.019860479367544648e-02
-6.021400049374243668e-01,-7.105088352923855100e-01,-2.631955013738261906e-01,-2.516599640030106055e-01
-6.964652585978574617e-01,6.342673046424185390e-01,8.519409607376787763e-02,-3.246276263999022249e-01
2.215976400576110950e-01,-9.514188997720240959e-01,7.919511350847355247e-02,1.985565336972544281e-01
-7.344042759492223071e-01,4.919885371739073365e-01,-4.610264225768317403e-01,7.779637808398269516e-02
7.902892207120818524e-01,5.810408107694680080e-01,7.754285753474371087e-03,-1.943563605830877783e-01
6.518671572419055815e-01,4.199535976983196361e-01,-4.155795506576133724e-01,-4.753964894325690693e-01
-8.565359122476731146e-01,5.219020856888574589e-02,-4.600202227062072380e-02,5.113767956278382210e-01
2.142661190299657847e-01,6.658039087214663310e-01,-3.680093937177164043e-01,6.126697899379183188e-01
-2.682589624602849665e-01,4.278432188112854528e-01,-8.462567735342736430e-01,1.698139641616405460e-01
-9.417410506754843036e-01,-1.455323379433330067e-01,2.038289805792062592e-01,-2.244947187829237356e-01
-7.291941254191062205e-01,6.011826562708572075e-01,-9.184871814798407919e-02,-3.137182720658028279e-01
3.618489832072899898e-02,8.417256970942370575e-01,3.643116182155127225e-01,3.968192898763034382e-01
1.962949013494745265e-01,5.244789528943018253e-02,-9.489339847021123209e-01,-2.413334263239970412e-01
-1.380293148943923243e-01,-6.402974279903375088e-01,-3.971874471253885042e-01,-6.428135373378190964e-01
1.284849053543603813e-02,5.556801905087306315e-01,7.610671046578392218e-01,3.344118783399823713e-01
-2.930406630711018812e-01,-6.448901019241302102e-01,-5.849109592308462391e-01,-3.951241526391232051e-01
-5.943571596406376223e-01,-1.330126792400747326e-01,-7.396962184013816666e-01,2.861759920538165525e-01
-1.095946780339201870e-01,-1.071499718840020210e-02,7.026604277211573324e-01,-7.029527144101616054e-01
4.233759916618973773e-01,-3.489534964657649979e-02,-3.173128654131072146e-01,8.478488247917028708e-01
6.645708623588532094e-01,-6.913240172937930028e-01,-1.449404916610696481e-01,2.437394631433919268e-01
-1.057690020384544766e-01,2.772593777261160852e-01,1.284539666514769585e-01,9.462767745867050051e-01
-7.861478278215309201e-01,-8.102548456462270454e-02,-4.983912291043712250e-01,3.563883365296776629e-01
-8.440112574408044077e-01,1.720005638610960508e-01,-3.541995254199131749e-01,-3.641476342597403937e-01
-7.640165840842958467e-01,-2.721097561262080244e-01,5.846511902141723338e-01,2.044322983902992913e-02
3.701282533621974014e-01,8.802768908307269102e-01,1.293286114079400251e-01,-2.671924059619425473e-01
3.034209502472992037e-01,-3.301484805180068816e-01,-3.041016477621398262e-01,-8.405116867664773617e-01
6.765416811914799489e-01,-2.840949099286526058e-01,1.101810823467017780e-01,-6.704040310560086535e-01
3.693469819892944428e-01,-5.919588080701401189e-01,-1.226596939865409047e-01,7.057777099871511695e-01
2.368970295190261643e-01,-1.656845176953083282e-02,-4.924038344167562808e-01,8.373432675209718790e-01
8.662814622850201207e-01,3.319005418606534863e-01,-3.725589519917537618e-01,-2.445987949148370824e-02
-3.173500859265335206e-01,8.076063294629292066e-01,1.568467696850627535e-01,-4.716566870226662767e-01
-1.607346183503578496e-01,4.316444610481026123e-01,6.242452711531615295e-01,6.310033939315807805e-01
2.434936226879705345e-01,-8.508952118181258018e-02,-9.603260809907049333e-01,1.060398381004626495e-01
4.211651946272331609e-02,8.977218327763156203e-02,2.555001275164082639e-02,-9.947433592370971134e-01
4.145539132407018990e-01,4.083508892441201632e-01,4.454317415742013453e-01,6.804301344506508142e-01
8.138030029423686251e-01,-5.378883477162732518e-01,-1.124737948130969667e-01,1.890778762134322777e-01
7.078564890389385522e-02,3.968755652703981340e-01,2.539606840369512675e-01,8.791946022150274320e-01
4.889475803814121724e-01,7.644445193563766290e-03,-8.267318560550023232e-01,2.781838677578125085e-01
-4.360382262257904706e-01,-7.411149795747647984e-01,-3.759968292497783970e-01,-3.453196153042498717e-01
3.227844768151859611e-01,-7.612863128391565981e-01,-5.277291327387407804e-01,1.943072151767012978e-01
4.452236287811712212e-01,4.020524197236082231e-01,-5.296553705877579121e-01,-5.996623721535832008e-01
-1.757436344449956611e-01,8.256451247380827696e-02,5.812773941087774343e-01,-7.901986252393351506e-01
-6.520843671108880746e-02,-5.684905684930267045e-01,-6.989046194165224879e-01,4.290672048460669741e-01
4.858563147577814600e-01,3.433290082309023994e-01,7.289422001037839660e-01,-3.386917513389241519e-01
-1.573955595611759573e-01,9.196253928286090007e-01,-1.160025242837502968e-01,3.406746087618636731e-01
2.603089645236509805e-02,-6.611861667729717063e-01,-7.275671670590446727e-01,-1.811111888195386099e-01
5.991264695780955662e-01,4.075702235920174998e-01,4.780712884552667519e-01,-4.963686426908544558e-01
8.557876419207647301e-01,-5.075468908829429138e-01,9.652685181625222932e-02,2.657503281650497318e-02
-5.704021096121035528e-02,6.616003000151184921e-01,-3.684654976784770275e-01,-6.505879144081589960e-01
2.682662527318144946e-02,-1.264734653522633645e-01,9.682114458910263677e-01,2.141293786098729390e-01
-1.424842235614401931e-01,-4.494577767776460897e-01,-7.871897741924405167e-01,-3.975150466800512206e-01
9.646925102048310718e-02,7.724790102517647972e-01,6.066855223385784202e-01,1.609426584618484368e-01
-1.387042581402273267e-01,1.264476312727630669e-01,-2.861023225141949289e-01,9.396369439157127301e-01
-5.602214105003187894e-02,-5.214256730402208606e-02,-9.953229187413450418e-01,-5.894878976981420687e-02
4.906792843109933910e-01,-6.003736182542501743e-01,-4.238074168371971928e-01,4.681587678193513957e-01
-7.593302143862549203e-01,5.514589571225055886e-01,-2.978736317340904272e-01,-1.748769385797512843e-01
-3.765532758897982002e-01,1.226116803870632710e-01,8.674405530611732917e-01,3.011990922201590037e-01
-3.990754014161991825e-01,5.495630987612156737e-01,-1.693168104968799104e-01,7.141785786115636414e-01
2.565342588729632167e-01,-8.698839175935225709e-01,-3.014552214568627653e-01,2.943074810347826031e-01
9.606234154991126484e-02,-4.721323552710824933e-01,-2.946821321523585002e-01,-8.252426955946162712e-01
-5.390984124484206504e-03,6.738196333508235103e-01,2.407076225865291963e-01,6.985684500676166975e-01
3.905542554422473112e-01,4.105620232683140358e-01,8.037070964204793277e-01,1.815519258205284536e-01
-7.081617110653441738e-02,5.572934747843555359e-01,7.941331133311980706e-01,-2.318655886143681233e-01
-4.891649582245348737e-01,8.268882406768018889e-02,5.952460351505518554e-01,6.321094522762978896e-01
-5.613227581289048640e-01,7.760158393401056509e-01,-2.752304904063682667e-01,-8.345271385940687681e-02
-2.868283559266349148e-01,9.159332230306567180e-01,7.390979155740201589e-02,-2.708009746973563114e-01
6.129990577210664426e-01,4.938704267115537894e-01,-1.397063783642933932e-01,6.006715281226217007e-01
-2.959501476525369656e-01,-2.047888919276047714e-01,-7.932137138924330033e-01,-4.912097555428624474e-01
6.226644204036588803e-01,5.329395093298759933e-01,1.273844481741481967e-02,5.728020870966169520e-01
-3.791375780075943447e-01,-8.902424163654777400e-01,1.296654689569384789e-01,-2.165871723035967256e-01
-1.156656333029106032e-01,8.127071232950597857e-01,9.338446139215875186e-02,5.633896834240057494e-01
5.478920870939387733e-01,1.798177834673830577e-01,-4.986107081208763225e-01,-6.471994958248372676e-01
6.849203893830675405e-01,-6.693644276504338020e-01,2.420881874450906968e-01,1.556554936489708829e-01
7.322657367077690660e-01,-3.770959402224052237e-01,-5.564581511258671620e-01,1.092697064935653772e-01
-2.098033230404011129e-01,1.899513011814797925e-01,3.692984058722469376e-01,8.851665132848649531e-01
-7.973070782725421024e-01,-3.225192829321131827e-01,2.233275936987922095e-01,4.587019958166358991e-01
8.762557154090485634e-01,3.579935023505025349e-01,-3.206385084287371318e-02,-3.209181873264952967e-01
-4.768892077251272177e-01,-5.768343464272526200e-01,5.927219765058705514e-01,2.975222326215620772e-01
-7.674612656169130798e-01,-2.813461503081312598e-01,5.185081574875681776e-01,2.509917132164480869e-01
3.522427631838648820e-01,1.987155213423145994e-01,8.991391817291073396e-01,1.672898958148970883e-01
-1.236518309982724689e-01,-3.663435828176397346e-01,8.636802916168755118e-02,-9.181738220826357599e-01
-7.599223040565791787e-02,-1.410702600603730983e-01,-8.372696555643901473e-01,-5.227847420454804217e-01
8.951374395528641781e-01,2.143417237991507851e-01,8.453777605417339691e-02,3.816280311630232402e-01
8.215153339834269097e-02,6.530174571803216699e-01,5.377992592434206048e-02,-7.509507611991748099e-01
7.746013443153163536e-01,1.554467156762846247e-01,-2.808804421924331884e-01,-5.449176572328560120e-01
2.757003514005364475e-01,-8.802566064023020775e-02,9.415803521234827889e-01,-1.722418061955051372e-01
-5.221997327760382612e-01,5.814616756730996983e-01,6.044689505787371742e-01,1.543601198441665878e-01
5.068632301912433524e-01,-4.455453184918090059e-02,1.464986567137399331e-01,8.483175721113341838e-01
2.515733703955003731e-01,-7.376436710926835560e-02,4.816997921779188063e-01,-8.362027072836869523e-01
7.518273371574409891e-01,-6.171843716533692570e-01,-2.318965395682472952e-01,7.943640592305716702e-03
-5.971420676211009609e-02,6.546902724878853608e-01,-7.219934556228875255e-01,2.157320343811548469e-01
-8.521373478164602222e-01,4.401806067553872825e-01,-1.354974562925153059e-01,2.484822191446424688e-01
-3.893695120027307888e-01,-4.219199773832547073e-01,2.093096707319719030e-01,7.915581959311283056e-01
-4.518302169266129598e-01,-7.434932319405178625e-01,4.924231940788634798e-01,2.422121103213585591e-02
3.936806097178494612e-01,-4.127297122225511150e-01,-7.948281534510034385e-01,-2.071665239910644440e-01
-5.631627184020567833e-01,-8.284856103905742508e-02,-5.213317460737439957e-01,6.357649558378194454e-01
-6.012190892176965118e-01,3.242200413383953816e-01,3.492001447597865016e-01,6.414641302945293111e-01
2.005019725149580906e-02,2.765666130297088632e-01,-4.695218616530377753e-01,8.382470516365190250e-01
-1.136626411399445091e-01,-8.511045531255924113e-01,1.052830483474475470e-01,-5.016147160806255778e-01
2.958979885277954747e-01,8.823149045565580328e-01,-3.290892553562753675e-01,1.602031572460690667e-01
-8.272315774185114989e-01,2.069888062796000072e-01,-4.443377346501166114e-01,-2.746043134450547596e-01
-6.518101289230298079e-01,4.401620063955374307e-01,6.152641199812283190e-01,5.339500559905267091e-02
-2.805292962740374429e-01,5.477492518371107622e-01,-2.737559871842259462e-01,-7.391425644114055782e-01
3.212237836568202498e-01,-7.044449410235729125e-01,6.009753268332024279e-01,-1.984975123703486832e-01
3.285540207727231654e-01,6.776479769811224463e-01,-6.090849114555049182e-01,-2.487188078226269250e-01
-9.513355389786003202e-03,8.676319170003664594e-01,-3.917597990444319778e-01,-3.060206080056755429e-01
3.158129913767340757e-01,-3.560985637855818009e-01,7.627121404660239246e-02,-8.761499125465813664e-01
8.481619920536342949e-01,-5.135624718959155288e-01,-1.294006272546555369e-01,1.141491839083927200e-02
6.184437110741651811e-01,-4.243791612400717450e-01,6.098376697306370220e-01,2.559838282304066626e-01
3.359754700418353113e-01,-7.175024941994168071e-01,3.897467285076540167e-01,-4.694764551767901528e-01
7.631089702979884093e-01,-5.752805563948164558e-01,-7.836218304342498775e-02,-2.838597349986135554e-01
-5.149072469609363711e-01,3.954359538006135821e-01,2.842273424274189830e-01,7.054897244365470055e-01
-5.334141625527840658e-01,3.208245232694093008e-01,7.732299538335347666e-01,-1.210635987886452963e-01
8.040460949707191052e-01,-1.210910048190135674e-01,-5.735230230593518774e-01,-9.959009857973503965e-02
6.621798643963821007e-01,-5.182492028572681653e-01,-3.728397238336971231e-01,3.923342086250032335e-01
6.753852331349163851e-02,6.918521966017194824e-01,2.687407399282736864e-01,6.667514534133485160e-01
-2.190240005180088267e-01,1.193720869486611519e-01,-5.572462592617535293e-01,7.919945698004444701e-01
-4.456745908929100053e-01,8.494043463172158415e-01,-1.965183099899725228e-01,2.031427314194271805e-01
-1.856005025895610949e-01,-4.507264771927269043e-01,-7.615682620377836054e-01,-4.270970363426632721e-01
-2.428082371616422652e-01,1.681712420798265606e-01,8.906042452112057362e-01,-3.458130589141518163e-01
-3.610958550168972825e-01,-6.500604523842055116e-01,2.007781948143087525e-01,6.377454885946004515e-01
5.570109524247324195e-01,2.839072890023239815e-01,2.567565490936056793e-01,7.370288492506832378e-01
2.544817287472259104e-01,4.043571183853733042e-01,-2.241607336153673136e-01,-8.494035177993559671e-01
-2.983932685034586529e-01,-1.888403618520193700e-02,1.753841823455845605e-02,9.540949923225718887e-01
1.074163312276950055e-01,9.061663953364764712e-01,-3.587879271841334372e-01,-1.964571685009020852e-01
-8.091843276954578945e-01,-4.900256868757228434e-01,3.211435599212578706e-01,4.429857712305628609e-02
4.089991664877657418e-01,6.051629177477708954e-02,-1.533998076530551369e-01,8.975109800187119902e-01
-2.587243749028468598e-02,7.903673146076379830e-01,-2.943835615434510777e-01,5.366455475182995150e-01
3.841523412613033206e-01,6.792505071751255008e-02,-9.202307020284328232e-01,3.144234776125962028e-02
5.871631212243593190e-01,2.255188066641027889e-01,1.912593957807511291e-01,-7.535254345013507882e-01
-4.308497726985155984e-01,2.495988149021088898e-01,2.521882134671309394e-01,8.297409294191513407e-01
-9.111967478975400991e-02,3.793994616125255792e-01,-4.111497255497148159e-03,-9.207259901754990539e-01
-9.525878344105297435e-01,1.736278964155385240e-01,6.471078802682976583e-02,-2.413343846871369436e-01
-8.636948371983999007e-01,3.328374438160855986e-01,-1.601832388176766542e-01,3.429165994708957554e-01
6.435074018635188464e-01,-7.245542040278302176e-01,-2.419939612199249745e-01,-4.856286549978620221e-02
5.136723119246130453e-01,-5.634704803267492901e-01,6.435252595502263251e-01,6.720873517020892196e-02
-3.361404329143923703e-02,-1.830448900600144535e-01,-3.744675777806255046e-01,9.083714534856486278e-01
-7.584539460351112927e-01,2.390692943306912954e-01,-3.039886599599576078e-01,-5.245801929807711872e-01
8.858291972377757562e-01,1.281549456868053827e-01,1.955131075974867461e-01,4.008211171765572733e-01
-3.943784856009605599e-01,5.014119431655588155e-01,-7.420166533307773760e-01,-2.060654253527850754e-01
-5.606464278660489020e-01,7.678965506123802687e-01,2.737113737575868067e-01,-1.452327592328321038e-01
2.462162329791299162e-02,-5.067496652164162896e-01,-7.649620949392842428e-01,3.967764430700584377e-01
3.676517634031502002e-01,7.566905224256804674e-01,-3.963020219982953396e-01,3.676905512761611261e-01
-1.435058401145222207e-01,7.389105986207235022e-01,6.350392635983344025e-01,1.736154796885189533e-01
-2.155296420438387317e-01,7.100772729503791458e-01,4.749891302517598723e-01,-4.729931986640866226e-01
-5.447676673668843117e-01,-1.379340780171681990e-01,6.423094445809692798e-01,5.211918611368410170e-01
-4.577117234484248676e-01,-5.232941929740515530e-01,5.453927668437332787e-01,-4.681985643848620704e-01
2.931097883793601921e-01,-3.319469912414936275e-01,8.193519479055666466e-01,-3.640882206626301909e-01
5.306746077528500249e-01,6.759276713706793838e-02,9.998690444273278244e-02,-8.389387924378467476e-01
-8.868470165341535427e-01,-1.047582405103182762e-01,9.186402413891014973e-02,-4.405554237308387244e-01
-8.035758345529618873e-01,4.164998884032927728e-01,4.210686845773572440e-01,-5.911754351162915727e-02
3.686345481570175719e-01,-5.267911406484901971e-01,-1.664193558358085523e-01,7.475989981551128816e-01
5.086740543383360541e-02,3.515398758773717602e-02,8.610863899237918284e-01,-5.046849842318698043e-01
4.101987198260160228e-01,7.808012300452170651e-01,-1.668414025350255236e-01,4.407384664550162423e-01
-6.183634106959139398e-01,-4.772541524808544544e-01,2.425494509433924195e-01,5.753476602015137331e-01
5.118185309489274859e-01,6.646338362183902282e-01,-3.994371025885352228e-02,5.428702931103012164e-01
-2.696116495256269951e-01,8.198673951346691080e-01,1.745260855023629543e-01,4.739912006718950965e-01
2.351805353648693808e-01,-7.926548758809550677e-01,-5.567602191802648592e-01,8.004012659900534843e-02
-7.975621296177163311e-01,3.930523293741061130e-01,4.157523532997587923e-01,1.911923024050781461e-01
-3.982153115807614552e-01,5.085249052474233311e-01,7.592919714245628393e-01,7.938947345799055033e-02
7.184594471243858083e-01,2.282018340069551787e-01,6.528183743071909184e-01,-7.461980943757598461e-02
1.177863244889286280e-02,3.096048332189406671e-01,8.237276530026336196e-01,-4.748461484985200820e-01
-2.062638817028363339e-02,-5.905577407868517481e-01,7.649565631810422150e-01,-2.562373184257644154e-01
-5.749242066211487368e-01,2.527881328854779674e-01,7.167854197921175174e-01,3.029504554985095188e-01
1.570930460260241690e-01,2.272714286677336992e-01,8.301449261926721057e-01,-4.842818127063575617e-01
-4.289467412224912818e-02,-3.652250803275886026e-01,-9.074092486406449831e-01,-2.034186400334845324e-01
8.077557329822082632e-01,3.745120808533982104e-01,4.317167064877824867e-01,1.445408678145217451e-01
5.295765938207644963e-01,-7.573716582334351077e-01,-3.030336897387891359e-01,2.326099427480028403e-01
5.777523389364856987e-01,5.262662662832028326e-01,-2.777170781053709958e-01,-5.586763610126818103e-01
9.580616441607677780e-01,2.580338469283374181e-01,1.140789208849019576e-01,-5.022369597178173717e-02
-2.073065041940187203e-01,-8.482159972353382760e-02,1.427919197038424459e-01,-9.640745703556791169e-01
-9.044952607746546969e-01,-3.980764226172913145e-01,1.103502062864522432e-01,-1.060486537630090237e-01
5.533507514721773823e-01,-5.429215383981164100e-01,-2.785511780019588879e-01,5.669641877776060435e-01
8.480774925637030170e-02,3.717683701081351821e-01,8.826357509699618298e-01,-2.748637039750806421e-01
-1.888759276983140167e-02,-1.498232346623463995e-01,-9.808626716323761707e-01,-1.229010845878494573e-01
7.408285295441324747e-01,4.072983426668296270e-01,4.729007664923339793e-01,-2.482861553234395890e-01
-3.949663271478044413e-01,8.193528124967975890e-01,-3.427716181917655480e-01,2.348833472921389720e-01
1.061419386846385593e-01,6.735327111830317071e-01,4.456575166869067850e-01,-5.800663355506511243e-01
-8.558759202305189495e-01,4.180103920560344077e-01,-6.501488542425573613e-02,-2.975177069957243847e-01
7.808368981770658079e-01,1.173833349126298942e-01,2.238600527221563247e-02,6.131996068964494784e-01
-1.648115000092472970e-01,8.062801024171256659e-01,-4.251773822753595611e-01,3.767940545077694270e-01
6.210798144090923234e-01,-5.842003687922845412e-01,-1.528186764123431185e-01,4.996160979953564452e-01
6.875155034096457340e-01,-1.129966641753073348e-01,-4.282703225845725936e-01,5.754465372647056265e-01
5.826065227534954483e-01,-5.589431093450719645e-01,-5.744779885120646634e-01,1.346375908722204917e-01
