-3.677150496634742360e-01,9.299385153067856180e-01,9.246398335114245359e-01,-3.808427211907365328e-01
8.089552286849736040e-01,-5.878702560797255394e-01,9.996381340256920156e-01,2.689983274357943960e-02
-3.787649661171759718e-01,-9.254928959436989899e-01,7.519313463871741821e-01,-6.592414203615937218e-01
9.961194199126801596e-01,-8.801193824036389335e-02,9.139943572703987940e-01,4.057268969120370050e-01
1.066894334473914296e-01,-9.942923940122817550e-01,9.567971996162407677e-01,-2.907561156820601123e-01
9.342716736947411782e-01,-3.565619717968070423e-01,-1.986366349873797399e-01,9.800732050417919616e-01
2.108490505473180343e-01,9.775186330107956678e-01,-7.376608935312690685e-01,6.751713902074418794e-01
1.345838203790771792e-01,-9.909022127799353985e-01,8.387679516915450550e-01,5.444890478376676057e-01
9.919424794101983078e-01,1.266890584918380358e-01,7.613324731131527745e-01,6.483616779108791750e-01
-4.775635195937626420e-01,-8.785972255551560695e-01,-1.456236755214997403e-01,-9.893400553538752584e-01
-9.814322546137245196e-01,1.918090967702561489e-01,9.394512534737484710e-01,-3.426825679059306018e-01
-5.711953874847167656e-01,8.208141259238806997e-01,-7.675069709028544684e-01,-6.410405990384110408e-01
6.489909481810968161e-01,-7.607961285252449191e-01,-2.129279738131741317e-01,-9.770678983406507756e-01
6.092648992818692211e-01,-7.929667600240590808e-01,7.513724395928206290e-02,-9.971732018913280760e-01
9.901984415988401844e-01,1.396676277998176452e-01,-8.042749956494880947e-02,9.967604613515376188e-01
-7.724915256061413160e-01,-6.350250726283933611e-01,9.598901541209782229e-01,2.803763399818263169e-01
-6.745549720101489122e-01,7.382246201098872085e-01,9.999307720420403944e-01,1.176652554533232434e-02
-8.628487456748680229e-01,5.054622063886745620e-01,-5.910807894423609765e-01,8.066123606492745512e-01
4.929500681326848821e-01,-8.700576017298976561e-01,5.360612879334648168e-02,9.985621577827747952e-01
-3.671883182905826826e-01,9.301466222649704685e-01,9.243172013367679796e-01,3.816250926144201250e-01
9.366573467692843602e-01,-3.502470767088920467e-01,4.284591672094824055e-01,9.035611446018231296e-01
4.278599316807653596e-01,9.038450524631590488e-01,7.093296090200090775e-01,7.048769437054391851e-01
-5.213064670078673135e-01,-8.533695374547741741e-01,8.603527881114357845e-01,-5.096990092092380520e-01
-4.701213802191372415e-01,-8.826017719565565356e-01,6.361294374423785980e-01,7.715823603603461089e-01
-1.379216872661901371e-02,9.999048835173356409e-01,-9.721517332886525642e-01,-2.343523148250696020e-01
-4.525937623897063888e-01,8.917168195374191031e-01,-8.337109985100388254e-01,-5.522010240513811619e-01
5.079512152739622532e-01,-8.613858385774082471e-01,-9.628983042724370556e-01,-2.698645134678978597e-01
7.410660665962968963e-02,-9.972503250685832432e-01,8.124874990892884119e-01,5.829786135216570298e-01
-4.767678470690873693e-01,8.790292486607640399e-01,-4.189356718936257384e-01,9.080159155075622213e-01
-9.773259701008456535e-01,-2.117402847037872793e-01,9.485597561186116522e-01,3.165981507719209387e-01
9.258382241814656632e-01,3.779200744132417689e-01,-7.927278499966812220e-01,6.095757178887946104e-01
2.563143805891028859e-01,9.665934710638307559e-01,3.762951675955146236e-01,9.264998363973215856e-01
-9.960339271566631680e-01,8.897424319922542235e-02,-9.259515976567859186e-01,-3.776422100306658924e-01
8.576115404704262035e-01,5.142980124907566841e-01,-3.516615754464791910e-01,-9.361272009478733835e-01
5.533864286591509973e-01,-8.329246427954154486e-01,-9.797043721678850847e-01,-2.004478564493274440e-01
-1.996717471461488813e-01,-9.798628441734099637e-01,-9.158393661845375400e-01,4.015448360354104129e-01
9.379381018452281893e-01,-3.468027063143687694e-01,-7.597258059649291129e-01,6.502435695575456975e-01
-3.477852998807030582e-01,-9.375742024964687227e-01,5.447713007948352670e-01,-8.385846587138969799e-01
9.307019001822081083e-01,-3.657785846618512027e-01,1.912800619577964267e-01,9.815355000698759991e-01
-9.419138081524296435e-01,-3.358546977664418343e-01,-9.899667965499746314e-02,-9.950877636757904376e-01
-8.082088650107789318e-01,-5.888959420118196064e-01,4.699551677327055976e-02,-9.988951002999330031e-01
9.895499111188142960e-01,-1.441907535341525326e-01,-8.738740839237177926e-01,4.861523274103323189e-01
-6.270594686067870738e-01,-7.789713876841523055e-01,-2.928426084487413816e-01,9.561606594484721722e-01
9.813491903309791153e-01,1.922336251458931500e-01,-9.829190837637256095e-01,1.840382426917787639e-01
-1.638597323291424712e-01,-9.864836481772122356e-01,8.333361932829042029e-01,5.527664868321506830e-01
8.287322533784008405e-01,-5.596452914215914731e-01,9.586469966906008278e-01,2.845978491417165412e-01
2.824902991401365693e-01,-9.592701553221157917e-01,7.640533611074704634e-01,6.451530526784922115e-01
-8.644505281372469874e-01,-5.027178974367579878e-01,3.847430379523880672e-01,9.230237238268403921e-01
-4.745604569904124936e-01,-8.802229107794518059e-01,-9.996556529199910335e-01,-2.624072379158879156e-02
9.981016693259679995e-01,-6.158780470771828969e-02,5.833879711769592857e-01,-8.121936192103649255e-01
8.420915733016814952e-01,5.393345735017353038e-01,9.008957823389529551e-02,9.959336664123965566e-01
-4.968506983757318696e-01,-8.678360349303014809e-01,9.181584242525651085e-01,-3.962134626360475087e-01
-2.083072304169750477e-01,9.780634426027839945e-01,9.601320936374322379e-01,-2.795467094555058041e-01
-6.369862519984316185e-01,-7.708751615955663494e-01,9.668486082054699171e-01,-2.553502864912152726e-01
-7.799447023641934429e-01,-6.258484331321998440e-01,5.228346123563355485e-01,-8.524341429824361382e-01
5.700762123180016516e-01,8.215918160188553365e-01,-6.557562098259257510e-01,7.549727102847734184e-01
2.684357750105315077e-01,9.632975836648275392e-01,8.975186059627007218e-01,4.409765888919392474e-01
-7.219215018719356003e-01,-6.919749599045971200e-01,-9.079622890867657947e-01,-4.190518841340776235e-01
6.926118786168194985e-01,7.213104640852510130e-01,-9.327943560391300792e-01,-3.604090583511251333e-01
-9.523968055978744573e-02,9.954543702485160184e-01,5.876620647616482840e-01,-8.091064810271119123e-01
5.103687810717610907e-01,-8.599556426393891728e-01,9.996827746737957376e-01,-2.518630620994342928e-02
-4.656599641710228998e-01,8.849637268093204501e-01,-9.986868079832683653e-01,-5.123143136972046346e-02
-9.971873005289797476e-01,7.494990102546006394e-02,-5.631432038972942200e-01,8.263593237232157440e-01
9.323901870107039747e-01,-3.614533706664589396e-01,3.919418946946686688e-01,9.199899734144678654e-01
1.430837313128958677e-01,9.897105869058787642e-01,9.995452762915251199e-01,3.015361741646937002e-02
-7.690132966137676052e-01,6.392327820373620018e-01,-9.983609213013535655e-01,-5.723172912216169250e-02
-7.845080395505307225e-01,-6.201186466157770916e-01,-9.397718688016784006e-01,-3.418023326558800590e-01
3.353919231702288950e-02,-9.994374030316864888e-01,4.536460537573765439e-01,-8.911819443359249027e-01
8.150794574315682883e-01,-5.793491849248258996e-01,-9.995865190153667701e-01,-2.875397368611487883e-02
8.622510279274052669e-01,-5.064811594108243886e-01,8.654016972386303630e-01,-5.010787387392304781e-01
1.666039999202942046e-01,-9.860238877484452935e-01,-6.932754092229675980e-01,-7.206727460968166410e-01
1.357311147547622387e-01,9.907457113141744376e-01,5.376093647820794352e-01,-8.431940292119062264e-01
9.878750425507046851e-01,1.552510879364241703e-01,5.963842541067695402e-01,8.026990852452194902e-01
-7.449943650105178561e-01,6.670707579429451251e-01,6.145744683766275474e-01,-7.888588104468287066e-01
6.298955068841679550e-01,7.766798892768739249e-01,-4.531849655658332643e-01,-8.914165058967074007e-01
-2.463300118992283183e-01,-9.691860116807949899e-01,4.804700821925563803e-01,8.770111174425773148e-01
-5.298154850241443281e-01,-8.481129357748475872e-01,3.695054293153282599e-01,9.292285712926044994e-01
9.620762911488528468e-01,2.727805161833736225e-01,8.952473814049132228e-01,-4.455694402533074694e-01
5.176352274055479041e-01,-8.556014091554586809e-01,9.795839179189974599e-01,2.010356877633094064e-01
7.896208717062265514e-03,9.999688244579910679e-01,-9.724211511050242507e-01,2.332318693566115819e-01
-9.106962575840142904e-01,4.130766592564517614e-01,-3.883376784745389276e-01,9.215171444292318270e-01
-4.930896019350007875e-01,-8.699785310360149682e-01,-5.086225443812193436e-01,-8.609896093142904716e-01
-9.032661318891010982e-01,4.290807557815907169e-01,5.338592195451241640e-01,-8.455733757082651847e-01
-9.327246973421903231e-01,3.605892940284270987e-01,-6.392527804482279752e-01,7.689966727426131854e-01
9.161804147618471950e-01,4.007660759181216337e-01,-8.963684807131928611e-01,4.433097639167474791e-01
-8.143149076827411736e-01,5.804233206252560340e-01,9.935528791390150216e-01,-1.133696447669031437e-01
9.315679689655916029e-02,-9.956514506552849308e-01,2.114944204225338575e-01,-9.773792048791177800e-01
8.613054957064097961e-01,-5.080874364378001884e-01,7.985670960143194108e-01,-6.019058009051390101e-01
-8.558969651935359746e-01,5.171463864057207482e-01,-9.268854190492905598e-01,3.753444017883057482e-01
-8.869374660538905664e-01,4.618895228405854869e-01,9.988531708398218356e-02,9.949989564974590639e-01
-2.932769040955898743e-01,-9.560275401493966152e-01,-8.505436359514401135e-01,5.259044811964469490e-01
9.360467647117793888e-01,-3.518756232997827804e-01,-2.114426663221039004e-01,-9.773904024792751111e-01
-1.069918630466980686e-01,9.942598962252257033e-01,7.727895622664905373e-01,6.346623452293085332e-01
-9.301096531508539211e-01,3.672819531580584496e-01,-1.282569206831762065e-01,9.917409754048026604e-01
2.848581158632110810e-01,-9.585696916901041975e-01,9.573753523143661015e-01,2.888467323355818905e-01
-7.717390847789424857e-01,-6.359392935057246454e-01,-9.110091686674113287e-01,4.123860989460145232e-01
7.681596804612355056e-01,6.402583113975894857e-01,4.676284663854911039e-01,-8.839251198070759985e-01
-6.948619219776015488e-01,-7.191431772502563380e-01,9.880166982588839408e-01,1.543470244663413815e-01
3.870543720580491565e-01,9.220568925347010225e-01,-4.521783437543175910e-01,-8.919275449494774577e-01
-9.979406186024728509e-01,-6.414453790708782299e-02,9.113926093854635146e-01,-4.115379831286000156e-01
-9.833274226533962326e-01,-1.818438337085673817e-01,8.204235146478450202e-02,9.966288439364620055e-01
7.124329159240402332e-01,-7.017402228089604233e-01,-3.467958107490128894e-01,-9.379406514523905836e-01
-9.723615210015865706e-01,2.334803470861760155e-01,9.877882974205473010e-01,-1.558020522297967059e-01
-1.839388615087568790e-01,9.829376863397101260e-01,9.720434380318673240e-01,-2.348010957793583431e-01
1.193070929207574182e-01,9.928574004250548812e-01,9.455122285710663987e-02,9.955199979187890902e-01
7.037751571464334610e-01,-7.104227812954149179e-01,8.077926113834414945e-01,5.894667904083489285e-01
4.761782329056958307e-01,8.793487877439809530e-01,5.964810695293337739e-01,8.026271448768363959e-01
-8.934708192598680432e-01,4.491212476949851817e-01,-2.968275778191253322e-01,-9.549310912552962938e-01
3.845801610927076508e-01,9.230915987559994429e-01,-1.517232533997846800e-01,-9.884230138851405334e-01
1.459009458439022577e-01,-9.892992034778228527e-01,-4.582592624627263023e-01,-8.888185688694392184e-01
-9.870640324886760242e-01,1.603265285821218467e-01,-5.148618244358197371e-01,8.572731780118978406e-01
-5.935836380986181382e-01,8.047723060478714219e-01,4.829813696292642455e-01,8.756306279425360994e-01
-6.427323982897906740e-01,7.660907675913173343e-01,-8.739928835554500175e-01,-4.859387198962741294e-01
5.989832706283197972e-01,-8.007615384790911506e-01,-9.947475035171549074e-01,1.023591922906185170e-01
-9.434622839176722842e-01,-3.314798920369824153e-01,-1.325973136523788953e-01,-9.911699916826440804e-01
-2.005235007399588099e-01,-9.796888922770288222e-01,-9.328883529735296776e-01,3.601656853259831426e-01
7.979403279824239803e-01,-6.027364539990107684e-01,-5.285907980341391088e-01,8.488767685792985018e-01
8.154007191297556467e-01,-5.788969400875058069e-01,-2.697986859770796775e-01,9.629167508383271734e-01
-4.735235128925283088e-01,8.807811775565594914e-01,2.397313468082113708e-01,9.708392664893200630e-01
9.557029281690975209e-01,-2.943329969422606718e-01,-9.877606855769664740e-02,9.951096865573589856e-01
9.878100366421289635e-01,1.556641625714657862e-01,8.276789395044223951e-01,5.612019004786377163e-01
-7.152147560830571793e-01,6.989047522238299726e-01,-5.716952276935715060e-01,8.204660667159827669e-01
7.932214529993506513e-01,-6.089332693338400659e-01,9.737176863181553621e-01,2.277583529779277360e-01
-1.541805981225379818e-01,9.880426828647517201e-01,3.889794873803449349e-01,9.212464156767852241e-01
-1.445171965303506667e-01,9.895022889852291836e-01,-2.029050237610784471e-02,-9.997941265647268816e-01
-3.246442375785283940e-01,9.458362009391774183e-01,-4.566140919011858479e-01,8.896648644727156441e-01
-7.611669449537253884e-01,-6.485559975127918042e-01,-4.914308992123691544e-01,-8.709165696548218927e-01
-9.258692607550913500e-01,3.778440312997158879e-01,-2.065747127133376881e-01,-9.784308294751357105e-01
-1.456592873055269355e-01,-9.893348129029150284e-01,-8.726944392043399779e-01,-4.882667465451877020e-01
7.898107716039036719e-01,-6.133505890259226545e-01,9.665158971205722871e-01,-2.566067431171973334e-01
-4.584669231527555011e-01,-8.887114719496116422e-01,9.909402327642978792e-01,1.343035929863354294e-01
2.822071859184204223e-01,9.593534824119867022e-01,-7.123710962489797349e-02,-9.974594098068804149e-01
9.118730118171127774e-01,-4.104724233363158392e-01,9.666590846327438591e-01,-2.560668156887684344e-01
-9.093561144203184121e-02,9.958567741255083261e-01,6.483567556950707855e-01,-7.613366649154382770e-01
5.883224409918428321e-01,8.086264313175767215e-01,4.933139398306254919e-01,8.698513417640890699e-01
8.444380698845803668e-01,5.356531957615902062e-01,-4.641513121816318588e-01,8.857559254106456281e-01
-9.217403719551261476e-01,-3.878075382300165130e-01,4.681972194119687902e-01,8.836239945445691912e-01
7.552304894653707468e-01,6.554593105463499825e-01,-8.041577106611829118e-01,-5.944159960702313228e-01
6.433313621100711366e-01,7.655878516052880833e-01,-2.353512132009511482e-01,-9.719103901311274551e-01
-3.091991305140091573e-01,9.509973173933671253e-01,-4.090720693789827722e-01,9.125020778354406836e-01
-1.975732232192926319e-01,9.802881318605971561e-01,-9.693495150401781890e-01,-2.456858109280453950e-01
-7.930746330351874374e-01,-6.091244753218366670e-01,-3.627404930591143217e-01,-9.318901945482797045e-01
4.071878290129575251e-01,-9.133444431887207671e-01,-8.803311359395983304e-01,4.743596642794330465e-01
7.125156678964603141e-02,-9.974583771917606700e-01,6.080077729624866478e-01,-7.939310725857737783e-01
-7.836172255274058418e-02,9.969249923833625182e-01,1.349888770605459087e-01,-9.908471138727370509e-01
2.946074681529257597e-02,9.995659379936299160e-01,9.185871850465241462e-01,3.952183997086963774e-01
9.769895867220987906e-01,-2.132870071912083831e-01,-7.241103819391753182e-01,-6.896840978070334360e-01
9.986612762394250220e-01,5.172673718535480275e-02,9.207169884242889790e-02,9.957523799982951340e-01
7.277654788080200055e-01,-6.858260769723861783e-01,-9.354034597948438501e-01,-3.535821932787848731e-01
3.106388226216975079e-01,9.505280226696136703e-01,9.635363604528984771e-01,-2.675774319429465864e-01
9.456455374667858127e-01,-3.251991965997975131e-01,7.249215443426295646e-01,-6.888314413177558659e-01
-5.480103657606015810e-01,8.364715410693490671e-01,-8.253688522747528733e-01,5.645938874046169120e-01
-9.305878653096583131e-01,3.660686068736477283e-01,-2.578915183431378377e-01,9.661738791577171304e-01
-2.661715646224436238e-01,-9.639256704676145704e-01,9.782489586761461409e-02,9.952036423508960894e-01
-8.520846950404440401e-01,-5.234039286037442951e-01,-9.792038600453764063e-01,-2.028787827059174709e-01
-4.140286160456274622e-01,9.102638656430026565e-01,7.532254806239818690e-01,6.577624003686828313e-01
-9.433435868015271897e-01,-3.318175360652743100e-01,-9.524542962740912833e-01,-3.046814951864086352e-01
-1.209255488390750949e-01,-9.926615796120893398e-01,9.999648921613363273e-01,8.379405991297208742e-03
9.648305533470342699e-01,2.628725990438250393e-01,-4.475385166025394046e-01,8.942646566633384309e-01
9.975252422370894934e-01,7.030925330165183063e-02,1.877867066127691109e-01,9.822098313596386854e-01
-9.654912609291913528e-01,2.604354527889016224e-01,9.836933788392184796e-01,-1.798536528066132234e-01
6.760895540665768921e-01,7.368194588106758980e-01,-1.425039482186875039e-01,-9.897942335364889876e-01
-5.125832895048423321e-01,-8.586375086847738425e-01,-5.860219219982387706e-01,8.102951974049272810e-01
2.239495523203068605e-01,9.746007377462496679e-01,8.346149829484850180e-01,5.508337591668651667e-01
-9.123088872124611726e-01,4.095027402999408261e-01,-9.944335831250733504e-01,-1.053653109568222224e-01
3.229011093487113571e-01,9.464327094840770949e-01,2.276501007203950711e-01,9.737430008179746022e-01
-9.539575897437421181e-01,-2.999415225845034061e-01,-9.739180361714245837e-01,-2.269001075803969703e-01
7.457173931452569793e-01,6.662623879228379842e-01,5.109997792110000381e-01,-8.595808429963461839e-01
9.894792102227978337e-01,1.446751275681770754e-01,-7.468086137625737919e-01,-6.650390172087822238e-01
9.488352929441939976e-01,3.157714155263353084e-01,-6.670029321866565164e-01,-7.450550908855012588e-01
9.589833495980982780e-01,-2.834624052561673935e-01,-9.669529843770460209e-01,-2.549547528569022781e-01
6.262903880096158948e-01,7.795898600461429462e-01,8.973787595105089387e-01,-4.412611040862089995e-01
-2.579394064592879232e-01,-9.661610955712459647e-01,9.098524298660236598e-01,-4.149319894475387849e-01
9.102980074246005415e-01,4.139535453149325028e-01,-9.968063213074936924e-01,-7.985710864676767717e-02
7.778294932017211227e-01,6.284753610966413717e-01,-3.432239279287825351e-01,9.392536054214207786e-01
-9.984451934643210347e-01,-5.574222500039417716e-02,-9.679345708162944151e-01,2.512024415062003024e-01
-9.757395334699699996e-01,2.189346085565397615e-01,3.881454276034466133e-01,9.215981374929842485e-01
9.540779289808907215e-01,-2.995585175412884826e-01,-6.549524753868688487e-01,-7.556700701924172758e-01
9.405300520827828414e-01,-3.397104960538573359e-01,-9.999998317055499575e-01,-5.801627977086757596e-04
1.849653342331234462e-01,-9.827450458445613490e-01,7.966547128721702675e-01,6.044346684783724610e-01
-8.011842707222760485e-01,-5.984177172738242012e-01,3.230388042213372390e-01,9.463857199721731339e-01
-9.602240940906013877e-01,2.792305304365622076e-01,-9.918222173353340443e-01,1.276271491494712362e-01
-6.187412544304270456e-01,7.855948447296873249e-01,7.607689824572551052e-01,-6.490227695011575593e-01
9.452427447552427253e-01,-3.263681257224348986e-01,-9.142492923279941230e-01,-4.051521090624629062e-01
-7.981397598955359829e-01,-6.024723426630439471e-01,-4.170328468955494250e-01,-9.088914151922622420e-01
-8.790991948169077919e-01,-4.766388629478973127e-01,-5.306632350626011574e-01,8.475827575835261918e-01
1.134736641998547041e-01,9.935410044548028674e-01,-9.010156938834660290e-01,-4.337864905407914362e-01
9.572629073257375998e-01,2.892191664780817684e-01,-9.458405001831990955e-01,3.246317116567569716e-01
9.412814727085189181e-01,-3.376228504347442150e-01,-5.404346382306278729e-01,-8.413860004780983060e-01
-3.898423961083785638e-01,9.208815918436409342e-01,9.499327742009238129e-01,3.124543558648795738e-01
-9.356416006517218609e-01,3.529515478502449621e-01,-9.991140949478563016e-01,4.208355113967909844e-02
7.516052354264225466e-01,6.596131973206661447e-01,-2.849748465771427819e-01,9.585349950932068319e-01
5.194111183598535408e-01,-8.545244818752509852e-01,-4.606122519423034301e-01,8.876014608824390750e-01
9.849665741371247396e-01,1.727450370707532823e-01,9.700006072035407545e-01,-2.431024928394650286e-01
5.035730556976076855e-01,-8.639526477622335721e-01,4.103984525551646056e-01,9.119063055710966426e-01
6.360431424082727547e-01,7.716534980128125776e-01,-3.753879239192365325e-01,9.268677934719737888e-01
7.565738564989845649e-01,-6.539082501867168329e-01,-9.980688825874198811e-01,-6.211687058037550918e-02
-1.267504023057140772e-01,-9.919346427639976760e-01,6.519621219610911567e-01,-7.582515357900644348e-01
5.108236088343306447e-01,8.596855475448396122e-01,-8.660361369609302917e-01,4.999814091321684306e-01
-9.157013316424615912e-01,-4.018595167819501990e-01,-3.853603277375239333e-02,-9.992572112214453961e-01
-3.835906378327287869e-01,9.235032336527470020e-01,6.197060978526615083e-01,-7.848339647876024783e-01
4.357980260813243412e-01,9.000444880469083975e-01,-3.682201007641931478e-01,9.297386500480698812e-01
6.334563926326874927e-01,-7.737783911642805990e-01,-7.814122926046870310e-01,6.240150871303409286e-01
-8.218279155688598125e-01,5.697357959543554173e-01,-6.206037994675646097e-01,7.841243039763675649e-01
-8.036049011790027397e-01,5.951631396525537410e-01,4.973993512601559974e-01,-8.675216915823926733e-01
4.823775201269701052e-01,8.759634285038129242e-01,9.614305164668633941e-01,2.750479267441591213e-01
-7.420184713455667547e-01,6.703794359778559864e-01,-3.588826563892061894e-01,9.333826862241590971e-01
6.919172070598000879e-01,-7.219768545975457918e-01,-4.291388099034226800e-01,-9.032385520086452235e-01
-6.524468083526298035e-01,7.578345216935334916e-01,-9.166443755760812495e-01,-3.997037512017319050e-01
9.541216852810712190e-01,-2.994191204255473027e-01,-9.209418817754834174e-01,3.896999491812019878e-01
9.436347191659657518e-01,-3.309886958561711334e-01,-9.686640081935106172e-01,-2.483747958841283077e-01
6.134100545305288810e-01,7.897645883431679836e-01,3.234145579713870178e-01,9.462573770873188295e-01
4.410038572636486021e-01,8.975052077166925102e-01,-9.067350158618795453e-01,4.217008548840718296e-01
6.502793280111156538e-01,-7.596951991169957896e-01,-9.999427537790224196e-01,-1.069996097307664325e-02
-7.814543821545281155e-01,6.239623775609269840e-01,8.133859947679247249e-01,-5.817243535519152076e-01
9.996223787328946120e-01,2.747908179669357465e-02,-6.802675894482806962e-02,9.976834969405188325e-01
-1.494292996059511658e-01,9.887724128530664958e-01,6.745377069694089567e-01,-7.382403957224582536e-01
-8.176834138148667552e-01,-5.756681637645644223e-01,-6.166662871734516216e-01,-7.872246758478230744e-01
3.046273823193198504e-01,-9.524716047952710429e-01,9.918440248645595814e-01,1.274575629002491495e-01
6.688724286155669496e-01,7.433772085811571895e-01,-1.587219034242517701e-01,-9.873233297017661725e-01
7.683405962758991237e-01,6.400411925137285962e-01,9.751544739415356489e-01,2.215259622522988414e-01
8.825651017070044180e-01,-4.701902181552748416e-01,9.998646217549352899e-01,-1.645412297450924571e-02
7.215345222025808941e-03,-9.999739690578585138e-01,6.965292912128672187e-01,-7.175283593576639030e-01
-8.450691335327277232e-01,-5.346570485369521730e-01,-2.931018213052803967e-01,9.560812320862320801e-01
1.202623607291666286e-01,-9.927421440594973445e-01,-4.654930546765261024e-02,9.989159935452426309e-01
-9.017387671198335841e-01,4.322813850644073863e-01,-7.351369510744220070e-01,6.779186257693491369e-01
5.310403628763751133e-02,-9.985889851835745290e-01,-6.186841477033482306e-01,7.856398191159746913e-01
-6.927611456130466916e-01,7.211671062443842928e-01,-6.951806523977668295e-01,7.188350718571091535e-01
3.709638176189970771e-02,9.993116923463746248e-01,-4.159563461540070617e-01,9.093845820631708543e-01
-1.314807631679806299e-01,-9.913187221659668369e-01,-7.240752467379256707e-01,-6.897209849362364587e-01
-8.753128686438060857e-01,4.835570100686692463e-01,5.130182086631042138e-01,8.583777243032927329e-01
9.931620079788843203e-01,-1.167442756941449028e-01,5.671721446927171506e-01,-8.235992704493269034e-01
-5.851652585939570717e-01,8.109140645806233172e-01,3.821172895066418662e-01,-9.241138333885589029e-01
8.814837736088200204e-01,-4.722143124306531492e-01,-9.891032850213155037e-01,1.472232711226123258e-01
9.125954011671076893e-01,-4.088638327960125718e-01,6.015750740778766925e-01,-7.988162681419282984e-01
5.116709044112051352e-02,9.986901065174272896e-01,1.793709205491463704e-02,9.998391174227049261e-01
2.983682933442911578e-01,-9.544508167144156729e-01,9.939157409305919844e-01,1.101430884367804175e-01
-9.128827881304681924e-01,4.082217720003953332e-01,-7.323664082213897641e-01,-6.809107460665462241e-01
8.687084812718681714e-01,-4.953237068486873174e-01,-9.652330081163885689e-01,2.613909716164422026e-01
-9.512975154650952225e-01,3.082742886942354543e-01,-9.122686076836196145e-01,-4.095924650612974283e-01
-3.578315879646437603e-02,-9.993595777029141702e-01,8.065703620674837815e-01,-5.911380981076487240e-01
-9.785387284445694611e-01,2.060629926359536790e-01,9.821995172518749317e-01,-1.878406460545317680e-01
1.390301299299409044e-01,9.902881514850431222e-01,-6.638853562725771651e-01,-7.478343624940173573e-01
3.128978187487764795e-01,9.497867945082505425e-01,8.819912207073085653e-02,-9.961028635969040312e-01
-8.922332370114075539e-01,4.515748562222495766e-01,8.645289762425601987e-01,5.025829774644091641e-01
3.451709042883032569e-02,-9.994041076903416032e-01,5.320251647123418470e-01,8.467285421626021824e-01
-7.898796426365664036e-01,-6.132618936052769421e-01,-1.053315727864638923e-01,-9.944371572775877466e-01
-3.761184319341606686e-01,-9.265715974275210431e-01,-9.084466447994219429e-01,4.180008296076370145e-01
-2.017187737153225968e-01,9.794434829691739397e-01,-9.429178880626097881e-01,3.330253089054159288e-01
-9.932046632247890638e-01,1.163808272377087200e-01,-3.599767047246282270e-01,9.329612918313373582e-01
9.613468230228303657e-01,2.753403091883041554e-01,-7.809942892508423551e-01,-6.245381654931679849e-01
4.116999805606087470e-01,-9.113194423507019470e-01,3.961959556789540482e-01,9.181659788424096913e-01
9.979839547024491608e-01,-6.346673267515831607e-02,-6.985419283000759982e-01,-7.155691262252804608e-01
-8.336590126350678087e-01,5.522795041030618135e-01,4.607019360290608989e-01,8.875549144357632869e-01
9.976282518678794009e-01,6.883219504736827477e-02,9.206590909430156788e-01,3.903675681508135265e-01
4.828949909522484152e-01,8.756782672381608901e-01,-4.837218887913286025e-01,8.752217629287730727e-01
-5.748670764492977980e-01,-8.182468114295571304e-01,1.182215951340228471e-01,9.929872378051830539e-01
-7.621199424302885772e-01,-6.474358604140286744e-01,7.664592640450594851e-01,-6.422929211500821856e-01
2.356730325746743404e-01,-9.718324041299798433e-01,9.409797953193589359e-01,3.384627376842795909e-01
-2.440153836578716831e-02,9.997022381316263973e-01,4.449332886619549732e-01,8.955637155671601901e-01
8.554716279793478373e-02,-9.963341221383635871e-01,-9.535117407681350521e-01,-3.013558697243521878e-01
-3.798719674070580865e-01,-9.250390739737921475e-01,-9.929327956390114895e-01,1.186779817173218982e-01
-4.417128548416172640e-01,8.971564823751029261e-01,9.587863844110301459e-01,2.841279096956587646e-01
-9.594334696466467749e-01,-2.819351296341003343e-01,9.989619424217016652e-01,4.555258053130321894e-02
6.015561329051082318e-01,7.988305320681300392e-01,9.971909658057002135e-01,-7.490111958772609213e-02
-9.559121070296194844e-01,2.936529305731398476e-01,-5.419943721175560780e-01,-8.403821158216637777e-01
7.340978708226627569e-01,-6.790436775743023956e-01,-6.632238403400951832e-01,7.484210964454007797e-01
-8.798883388203770917e-01,4.751805038171466600e-01,-9.827925348398806049e-01,1.847128405471640256e-01
5.335261601318129765e-01,-8.457835635994607193e-01,-1.038001653719402978e-01,9.945981729667302540e-01
-8.434738514046845603e-01,-5.371702355832349562e-01,-5.614272928239416593e-01,8.275260689986631002e-01
3.571355350689023878e-01,9.340525732479134646e-01,-5.926317971526131601e-01,-8.054734961522097558e-01
-8.729369939396978140e-01,-4.878329679424340815e-01,7.409481668980559821e-01,-6.715622189867521685e-01
-9.992934150543185678e-01,-3.758551089286119029e-02,4.021585867256599056e-01,9.155700252426463015e-01
-8.039698050676946650e-01,5.946701207723598115e-01,5.377432220361475501e-01,-8.431086686508344474e-01
7.305561908000212101e-01,6.828525844454007565e-01,7.222385921289621313e-01,6.916439951590519497e-01
-8.661573116659111449e-01,4.997714592167921688e-01,2.181909250489848240e-01,9.759061021564873206e-01
8.973010903115128389e-01,4.414190223877652031e-01,9.728441774640487205e-01,2.314610256053888371e-01
8.135388464969681710e-01,5.815105719076675284e-01,6.334852639295891485e-01,7.737547546762209016e-01
-8.636591787259644271e-01,5.040762075345280868e-01,8.680180304427420612e-01,-4.965326764940077298e-01
-3.409921627415376522e-01,9.400661386034754319e-01,-9.677001456535199164e-01,2.521040025508447524e-01
8.925540031027009436e-01,-4.509405188551409149e-01,8.832775017555953845e-01,4.688505677637537783e-01
-7.102356284019378796e-01,7.039640275955187931e-01,9.681549014998120928e-01,-2.503519257003810061e-01
4.935397895586352696e-02,-9.987813498264893619e-01,7.246198232451932508e-01,-6.891488313565545809e-01
-9.819946373166090758e-01,-1.889087935523947881e-01,2.941690199337509970e-02,-9.995672292933137637e-01
-2.845032758075217716e-01,-9.586750680260696100e-01,9.139015075565861679e-01,-4.059359980166812321e-01
-6.351780756281440177e-02,9.979807052856348726e-01,1.865824811932955407e-01,9.824392997594068033e-01
9.341159719223067759e-01,-3.569696779835007661e-01,5.164278974626734797e-01,-8.563306760371733883e-01
-9.821829069037203430e-01,-1.879274790608274348e-01,-3.681759826494634957e-01,-9.297561216792831207e-01
4.890272513569072221e-01,-8.722685064991789750e-01,6.834436272027634152e-01,-7.300032934418378971e-01
-6.615271953872700061e-01,7.499211756998549472e-01,2.905045259987527051e-01,-9.568736177647704233e-01
8.082357346453883373e-01,5.888590639891937428e-01,-5.698278594666058572e-01,8.217640845009631656e-01
-4.611882051404651017e-01,-8.873023382361371336e-01,1.527007805147494734e-01,-9.882724683153863987e-01
9.988116953695631572e-01,4.873599483932723742e-02,-7.818538269669293717e-02,9.969388376086928405e-01
-9.879746356112286687e-01,1.546160385886924393e-01,-4.739833810575099227e-01,8.805337895170698426e-01
3.516997553858940417e-01,9.361128575452333234e-01,7.788340069028064638e-01,6.272300931011834946e-01
-6.964743226290317502e-01,-7.175817151505683444e-01,9.179457033143223477e-01,-3.967060445301712202e-01
9.916512663185803600e-01,-1.289486952580598256e-01,-2.547911611405437871e-01,9.669961035105847369e-01
-9.750914987687685498e-01,2.218029959871523626e-01,-9.916169283711362414e-01,-1.292124892098003575e-01
4.115043745473155878e-01,-9.114077845445597292e-01,-7.758242426431116723e-01,6.309490823570806928e-01
-9.988041693501737983e-01,-4.888999170289683865e-02,9.684707461159931530e-01,-2.491273046406827230e-01
-9.996584257036259524e-01,2.613487937121866320e-02,-5.093073178030885773e-01,8.605847175218857004e-01
9.059567981072297327e-01,-4.233701453377365365e-01,1.783985836676228454e-01,-9.839583046782959252e-01
7.703765275787569644e-01,-6.375892139580913165e-01,6.149710349470395299e-01,-7.885496979748118918e-01
2.230488068372529220e-01,-9.748072782701603378e-01,-9.192613841346615189e-01,3.936476948221927508e-01
-2.865591860667902613e-01,9.580625412157280918e-01,-7.210574329235811541e-01,6.928752978896384196e-01
-9.602789319674427393e-01,-2.790418836294427662e-01,-1.416295126396866985e-02,-9.998997003757399415e-01
1.632742365152374808e-01,9.865807233523095077e-01,8.539375096410929400e-01,-5.203755659405697731e-01
-9.385533424185185103e-01,3.451342107572459295e-01,3.098203409717078041e-02,-9.995199415535448439e-01
-9.950844827687413963e-01,9.902965289682909289e-02,1.432250351493262464e-01,9.896901481304510861e-01
4.907579933575590414e-01,-8.712959267411169995e-01,7.636922543913420292e-01,-6.455804679377077360e-01
7.940987341671227329e-01,-6.077887794243764796e-01,-7.607391178180172853e-01,6.490577744865743126e-01
-8.595243825382031799e-01,5.110947425109365616e-01,-8.874730711014996443e-01,-4.608595752175195237e-01
9.938191744255222559e-01,1.110110289303426201e-01,4.896384839557569868e-01,-8.719255444299748303e-01
6.459718728735983628e-01,-7.633612116528948333e-01,3.774833711255450863e-01,9.260163629891720039e-01
4.580240400342853180e-01,8.889398060333846274e-01,2.151384305332833258e-01,-9.765835630951791302e-01
-7.208232696885297219e-01,-6.931189031295692526e-01,-8.229519134794840429e-01,-5.681110350102837048e-01
9.877169262451042098e-01,1.562538755004923563e-01,7.837258825381268057e-01,-6.211068676482609519e-01
-8.071904400629126286e-01,5.902911090902873692e-01,4.708680043432612039e-01,8.822036740378009778e-01
9.961116655055699542e-01,-8.809965859025482848e-02,-8.783637183872560206e-01,4.779928641945538903e-01
8.064477375264721415e-01,5.913053751137683500e-01,4.973300386624735503e-01,-8.675614287437993788e-01
-8.872487366207787440e-01,4.612913172441379661e-01,9.927081665408817868e-01,1.205425073699768479e-01
-3.514165488456556519e-01,9.362192100130229955e-01,7.616232297864657941e-01,6.480201045103711754e-01
8.273916705569671626e-01,-5.616253408571866279e-01,9.982434246773144171e-01,-5.924580228595843767e-02
6.815187630746419867e-01,-7.318006392298450624e-01,-1.898135654097276859e-01,9.818201517520644961e-01
7.721403681359854942e-02,9.970145397730908465e-01,9.882164957989080234e-01,-1.530625931798063610e-01
8.726869402494865646e-01,4.882801494203803938e-01,4.113336731743668651e-01,9.114848376758020176e-01
-6.975426085921908603e-01,-7.165433058778803987e-01,-6.427073792580153544e-01,7.661117572830309363e-01
-5.164247707178727387e-01,8.563325616774084548e-01,1.802827481402151377e-02,-9.998374774468249404e-01
-4.702360383143325828e-01,-8.825406893001827013e-01,-5.475599140717339885e-01,-8.367664790739142155e-01
9.797045033229908606e-01,2.004472154175553633e-01,-8.728874713176300038e-01,-4.879215740431177561e-01
6.688228324260473423e-01,7.434218310122452378e-01,-9.824057591351886831e-01,-1.867590009022686015e-01
-3.892203532535986055e-01,-9.211446773515786779e-01,5.539519749276038407e-01,-8.325486228886618267e-01
2.342355285047121594e-01,9.721798790275996138e-01,9.443006332218653598e-02,9.955314978145933802e-01
6.256724873346600768e-01,-7.800858533472194711e-01,-9.353794455889414827e-01,3.536457164588940882e-01
9.329992711433069408e-01,3.598782572566143756e-01,5.597306844355223188e-01,8.286745808224973420e-01
2.151867918170998206e-01,9.765729079937985890e-01,-8.237407099369514762e-01,-5.669667034249604720e-01
9.999590831805511559e-01,-9.046102183344301856e-03,-3.420711911283415372e-03,9.999941493478949894e-01
-9.128868854168340485e-01,4.082126093519799492e-01,-5.027656489109594284e-01,8.644227566851430122e-01
-2.912425633232953448e-01,-9.566492404789105342e-01,-9.837294378941398021e-01,1.796563191777000856e-01
4.105804409841705693e-01,9.118243808328685418e-01,9.858869364835231019e-01,1.674125099003467287e-01
-7.710387039980362012e-01,-6.367882826631067195e-01,8.377410483554813547e-01,5.460677026708857795e-01
-1.495666716009299568e-01,-9.887516426010222181e-01,-3.917828730823781913e-01,-9.200577049073156433e-01
-3.941278101376164411e-01,9.190556399240075169e-01,-9.020525634995371078e-01,4.316261955487798452e-01
4.756696573959939833e-01,-8.796239975312052373e-01,6.603225892211003201e-01,-7.509820757943174163e-01
-7.962097753191137439e-01,-6.050206555864736657e-01,-3.406762248510490365e-01,-9.401806793490480318e-01
-7.669891698926981638e-01,6.416600449360313485e-01,9.987048890262013590e-01,5.087774204072747358e-02
-9.351274082769165386e-01,-3.543116287807910880e-01,-7.429528106114078323e-01,-6.693437989588082448e-01
-8.859292662345938929e-01,-4.638203695710594321e-01,8.315573382543983705e-01,5.554389194099205174e-01
5.061435712190255343e-01,8.624492363691043106e-01,1.931375462742375704e-01,-9.811716915092724145e-01
-8.189883659706782559e-01,5.738101222570741733e-01,9.985767586571975274e-01,-5.333345169483330594e-02
-5.539004184207524384e-01,8.325829246827701757e-01,-9.808479970771554202e-01,-1.947747587079304843e-01
-8.123378652027287705e-01,5.831870992725004532e-01,-4.099131626154979280e-01,-9.121245524129697468e-01
6.975319798772938729e-02,-9.975642793176210388e-01,7.962310400122220300e-02,9.968250404705986112e-01
-9.939874077317562007e-01,1.094944440175092681e-01,-9.241143802800099172e-01,3.821159668997006764e-01
9.305059117599789875e-01,-3.662768736621657140e-01,6.183304812135677064e-01,-7.859181993071528982e-01
-2.709954215029544144e-01,9.625806363751745476e-01,4.958791440441489562e-01,8.683915444671500561e-01
-8.629839349489474287e-01,5.052313608833390868e-01,-9.745814805319295837e-02,9.952396240996647103e-01
2.301253506302382013e-01,-9.731609954151008157e-01,-9.418002890032246555e-01,3.361728954473315323e-01
-9.584777351457359762e-01,-2.851673740628482001e-01,-2.349792381262569008e-01,-9.720003897373723500e-01
-9.566605670847764253e-01,-2.912053560376834938e-01,-7.110231624680387608e-01,7.031685874909010536e-01
9.443622570115757231e-01,3.289071716031782833e-01,8.986686913926731357e-01,-4.386280692233231471e-01
-8.038140715232880984e-01,5.948806085435583979e-01,8.289932757178617440e-01,5.592585706223637265e-01
-1.299057096163253600e-01,9.915263519488924926e-01,-6.882217730960020763e-01,7.255003728714376487e-01
9.999912740654833820e-01,-4.177534307608908939e-03,-2.550494542415618904e-01,-9.669280096734613750e-01
-3.584954541293158270e-01,9.335314720825514945e-01,1.503077987519889636e-01,9.886392494911030449e-01
7.480153490553673734e-01,-6.636814277780996862e-01,-5.547176828091406886e-01,-8.320386363498137872e-01
-4.470700370014215608e-01,-8.944989558493332549e-01,5.132700854689606906e-01,8.582271373958562100e-01
-5.406794995118393565e-01,8.412286721264480294e-01,9.387765427032129795e-01,3.445266359371980114e-01
-9.628220980468887857e-01,-2.701362758175719914e-01,7.245850758078532516e-01,6.891853654253893291e-01
5.386666323074080776e-01,-8.425189963666074311e-01,9.047863394071326004e-01,-4.258658004844262379e-01
7.432918086276452119e-01,-6.689673289683466528e-01,-9.475995011460964790e-01,-3.194607729090837012e-01
5.337356222422100505e-01,8.456513971783650163e-01,2.871010452149327929e-01,-9.579003026601949911e-01
-5.335603552481306133e-01,8.457619921156830367e-01,-4.963016656794652093e-01,8.681501348521397654e-01
-5.102479184671488976e-01,8.600273610182072037e-01,-8.352596725480359030e-01,-5.498556896267854377e-01
9.653081836109573821e-01,2.611132142456871197e-01,-9.994970682882766688e-01,3.171136205116347612e-02
-8.154755104955833112e-01,-5.787915788796239580e-01,9.424412873959878700e-01,-3.343716791407326250e-01
6.120132809134551932e-01,-7.908474846552577819e-01,-1.523842129675274416e-02,-9.998838885172530722e-01
-7.357045073019603532e-01,6.773026486996635009e-01,-1.219499419764972503e-01,-9.925362520593034033e-01
-6.256511459478372728e-02,-9.980408841504146977e-01,9.578867831856074933e-01,2.871461484999042746e-01
-6.950079547487065801e-01,-7.190020464755436658e-01,-9.516958416501503093e-01,-3.070423830447712166e-01
-7.099831548485407984e-01,7.042186591047648880e-01,-9.785698487681245838e-01,2.059151550564691235e-01
6.322791122337565461e-01,7.747406819271159817e-01,8.989715984213094702e-01,-4.380069237259108794e-01
-2.528025188598071460e-01,-9.675178998127822450e-01,-4.611471232212437793e-02,9.989361507661276285e-01
6.107459672496435843e-01,-7.918265993816432369e-01,-1.242949728188778857e-01,9.922453122751220267e-01
-3.922148262294999910e-01,-9.198736489789035575e-01,-8.488300805695456752e-01,5.286657680617297128e-01
9.936971875788056519e-01,1.120977225369542557e-01,4.164727040266945346e-02,9.991323760483427074e-01
2.105768288092500495e-01,9.775773110954650846e-01,6.882759467825627642e-01,7.254489789644525954e-01
9.062133907546482403e-01,4.228206362241124783e-01,6.248250098488621340e-01,-7.807648218685120378e-01
-9.037914779895723782e-01,-4.279730883051226509e-01,-9.337082832474489225e-01,-3.580346935634893812e-01
4.068922054343827865e-02,-9.991718507501937685e-01,6.439978446196219508e-01,-7.650273041697801535e-01
7.681884708839321618e-01,6.402237680694196076e-01,4.879893911858936284e-01,-8.728495598269044864e-01
5.269797574052496048e-01,-8.498778355064358081e-01,-1.999707353978679991e-01,9.798018702699213822e-01
-9.397926737404634911e-01,-3.417451248865896463e-01,-9.553532705379002010e-01,-2.954659514606340909e-01
-3.683055754710708452e-01,-9.297047935107806138e-01,8.663884394118406274e-01,4.993706760048243765e-01
9.838995942357913194e-01,-1.787220984171941640e-01,8.615465749773826287e-01,-5.076785391807903114e-01
8.649311484013757489e-01,5.018905344047418504e-01,-8.244678589633104293e-01,5.659087819926942320e-01
8.135135413084098044e-01,-5.815459724801214092e-01,-7.850297104641412727e-01,6.194581129411307341e-01
7.021906995233125892e-01,7.119889195085559175e-01,-3.254350332427696224e-01,9.455644024276069759e-01
-7.822295909913798972e-01,6.229902623456152755e-01,-9.696118791139077819e-01,2.446483269536023908e-01
5.950743241330779254e-01,-8.036706718286791284e-01,-1.105432654327914190e-02,9.999388990656752352e-01
8.314844014037247044e-01,-5.555480989277973292e-01,-7.064501420061696235e-01,7.077628111588393223e-01
-9.991987302125026060e-01,-4.002371224314961451e-02,3.087005573954666460e-01,-9.511592747083572608e-01
-8.302295953317990751e-01,-5.574215810633790236e-01,5.050094743043445078e-01,-8.631137994858207874e-01
-2.599477113407855366e-01,-9.656226941040105816e-01,-3.339005026116150243e-01,9.426083249980932166e-01
4.968697670773343233e-01,-8.678251175003610651e-01,-9.811080625092961638e-01,1.934605119378499383e-01
7.224361193465937969e-01,6.914376714234147236e-01,7.018437913939087336e-01,-7.123308869351542283e-01
3.685294135274494454e-01,-9.296160881595768588e-01,9.457320271398172995e-01,3.249475847610071577e-01
-9.930877559444510894e-01,1.173742262731230779e-01,7.670776673286937575e-01,-6.415542473443456295e-01
-9.522596659479011239e-01,3.052892540014989775e-01,1.924129630127061341e-01,9.813140433442655297e-01
-8.878467939684046017e-01,4.601391859427160225e-01,-4.340659244210607337e-01,-9.008811093904067757e-01
-9.983255304563790622e-01,-5.784578842914400026e-02,-8.684705347417920329e-01,-4.957407894104597923e-01
9.409883169636524824e-01,-3.384390452325392040e-01,-9.451847068636035631e-01,-3.265361693766310469e-01
-9.544834473312008294e-01,-2.982638911614123312e-01,6.343215185284054591e-01,-7.730693443228865425e-01
9.570361087816829926e-01,-2.899687681251459925e-01,8.031714349135279374e-01,5.957479719973409749e-01
4.241291355920441264e-01,9.056017205935208425e-01,-5.725765007038255971e-01,8.198512980057798272e-01
-1.617941010000917557e-01,-9.868245380418810830e-01,-9.712549351555536115e-01,-2.380416999938904099e-01
3.811709666125434604e-01,-9.245045668960534258e-01,3.756418303325123054e-01,-9.267649191161909661e-01
-4.307256529924993194e-01,-9.024829149929570749e-01,2.092856016523610418e-01,9.778545581736627357e-01
-7.826948418270119889e-01,-6.224056431117801491e-01,3.264713955371236764e-01,-9.452070820175031418e-01
-9.182211680289521505e-01,-3.960680327715768723e-01,-8.076797650943611240e-01,5.896214014578486928e-01
6.419177947963486952e-01,-7.667734637582294122e-01,3.744611361808562466e-01,9.272426098331235655e-01
4.351175653540317878e-01,-9.003736470601413355e-01,5.643347325418881372e-02,-9.984063617067294727e-01
7.190494917297544086e-01,6.949588681664418122e-01,8.412881440704838010e-01,5.405869575252818526e-01
5.805829761878388284e-01,-8.142010855807496617e-01,-9.956984528137501345e-01,-9.265306829406289024e-02
-8.577483763999519395e-01,5.140697645098827318e-01,9.205370236460389544e-01,3.906553315864151332e-01
-2.322577926567281209e-02,9.997302452049263710e-01,-6.199218511704528423e-01,7.846635574826952286e-01
6.834863673770038561e-01,-7.299632768912333036e-01,-8.050217134193183854e-01,-5.932453463141744709e-01
-9.101705279267590099e-01,4.142337626190371047e-01,-9.384834103734740474e-01,-3.453243235767987085e-01
3.585518774055643232e-01,-9.335098024171707420e-01,-8.258616851044603413e-01,5.638727490102896089e-01
-8.411786010753413700e-02,9.964558121717838057e-01,-9.022640260849315030e-01,4.311839830432132592e-01
9.996952506463006038e-01,2.468614662579431476e-02,1.454434769464799382e-01,9.893665625104371975e-01
-9.995930262609626915e-01,2.852686191031712434e-02,-9.618260480788366484e-01,2.736615669710443788e-01
8.081731735042968490e-01,5.889449224061565902e-01,9.571768626478081021e-01,-2.895038058673823356e-01
2.749147535725559102e-02,-9.996220379636903131e-01,5.900851424815209967e-01,-8.073410212683133080e-01
-1.631029554174327767e-01,9.866090542530505658e-01,6.117502751394613414e-01,7.910509470740765270e-01
-9.379641951031570946e-01,3.467321281688310886e-01,9.825444092783287564e-01,1.860281801123153389e-01
8.541677854650709945e-01,5.199974944879026673e-01,9.140328670544820566e-01,-4.056401335471670477e-01
-2.283054913039837541e-01,9.735895452604483857e-01,-9.859088448994780540e-01,-1.672834407494564746e-01
1.965705876199354829e-01,-9.804896756635193000e-01,-9.718722178854970473e-01,-2.355087941082562308e-01
5.796844517270566266e-01,8.148410497918607831e-01,1.918107853283848030e-01,-9.814319246038964994e-01
-6.021294083040870104e-01,-7.983985067968063509e-01,-3.953536253869661121e-01,9.185289929519820928e-01
8.684005956140802285e-01,-4.958632931939111477e-01,-9.935456002441352963e-01,1.134334176313171461e-01
-4.267071202224992921e-01,-9.043898681163016207e-01,9.806783835047170328e-01,-1.956269616555322555e-01
3.740855924891844930e-01,-9.273941823690807773e-01,-4.698794661044577436e-01,-8.827305859283396394e-01
7.746158088003144426e-01,6.324320902331210803e-01,5.685875290914363944e-01,8.226227700238396556e-01
-4.598182179924642163e-03,9.999894283044397092e-01,6.696281370162641133e-01,7.426965451085170145e-01
7.883758140555900962e-01,-6.151939334975480289e-01,2.834243432368111493e-01,9.589945993908319810e-01
-2.174955848751360388e-01,-9.760613047139111709e-01,1.048097019787372214e-01,-9.944922957826914933e-01
-6.395815324764909660e-01,-7.687232683580114134e-01,-2.812650504535357809e-01,9.596301221790456415e-01
-5.156958063141624526e-01,-8.567717521895699129e-01,9.909832352529200916e-01,1.339859225726929559e-01
-8.581742306614125182e-01,5.133585392575960027e-01,9.391108706081472413e-01,-3.436142789605923231e-01
9.610671623544412290e-01,2.763148737291971080e-01,4.833308207810845802e-01,8.754377863007074545e-01
2.147175163873488168e-01,-9.766761941178092599e-01,9.981971891024150612e-01,6.001976064628511409e-02
-4.330808003971553521e-01,-9.013551022362714660e-01,8.076645849227914731e-02,9.967330531203502098e-01
-9.854364245407113421e-01,1.700442683198082616e-01,9.392823971114794279e-02,9.955789701398705116e-01
8.081282921405077424e-01,-5.890065054327210392e-01,-8.823067554361780918e-01,4.706748233246432767e-01
-5.152995495281611493e-01,8.570101366122072628e-01,8.774840496992618588e-01,-4.796058199431938451e-01
-2.748961910244249185e-01,9.614739123659377107e-01,7.254533033872191394e-01,-6.882713887737680336e-01
6.972486441105347765e-01,-7.168293578572384472e-01,-9.635466360600978275e-01,2.675404271082583163e-01
2.909619562510621371e-01,-9.567346236102021173e-01,-8.473441217653980839e-01,5.310441971339354694e-01
-9.955738945559176045e-01,-9.398202210403193424e-02,-9.408614281937058843e-01,-3.387916364630330635e-01
6.811745366178388883e-01,7.321210628464888126e-01,4.111806062675207873e-02,9.991542949366202242e-01
2.177049659791253089e-01,9.760146247818358711e-01,9.467246200871001216e-01,3.220442418689331565e-01
-5.556852119222003283e-01,-8.313927743557670835e-01,9.279708761423018926e-01,-3.726527244388379567e-01
-7.502823936552583950e-01,6.611174856036828862e-01,3.873283837290338871e-01,9.219418220028063882e-01
5.169868124698044909e-01,-8.559933619674343630e-01,3.185579377475137863e-01,9.479033918591340813e-01
9.509691239193168721e-01,-3.092858311532017956e-01,-9.850664403049250728e-01,1.721746444311222646e-01
3.425005268174152739e-01,-9.395176364123203339e-01,-9.986119445456109744e-01,5.267052506700128922e-02
-7.183248827899030298e-01,6.957078142186359226e-01,9.932997160404513082e-01,1.155667517669285022e-01
2.406873952019172869e-01,-9.706026879165934318e-01,5.981329122395449005e-01,8.013969174484270042e-01
-5.950893574279357834e-01,8.036595402756110396e-01,-7.209834378093932239e-01,6.929522944651737015e-01
4.976397321317831968e-01,8.673838233468543768e-01,-4.044545401190878797e-01,-9.145581036637624450e-01
9.780693184870223877e-01,2.082796395097984699e-01,1.351856548195241314e-01,9.908202857890104909e-01
-7.530814992081659165e-01,6.579272418363455444e-01,-8.852735287113503437e-01,4.650707251192596203e-01
8.219586881216228713e-01,-5.695471139610670530e-01,-9.357876907256504895e-01,-3.525640337390561485e-01
6.914409588760578318e-02,9.976066830188566881e-01,7.648460520019085829e-01,-6.442130988555678783e-01
2.698486462892389359e-01,9.629027511103419590e-01,-4.599732414778813228e-01,8.879327773679326352e-01
9.820756292510529617e-01,-1.884872898397881025e-01,6.680796572412288636e-01,7.440897604324643311e-01
9.876842977168137638e-01,1.564599886349359870e-01,-9.977291704122641658e-01,6.735356344288713493e-02
2.229366291733604899e-01,-9.748329392120578252e-01,-2.059732744932250489e-02,-9.997878525477019718e-01
-4.335518889666386544e-01,9.011286032378837962e-01,7.710746240081455261e-01,6.367447873447391604e-01
9.723875822423512227e-01,2.333717847145936053e-01,-8.901019209137723820e-01,4.557615279788460594e-01
8.695717698882068358e-01,-4.938065785441618782e-01,9.937627608598885720e-01,1.115149098916006914e-01
6.391539573781804817e-01,7.690788118052733768e-01,9.778515795669594501e-01,2.092995182469429283e-01
-9.475424791139338554e-01,-3.196298644911331754e-01,-9.942695077040208940e-01,1.069025072203829835e-01
-1.505623105629607106e-01,9.886005212612132276e-01,-2.982250612197647754e-01,9.544955803252666016e-01
9.172728427281848784e-01,3.982593777845723215e-01,5.626408508677537279e-01,-8.267014412318451910e-01
9.512069061831766037e-01,3.085537580867059870e-01,-8.009869190249844229e-01,-5.986818483559218640e-01
7.477933212017926490e-01,6.639315844015801771e-01,-9.584016499457674865e-01,2.854229797707791283e-01
9.011366169429259054e-01,4.335352322529951730e-01,-8.373060935599608845e-01,5.467344014120183449e-01
6.628994975913593546e-02,-9.978004021651480926e-01,-9.998502348724515043e-01,1.730629438971577339e-02
-9.958904592871353767e-01,9.056595994554801632e-02,9.678937780491749798e-01,2.513595719555840047e-01
-5.510802303156278059e-01,8.344522633172460901e-01,7.815815361933208250e-01,-6.238030957615461336e-01
-8.713235238270830019e-01,4.907089940336887279e-01,9.999431658200990114e-01,-1.066138497934945861e-02
9.019895133392901165e-01,-4.317579389263739853e-01,4.173062313722343264e-01,9.087659265497927130e-01
8.468496231312518940e-01,-5.318324132679923544e-01,7.273193349528124241e-01,6.862991949607682995e-01
-2.139931979979116938e-01,-9.768351504786396688e-01,6.199449310460543039e-01,7.846453227225043126e-01
7.487898088897697590e-01,-6.628075302098053179e-01,-5.303670613034463521e-01,-8.477681170487283424e-01
-4.237772198373224164e-01,9.057664533128557682e-01,-5.281611948114233179e-01,-8.491441292827559550e-01
-7.337222437534628439e-01,6.794495338296907549e-01,5.771836502071778785e-01,-8.166143728428481019e-01
-7.554375261128404295e-01,-6.552206835414396968e-01,1.147528506171141896e-02,-9.999341567487093352e-01
-7.131851083402572788e-01,-7.009757493962937014e-01,-9.504521751668423279e-01,3.108708135554349994e-01
-9.933966994220108093e-01,1.147301075457309999e-01,-7.589539820702124739e-01,-6.511442644297558147e-01
-8.114396184410408441e-01,5.844362630982595785e-01,-3.781238618874506741e-01,-9.257550135275099956e-01
9.962324992026240222e-01,-8.672258951676799221e-02,-9.967996599230826149e-01,-7.994021501864334578e-02
4.321566622602260321e-01,-9.017985469405574994e-01,-9.883199337140130547e-01,1.523932696136181264e-01
-9.177052053053543768e-01,3.972620749020191466e-01,-6.124231513588325182e-01,-7.905301282555374787e-01
-1.421920075611479706e-01,-9.898390944924990720e-01,-9.355005442691028961e-01,-3.533252491292014907e-01
-1.226005150361092200e-01,9.924561016553229420e-01,-6.181446069706866275e-01,-7.860644024970571131e-01
8.083911871230345936e-01,5.886456392277198413e-01,-7.589563860974581910e-01,-6.511414623581315286e-01
-6.000736022275929837e-01,7.999447930386199834e-01,-1.923376483231360456e-01,-9.813288078098623135e-01
-8.198542676336977308e-01,5.725722485790009086e-01,-6.237532380525225850e-01,-7.816213264868053789e-01
9.946066455165059050e-01,1.037189505076267920e-01,-9.923161924300509806e-01,-1.237278232295631608e-01
3.959481453967205744e-01,-9.182728712952906713e-01,-4.155371501145597168e-01,-9.095762072936328657e-01
-6.335108576238969169e-01,7.737338000065879795e-01,-9.500456580099414516e-01,3.121109541436465351e-01
-8.750378908907266995e-01,-4.840544282469778636e-01,5.230734851708399719e-02,9.986310336110691965e-01
8.939451118151271469e-01,4.481764575051213062e-01,9.999602978376931350e-01,8.910821979590905981e-03
4.540082534424533245e-01,8.909974780021170382e-01,-9.298593897605742509e-01,-3.679150924793551103e-01
7.692851705254178940e-01,-6.389055692429661537e-01,-8.421148257099786427e-01,-5.392982665644794338e-01
-7.757435044781511024e-01,-6.310483462144218514e-01,9.846181346102225174e-01,-1.747201447935691765e-01
9.516065162509028674e-01,-3.073191146492846304e-01,-6.445534144566475998e-01,7.645592821438224052e-01
9.999691593418923441e-01,-7.853684808358815314e-03,-7.868054220340220395e-01,6.172011243167533356e-01
-6.930199430369462510e-01,7.209184132431822878e-01,2.982437756928719708e-01,9.544897329256402108e-01
-3.018558357342591147e-01,9.533535831123581827e-01,9.033925830391148493e-01,4.288144597724241613e-01
6.294313342225871244e-01,-7.770561083337379493e-01,1.427950713992644227e-01,-9.897522758670873610e-01
9.999619403845815269e-01,-8.724550550183144890e-03,2.003930515876394675e-03,9.999979921292280194e-01
-6.861886004174715392e-01,-7.274236761730481504e-01,-7.748810569181586727e-01,-6.321070697511596004e-01
2.798400747379497511e-01,-9.600466304147203811e-01,-3.810979242545445289e-01,-9.245346787053893012e-01
1.981450781869897593e-01,-9.801727031448446148e-01,-9.837135975667941068e-01,1.797430331395225567e-01
-6.145922023329860595e-01,7.888449941728031822e-01,7.130884713232736871e-01,-7.010740560495992701e-01
-8.930783991708568514e-01,-4.499010701636745324e-01,-9.382888151526385112e-01,3.458527133903358530e-01
4.984952875138948247e-01,-8.668924087373468534e-01,-2.175828942229597884e-01,9.760418454869443927e-01
-3.791171003961898434e-01,-9.253487041041259520e-01,7.940496885286693063e-01,-6.078528540259749979e-01
9.911716902735723256e-01,1.325846160013658126e-01,6.449662136187258588e-01,-7.642110855583842399e-01
-5.182366078798686937e-01,8.552372876887252007e-01,5.142242827760838964e-01,8.576557508717714828e-01
6.155067272616078222e-01,7.881316315792081806e-01,9.867257491546704840e-01,1.623954924102090080e-01
1.067847542494145402e-01,9.942821612901904249e-01,8.443765494489715584e-01,5.357501682133647414e-01
8.288053349954578319e-01,-5.595370556835953524e-01,-2.276212219448196239e-01,9.737497518974509436e-01
9.732527650229125804e-01,2.297369264512245102e-01,9.848487272079874399e-01,-1.734156409232080753e-01
1.886111517770008017e-01,9.820518486441299766e-01,-9.331681566764694624e-01,-3.594401081752566229e-01
-3.656073820132066388e-01,9.307691669890280073e-01,-6.993418397057691305e-01,7.147873748444011355e-01
-7.422301015001018243e-01,-6.701451159466496055e-01,7.653461182560437059e-01,-6.436189239529909178e-01
-9.771324647714833000e-01,-2.126314800061501753e-01,-9.569610009311283472e-01,2.902165444920275506e-01
1.980505939627480172e-01,9.801917986960525520e-01,-3.985234758692449142e-01,9.171581320476286381e-01
5.131400742281903016e-01,8.583048783626289202e-01,9.325699264587323789e-01,-3.609893797118614578e-01
8.285530070237892564e-02,9.965615882350263854e-01,5.853307558028290059e-01,-8.107946141355953928e-01
-9.998736912398874521e-01,-1.589344413027380179e-02,5.551437305010694656e-01,-8.317544340040249340e-01
-1.326716274432725162e-01,9.911600472534964901e-01,-9.970225377655990151e-01,-7.711069437791860659e-02
9.462937772742767706e-01,-3.233080374688840908e-01,2.452705605376411802e-01,-9.694546673947943560e-01
-9.743366022070502064e-01,2.250959475415325595e-01,4.294520464923005099e-01,9.030896631916317530e-01
9.325346627554765844e-01,3.610804657684066332e-01,-8.960199044074440566e-01,-4.440138859379003655e-01
-1.299048482744268040e-01,-9.915264647979892265e-01,9.948533910537377123e-01,-1.013248750745778803e-01
-4.753832104863740526e-01,8.797788376561849200e-01,-2.545181470777617694e-01,9.670679980270792120e-01
-5.699104939243544443e-01,-8.217067779414372053e-01,2.750809536639227115e-01,-9.614210674472173368e-01
-1.848772070643035781e-01,9.827616284268034796e-01,-9.982109626313709905e-01,5.979025073163390241e-02
-9.028274849072407404e-01,-4.300029447527842219e-01,9.688860716634171144e-01,2.475071314864112360e-01
1.387393032327607356e-01,-9.903289381505965272e-01,8.171208467531942965e-02,-9.966559763619607937e-01
8.994292593130619462e-01,-4.370663650883660489e-01,4.896123860331346722e-01,8.719401994649292886e-01
-6.985696832460312755e-02,9.975570179074955135e-01,-6.777685632538634763e-01,-7.352753053549355711e-01
-5.082675723962349901e-01,8.611992074139629416e-01,8.586101785520301455e-01,5.126290679300685715e-01
-9.749009293001199561e-01,2.226391206633789033e-01,9.447903951696654534e-01,-3.276753106279864936e-01
8.971268823553946170e-01,-4.417729699237946117e-01,-2.591663048699628380e-01,9.658327114050597739e-01
8.141081039187039181e-01,-5.807133502287448179e-01,1.473383429726764504e-01,9.890861502872567712e-01
8.447374728066354699e-01,5.351809058965564248e-01,6.884924899402353748e-01,7.252434703572965269e-01
6.756579251209877679e-01,7.372152794273878484e-01,9.429951224412737032e-01,-3.328065489920040698e-01
-9.996019361504058232e-01,2.821292690168761969e-02,-2.370866005685195177e-01,-9.714885196598379569e-01
7.838783907027760955e-01,6.209143810455882706e-01,-5.237221037679502117e-02,-9.986276340960371645e-01
-5.650982523493018883e-01,8.250236149297573984e-01,-9.999930015279411277e-01,3.741242459289965960e-03
5.959623156348977657e-01,8.030124023594470417e-01,-9.874193343515186294e-01,1.581235534283359223e-01
-6.563944875947053115e-01,-7.544178395659028036e-01,7.704281566048746255e-01,6.375268272868325203e-01
9.500720632072071625e-01,-3.120305669533043336e-01,-9.301435674862467140e-01,-3.671960564384617598e-01
9.997894244483501724e-01,-2.052088597591814750e-02,1.937302059494540665e-02,9.998123254256410242e-01
-7.081772926627584175e-01,7.060346465697315832e-01,9.897072098722936584e-01,-1.431070883178038600e-01
-8.126478954705695923e-01,-5.827550068315623388e-01,2.885161078776530275e-01,-9.574750417087279919e-01
6.191810531403411089e-01,-7.852482559242128790e-01,-8.542514983632651937e-01,5.198599595507586990e-01
7.397914553132312054e-01,6.728362376132333011e-01,5.809465695298557941e-01,8.139416953022449164e-01
-3.706678631019701964e-01,-9.287654899184287771e-01,2.201766517551357050e-01,-9.754600155936160588e-01
-8.404126319837579295e-01,5.419470527663496906e-01,7.200746479082748008e-01,6.938966071683692061e-01
2.720683403853576543e-01,9.622779318678971183e-01,3.720134998991397324e-01,9.282273190834198218e-01
-8.190649684356428040e-01,5.737007734712578078e-01,2.394251308095207698e-01,9.709148298058094539e-01
8.882510975335173864e-01,4.593582346388294102e-01,-9.367905317791612729e-01,-3.498906966024051268e-01
-3.363298626573103522e-01,-9.417442452624357196e-01,2.307358035361584958e-01,-9.730164381789874195e-01
-1.723184307514949443e-02,9.998515207690756856e-01,-3.931935244492284487e-01,9.194557370157597775e-01
-3.763218078720907411e-01,9.264890160816161568e-01,8.617962404446740665e-01,5.072546105807472783e-01
7.243010281159336650e-01,6.894838799204818791e-01,-9.752800615524147565e-01,2.209723999469573874e-01
6.597037238172196449e-01,-7.515257791863787507e-01,-1.187342597784787901e-02,-9.999295083932410177e-01
-9.991517786048879080e-01,4.117916112172589904e-02,1.771022009766954064e-01,9.841924661412574382e-01
-8.990014718157059992e-01,-4.379456058384356698e-01,1.878469749253854904e-01,9.821983068664807970e-01
-9.063390155185311325e-01,-4.225512855842468718e-01,9.455284045552765360e-01,-3.255396076964420238e-01
-8.459840384788160916e-01,5.332082207159534182e-01,9.587966408045922595e-01,-2.840932973194363331e-01
3.532990075084566639e-01,9.355104549354537058e-01,9.982061977526028862e-01,-5.986974835667354528e-02
-3.057707640375463554e-02,-9.995324118799744362e-01,3.544127350303221125e-01,-9.350890937490002885e-01
6.979122734463832911e-01,7.161832576742497292e-01,3.787083708153358153e-01,9.255160559787140029e-01
7.944722371060198851e-01,6.073004729684936542e-01,2.366118098822684868e-01,9.716042668824778072e-01
-2.478071160330928280e-01,-9.688093895309650705e-01,-5.370211797561994516e-01,8.435687597897753021e-01
2.557608311409147461e-01,9.667400877454646047e-01,-4.151332997050461437e-01,9.097605967923650949e-01
-3.491967149100163037e-01,9.370494406892587724e-01,9.629274746228766446e-01,-2.697604096534723661e-01
-9.879109106097767601e-01,1.550226844631511502e-01,2.430501661270118852e-01,-9.700137198749468892e-01
-9.497891296608690359e-01,3.128907304124698974e-01,-1.625826576719115180e-01,-9.866949272314812225e-01
-2.573270046730660177e-01,-9.663243827338663383e-01,3.915862944129102075e-01,9.201413880637939746e-01
-7.140397010295792546e-01,-7.001052102031444235e-01,8.427268775310816640e-01,-5.383413507122718489e-01
-6.159005024846782028e-01,-7.878239467286589637e-01,4.699852120618392970e-01,-8.826742889895388133e-01
-2.239380740628891253e-01,-9.746033752173259845e-01,5.163679880678556655e-01,8.563668027771480507e-01
-2.645561674803127983e-01,9.643702786005635685e-01,6.898889571330343307e-01,-7.239152069309597870e-01
-4.389983949650685946e-01,8.984878458933619472e-01,-1.393306047857662266e-01,9.902459202491230572e-01
-9.250718327196922885e-01,3.797921856866326995e-01,8.736609332099293246e-01,4.865352749624177742e-01
-3.532525032227769590e-01,9.355280161314475373e-01,-5.525767594197156241e-01,-8.334620117013166185e-01
9.955251506678540752e-01,-9.449695438344211940e-02,-5.682792936299131403e-01,-8.228357335650214877e-01
3.916738839066711830e-01,-9.201041075147221582e-01,8.273206188482523649e-01,5.617300006484829966e-01
5.109077316972342464e-01,8.596355563213906592e-01,-4.192405768752425210e-01,9.078751779299365499e-01
9.993823333462228398e-01,3.514188093228679671e-02,9.989809992127187677e-01,-4.513272883349806613e-02
9.640862426018280695e-01,2.655893763422947362e-01,-4.347030481257002088e-01,-9.005738503588838206e-01
3.729178829384204724e-02,9.993044193467010006e-01,-1.248646580198603945e-01,-9.921737837584619912e-01
7.530484330231138612e-01,6.579650883758445534e-01,2.308951244461273367e-01,9.729786439110610363e-01
-9.781413539135422885e-01,-2.079410776258084625e-01,8.799675930338978214e-01,4.750337200769313983e-01
6.276679943026108877e-01,-7.784811423073377812e-01,-1.682245783227144242e-01,9.857486957882038991e-01
-8.315468621338070743e-02,-9.965366516896175808e-01,6.921594699943976574e-03,9.999760454764952122e-01
2.144069600589158242e-01,9.767444166609269285e-01,9.695971005391913755e-02,9.952883072890286176e-01
-8.064211989418291759e-01,5.913415678753040083e-01,3.519795988921475272e-01,9.360076719577264948e-01
-9.987701334233045625e-01,-4.958044555663352476e-02,-8.917023681312603589e-01,-4.526222339535500572e-01
3.693268085827287051e-01,-9.292995795017322536e-01,-4.712774612416510411e-01,8.819850081070675918e-01
5.311587018311364483e-01,-8.472723490525710943e-01,4.277397677733098535e-01,-9.039019255788953711e-01
8.433782445205271205e-01,-5.373203296632967918e-01,4.032087942173258610e-01,9.151080090709566850e-01
-9.983132722893862665e-01,-5.805695798832071625e-02,-9.754029337696207280e-01,2.204293918551173403e-01
-3.430218903694088328e-01,-9.393274097605143202e-01,9.963201762270961215e-01,8.570943030266903184e-02
7.632535162546331131e-01,6.460991177249342243e-01,-9.933840669572442383e-01,1.148394336257600179e-01
-9.170320561375806534e-01,-3.988135002931584849e-01,9.390836980897496744e-01,3.436885333875422943e-01
8.219510954954493270e-03,9.999662192492611013e-01,9.902205583388574706e-01,-1.395107373755919422e-01
-9.093674133865855547e-01,4.159938791263529945e-01,2.522917268296606119e-01,-9.676512205197220773e-01
-6.657751072020920979e-01,-7.461524687555772806e-01,-9.980704638696676900e-01,6.209145795507060861e-02
-4.387984852097318728e-02,9.990368155847794140e-01,8.556222919496471180e-01,5.176007085764400273e-01
9.467244868816012682e-01,3.220446334574894043e-01,-8.359955203640789811e-01,-5.487362662802530711e-01
9.979333890021441222e-01,6.425691491734872307e-02,5.503644737597407355e-02,-9.984843461267841613e-01
9.903228083167864293e-01,1.387830512978929509e-01,3.639306667195669753e-01,9.314260409828852838e-01
9.986241351566329527e-01,5.243888521571356265e-02,-9.095627552884822942e-01,-4.155665941723715173e-01
7.690893062416246373e-01,6.391413294606885787e-01,3.925927346237699789e-01,-9.197124250115522592e-01
6.599635197433952050e-02,9.978198642671326501e-01,1.144031342270389745e-01,-9.934344079399656247e-01
1.798368151086437994e-01,9.836964572120707739e-01,3.268406312876864228e-01,-9.450794684784272759e-01
9.965608383204296317e-01,-8.286431998201991556e-02,7.260520075895556813e-01,-6.876397910790036372e-01
-3.446789329010964686e-01,9.387206364058273689e-01,9.243167870134795239e-01,-3.816260961269263285e-01
6.962701454116854149e-01,7.177798301766290523e-01,-8.289166871189692642e-01,5.593720817271029544e-01
-9.593015757913515573e-01,-2.823835807624618943e-01,-9.080929177782177675e-01,-4.187687341254634488e-01
6.274832437327237944e-01,-7.786300654576979730e-01,2.527014757711869564e-01,-9.675442957007519551e-01
-4.367745381380240266e-01,-8.995710104457100842e-01,-3.260576875196074531e-01,-9.453498740727509508e-01
-2.855136121024198226e-01,9.583746539345815441e-01,9.996038927071492219e-01,-2.814351940881248265e-02
-9.259904437149449885e-01,-3.775469482708069813e-01,9.963094977417671361e-01,8.583347079984446348e-02
-2.190262988387354504e-01,-9.757189556511675077e-01,-6.135682116701135502e-01,7.896417223196471324e-01
-1.371399786267141763e-01,-9.905516777343140733e-01,-1.937216130311140705e-01,9.810565410029247202e-01
-5.006974867850826350e-01,-8.656223349285194768e-01,-7.730556272348303171e-02,9.970074473001722115e-01
6.882501591097429650e-01,-7.254734443695464163e-01,1.717447547871348290e-01,9.851414818203052537e-01
6.850299806655422152e-01,-7.285148767110847245e-01,-2.540182104720049017e-01,-9.671994358706998973e-01
-8.795060731636066276e-01,-4.758876624460153248e-01,8.615103448134517894e-01,5.077400179022798499e-01
-9.044424354952811385e-01,4.265956878302500366e-01,-5.269882850616672970e-02,-9.986104513142638472e-01
-6.297908511219538763e-01,-7.767647545062049685e-01,-3.480271940656878837e-01,-9.374844383725865482e-01
4.155875141160136899e-01,-9.095531969658905425e-01,-5.052492018014543423e-03,9.999872360807451344e-01
9.993694718004065836e-01,3.550575774964198628e-02,-1.780424398171271544e-02,9.998414918857086997e-01
9.987360121925061840e-01,-5.026308734857230093e-02,-6.897483169572351525e-01,-7.240492105200181383e-01
4.092581579699565153e-01,9.124186320626284097e-01,7.639879481988974541e-02,-9.970773411075333215e-01
-9.825791922207880447e-01,1.858443731048738667e-01,7.136762852474980434e-01,-7.004756668688297827e-01
6.937878687009412237e-01,-7.201794173977797975e-01,5.986076516295668615e-01,-8.010423705463619592e-01
1.561837504484262784e-01,9.877280172678426506e-01,9.757561259992996172e-01,-2.188606464735925738e-01
-9.893900086295382978e-01,1.452838973322309601e-01,-8.720815518544361433e-01,-4.893605694323546751e-01
6.726305128454020954e-01,7.399785085996291034e-01,8.397715344500644719e-01,-5.429399321539946088e-01
-7.904488512287711766e-01,6.125280512687691914e-01,3.594232224871705683e-01,-9.331746605737523126e-01
4.419949507382284759e-01,8.970175380235946294e-01,7.888733086229599012e-01,-6.145558582767429723e-01
-6.548198251725622088e-01,7.557850200691828002e-01,9.973328824763155742e-01,7.298713264325243366e-02
-7.002506612074016479e-01,7.138970594410630754e-01,9.771387194501238715e-01,-2.126027350514854419e-01
9.990795417574943604e-01,-4.289602827343330649e-02,-9.862015286219485422e-01,1.655492221175687562e-01
9.994689702051731128e-01,-3.258492898581835662e-02,2.981392475832632671e-01,-9.545223879252312527e-01
7.509984361992666502e-01,6.603039821372093110e-01,6.972466424652230543e-01,7.168313048207181071e-01
-1.504195253610154381e-01,-9.886222566734813588e-01,-7.937653456734140578e-01,6.082241165951621786e-01
9.476103462132159372e-01,3.194286019592937342e-01,-1.344330756427657148e-01,9.909226751736113226e-01
9.820604663425848146e-01,1.885662760065671961e-01,-2.587711222359594387e-01,9.659386659083184501e-01
7.888674448714931842e-01,6.145633851946613602e-01,7.148142313665462044e-01,6.993143889809887437e-01
9.765778754970934061e-01,-2.151642467734441455e-01,3.432495721953665035e-01,-9.392442340454892902e-01
9.317601717490401336e-01,-3.630743482293939395e-01,9.983143430927895468e-01,5.803854215271179312e-02
3.450686209367517798e-01,9.385774591608346817e-01,-3.827151094279435117e-01,9.238664108059980729e-01
5.269255231169251985e-01,8.499114619111538538e-01,4.572873692215788100e-01,8.893189877374751973e-01
5.943475747695878969e-02,9.982321922296710781e-01,-8.475481099808741536e-01,-5.307185706830391814e-01
-9.952326478547022237e-01,-9.752936298427358763e-02,-2.671545473438441398e-02,9.996430785427041776e-01
-9.056156770198844352e-01,-4.240993345147057725e-01,-5.650883951474901246e-02,9.984020988843604894e-01
1.775376058438248861e-01,9.841140170281300614e-01,-9.973166904871751948e-01,7.320805198684114667e-02
4.160019674598123413e-02,-9.991343371292449316e-01,-5.740330736213320462e-01,-8.188321136770628783e-01
-3.655127397427765379e-01,9.308063370463961483e-01,7.233324840400076061e-01,6.904999040785684272e-01
8.826793239160922733e-01,-4.699757558970783511e-01,4.511248659456271182e-01,8.924608424606313983e-01
-5.530982363912210209e-01,-8.331160428781341221e-01,1.775067095496509276e-02,9.998424444284451651e-01
-9.210932188103719831e-01,3.893421146775007391e-01,9.864274147692259076e-01,-1.641979153086349785e-01
2.481543102430873449e-01,-9.687205160972784945e-01,-7.983717914994743481e-01,6.021648300406790000e-01
4.138873220182554546e-01,-9.103281192364415242e-01,-8.127304425664401144e-01,-5.826398782487844930e-01
-2.516196934818213382e-01,9.678261878313245692e-01,5.311307114823173720e-02,9.985885046770781592e-01
-5.343115693449993486e-01,8.452876119192117566e-01,-9.982038621254879507e-01,5.990867748298158574e-02
9.201215305674164124e-01,-3.916329518647212460e-01,8.935054265985025168e-01,4.490523940911885226e-01
5.104412580502478702e-01,8.599126246776938043e-01,9.762689046286718852e-01,2.165618291738716228e-01
9.651346870309479575e-01,2.617537695806389508e-01,-9.807650825144496043e-01,1.951918362033231991e-01
-9.586208044323911714e-01,2.846860609678584786e-01,-8.040368774140914665e-01,5.945794309915179987e-01
3.162379533357839723e-01,-9.486799022167564654e-01,6.524038090573738291e-01,7.578715391987151939e-01
1.357245342884012551e-01,-9.907466128088435742e-01,-3.820945693106632124e-01,-9.241232277695972108e-01
8.748821095962894256e-01,-4.843359312588176868e-01,9.990060894181955753e-01,-4.457390834741961627e-02
-9.783205726689072623e-01,-2.070962507936379704e-01,-7.926393940641697222e-01,6.096907338787311836e-01
8.087780849116856796e-01,5.881139425031395307e-01,-7.090649886300548488e-01,-7.051431357526358745e-01
-8.487130586454421088e-01,-5.288536130960044268e-01,9.730636745260939913e-01,-2.305365162350117569e-01
1.774698653148459038e-01,-9.841262352488782117e-01,4.901826917675793371e-01,-8.716197156395042445e-01
8.329393664064953517e-01,5.533642669077449838e-01,-9.738920389446479309e-01,2.270116659562597672e-01
4.670555588003121317e-01,8.842279711667846431e-01,-7.852496296836587730e-02,-9.969121476794315928e-01
9.970196697495906646e-01,7.714776816225582534e-02,6.930418862942998581e-01,7.208973185146679841e-01
-8.318095273803480794e-01,-5.550611769519482319e-01,-9.971095339737171548e-01,-7.597747862831909227e-02
7.572730374893624772e-01,-6.530984203714127467e-01,-1.815782134715648588e-01,9.833765059184985668e-01
-4.780972845540918947e-01,-8.783068862886158623e-01,5.296390829030046543e-01,8.482231085402378579e-01
9.936397050148848553e-01,-1.126061127023419012e-01,-8.946314216261552765e-01,4.468049008674416789e-01
9.225911894792373502e-01,3.857790780942974562e-01,6.798863209952892284e-01,7.333175236713564971e-01
8.199560122676556873e-01,-5.724265349773053346e-01,-3.150753233986339774e-01,-9.490666681457347043e-01
3.917684675974762998e-01,-9.200638389787554328e-01,-9.624382545975186387e-01,2.715006557768911977e-01
-3.927696841038503806e-01,9.196368714057530092e-01,-9.809142236599458498e-01,-1.944409571607940701e-01
9.861977722813910496e-01,-1.655715976465214623e-01,6.060531248521692227e-01,7.954241697716514237e-01
-2.361189351252729607e-01,9.717241627516046698e-01,6.385287853554511006e-01,7.695979406628452590e-01
7.677212813719829221e-01,-6.407839215590234172e-01,-8.657673577554291233e-01,-5.004466827197305845e-01
7.321802843277370743e-01,-6.811108802843734988e-01,9.955677266270513970e-01,-9.404733754149924296e-02
4.809566237686901946e-02,-9.988427339979654151e-01,8.226384344688608685e-01,5.685648653712448430e-01
-9.215288953315815546e-01,-3.883097926513764953e-01,-2.226259438204098162e-01,9.749039384155095966e-01
7.289568008355657991e-01,6.845596997454476140e-01,6.820657788205755079e-01,-7.312908268000369860e-01
-9.798905049038920678e-01,-1.995359576597549589e-01,8.986568622881631052e-01,4.386523040659806028e-01
-6.217856823045382342e-01,7.831874394301021614e-01,7.110309673808782316e-01,-7.031606953075608679e-01
2.621577152304182534e-01,-9.650250423409575395e-01,-9.883802104648163889e-01,-1.520018406517675558e-01
5.105510452168277730e-02,-9.986958377315288127e-01,-8.384427237968983260e-01,5.449897236756285901e-01
8.463837957644513299e-01,-5.325734411960096892e-01,-3.662576828435958887e-01,9.305134656511102609e-01
9.956618226867468557e-01,9.304587494405644477e-02,-2.917403487443585020e-01,9.564975530102103329e-01
3.628797669528071590e-01,-9.318359698660898527e-01,-3.434782424832901193e-01,9.391606342583733724e-01
9.261758683735052955e-01,-3.770918466933267932e-01,7.492922685194107757e-01,-6.622394554366534125e-01
2.444301805171325281e-01,-9.696668947903511748e-01,-1.639065070363764365e-01,-9.864758775312928440e-01
6.836559213401529611e-01,7.298044814993578377e-01,-4.832780618454844968e-01,-8.754669125323195633e-01
8.724066377762237368e-01,4.887807876379602345e-01,3.015328615420456715e-01,-9.534557847169765621e-01
9.914350938586752315e-01,1.306003624246117323e-01,-4.468785902662016085e-02,9.990009986259357211e-01
-6.902729448515549926e-01,-7.235490733916823958e-01,-7.373314286893191127e-01,-6.755311719432104400e-01
-6.860449915964382805e-01,-7.275591175330310412e-01,-9.686865798926630466e-01,2.482867494165873212e-01
9.966215472492513383e-01,-8.213094154159135407e-02,2.024281842219101124e-01,-9.792971102952465756e-01
-8.017291495968508208e-01,5.976875192663054781e-01,-3.637747761088365173e-01,9.314869361762224687e-01
-4.922148664196004941e-01,8.704737361204729629e-01,-6.219093246439959533e-01,-7.830892617836416880e-01
-7.096571408898385558e-01,-7.045471896076654916e-01,7.384137748246620836e-01,-6.743479051270147018e-01
4.573947386654104719e-01,-8.892637702286092516e-01,-8.168849633258890020e-01,5.768006212653216114e-01
9.221241578873730083e-01,-3.868940907283323627e-01,9.136593487373649847e-01,4.064807430430303903e-01
3.276252296695545962e-01,-9.448077629253326393e-01,-9.949189181305088114e-01,-1.006794236476244858e-01
-8.957321924578008909e-01,4.445940163730739969e-01,-5.671265813427402991e-01,8.236306458203799252e-01
-6.617159857090271213e-01,-7.497545960226790207e-01,-4.694540411803899138e-01,-8.829569090388277308e-01
6.193373119830527518e-01,-7.851250180612044938e-01,9.530420107270549668e-01,-3.028381181247367104e-01
-9.982599418301157934e-01,5.896684269429491865e-02,-9.959143900582960729e-01,9.030242341605317080e-02
2.077889126448753121e-01,9.781736899865280943e-01,-9.775208272103642626e-01,2.108388777478316101e-01
4.832756859903880042e-01,8.754682240552880135e-01,-5.642391317726627165e-01,-8.256114111229517771e-01
9.999995088223612161e-01,9.911382528582676592e-04,7.959058430308771914e-01,6.054204233665301249e-01
-1.982445152842902125e-01,-9.801525963643094030e-01,-2.202825283608735377e-02,9.997573485986434028e-01
7.661005880206096519e-01,6.427206928631411520e-01,8.731991528166170857e-01,-4.873635599019916498e-01
3.870041134424653112e-02,9.992508584743803324e-01,-4.820696134398164689e-01,-8.761329167415101704e-01
-2.962995317102852244e-01,9.550950672620321935e-01,9.964344105549102215e-01,8.437099893973359910e-02
-9.288952239797205745e-01,-3.703426290175960700e-01,2.812501188839737765e-01,9.596344984564438851e-01
-8.014064575681525415e-01,5.981201298803316968e-01,-4.095820768748635876e-01,-9.122732717244725897e-01
-4.558146557580672886e-01,-8.900747157380410890e-01,9.034948332607030397e-02,-9.959101218798371846e-01
9.395139046827341023e-01,3.425107631999357860e-01,5.350816098751434158e-01,-8.448003733269918714e-01
7.118040752968552987e-01,7.023780736831046756e-01,-2.619137763966488119e-01,9.650912774104044578e-01
-9.999877276323859698e-01,4.954249147653170919e-03,9.075598890943296082e-01,-4.199226687225735000e-01
-5.196283257308653702e-01,8.543924175097398210e-01,-9.451720977434111548e-01,-3.265726651869680364e-01
-2.838950308541238199e-01,9.588553652435470864e-01,-3.296239426917252358e-01,-9.441123113297285041e-01
9.126194769613336089e-01,4.088100907155081121e-01,-8.208902366798960237e-01,-5.710859999366333373e-01
7.929164841210772918e-01,-6.093303284828922584e-01,7.170758304536409833e-01,6.969951602265407331e-01
-3.574766483236984649e-01,-9.339220769974627689e-01,9.732642370124947595e-01,-2.296883213236721177e-01
7.219711572876703620e-01,6.919231518345819731e-01,7.164820582120363657e-01,6.976055190867144207e-01
9.176399066094432788e-01,3.974128857973935336e-01,-3.066942674276657357e-02,9.995295824853159816e-01
9.875627360912797581e-01,-1.572254504967481870e-01,3.892210072408359700e-01,-9.211444010156220052e-01
-4.191016176075431088e-01,-9.079393339418337927e-01,-7.349748837743983465e-01,-6.780943298839842148e-01
-8.684947280917136858e-01,4.956984035448372961e-01,5.259719798937667612e-01,-8.505018967448756406e-01
-2.986548020867470510e-01,-9.543612047807297216e-01,-9.951160073638707360e-01,-9.871236947915325299e-02
3.977329398066055399e-02,-9.992087294884527404e-01,-7.159068079396900819e-01,6.981958481297376728e-01
1.871480264982985919e-01,-9.823317241022974100e-01,8.818338726043075670e-01,-4.715601988375288656e-01
-9.903549072948680809e-01,1.385538075874254149e-01,9.741700988896691005e-01,2.258154521490776945e-01
-9.045131556404792939e-01,4.264457190233032491e-01,6.185027463072366727e-01,-7.857826371270912880e-01
9.976003045896366661e-01,6.923606201008400407e-02,1.202338225920213943e-01,9.927456007985683284e-01
8.954054912103830421e-01,-4.452516213449341786e-01,5.813432889329466224e-01,-8.136583929467111620e-01
-7.966266062894797884e-01,-6.044717116223935482e-01,6.413052696673562370e-01,7.672858340259381960e-01
2.901106837407882444e-01,9.569930988149560891e-01,-8.756430592988773132e-01,-4.829588312700190955e-01
8.751035321542256495e-01,-4.839357478128662460e-01,7.628810882640902902e-01,-6.465388195375412206e-01
8.605241427369525464e-01,-5.094096581012504954e-01,-9.862113919588292310e-01,1.654904540166245164e-01
9.976917504946989368e-01,-6.790560355982032392e-02,-2.157055160729753548e-02,-9.997673285836844448e-01
7.029028028388475402e-01,-7.112859128095341266e-01,3.367958946028026257e-01,-9.415776788872481928e-01
9.999031030258869190e-01,-1.392065225492293556e-02,-8.475757896637935163e-02,-9.964016021704089621e-01
3.338146198187172398e-02,9.994426836972457595e-01,8.919451878193066507e-01,-4.521435412852667923e-01
5.477070774887307092e-01,-8.366701603790789310e-01,-9.447220890021662543e-01,3.278721924033556334e-01
4.429177090460192368e-01,-8.965622694567432216e-01,4.644532319610913396e-01,8.855976486649547175e-01
1.194692186614668694e-01,9.928379050944915463e-01,9.552164963662660435e-01,2.959078320520685534e-01
8.147483040128111753e-01,5.798147989731271545e-01,2.224146092690907142e-02,9.997526281114927915e-01
9.916517852813274692e-01,-1.289447042276491706e-01,6.218163906036189292e-01,7.831630586133947469e-01
-2.851671223301391889e-01,9.584778100414987900e-01,-9.344436825249398115e-01,-3.561109436527183925e-01
6.886209570922634526e-01,-7.251214915125154814e-01,3.974630759299459526e-01,9.176181685604890559e-01
9.996637928890083069e-01,2.592877140864820878e-02,9.702275620387903476e-01,2.421951235270133618e-01
9.912871123071217427e-01,1.317188709859291040e-01,9.745412032911333622e-01,2.242084813022691137e-01
-9.770963770018692429e-01,2.127972510391547001e-01,4.903717630858251408e-01,-8.715133584564836999e-01
7.084832744795130366e-02,9.974870999154965556e-01,-8.394114727430441736e-01,-5.434964392039322023e-01
-3.690515849751767608e-01,-9.294089130341444127e-01,-6.281085016889298434e-01,7.781257675376697103e-01
-9.163406674928511464e-01,-4.003995268463189094e-01,7.871729154546656115e-01,-6.167323578138266260e-01
8.838073833398015777e-01,4.678509475827241637e-01,9.043003774752575996e-01,4.268967407911503642e-01
5.218110736686968343e-01,8.530610783506195061e-01,9.923662993975350677e-01,-1.233252927020312556e-01
-7.626427854688503372e-01,6.468198990231462941e-01,-7.447188447908287268e-01,-6.673783351393821617e-01
3.936617505510461856e-01,9.192553650390548059e-01,4.059850243208222853e-01,9.138797295198211046e-01
2.621899366945802945e-01,-9.650162885133556356e-01,-4.310643330367928128e-01,-9.023211960181057867e-01
-8.641455834897433519e-01,5.032419006155697261e-01,8.397791419375663646e-02,-9.964676160958096940e-01
8.325784740206542134e-01,5.539071082748793229e-01,-9.030611239802986967e-01,4.295120561235034606e-01
-9.951649387315921746e-01,9.821784318211412845e-02,6.452942145316274969e-01,-7.639341442114038205e-01
8.414943262811055424e-01,5.402659519502485130e-01,5.840560661969126377e-01,8.117133185667139150e-01
6.893992114812206307e-01,7.243816171114996205e-01,-1.802020710120271485e-01,9.836296119998504395e-01
6.523698859527890526e-02,9.978697987808927694e-01,8.323678739724591491e-01,5.542235310581536956e-01
6.351346765295785568e-01,-7.724014129127856343e-01,2.433437800278092922e-01,9.699401036774266682e-01
8.898986307949577901e-01,-4.561583353499741866e-01,7.075978154404713449e-02,9.974933850987878214e-01
4.610174710712038326e-01,-8.873910588726436899e-01,8.690458413687860428e-01,-4.947315692369133044e-01
-5.040422932316093174e-01,8.636789719761738260e-01,8.819666102424743581e-01,4.713118908084106828e-01
-1.405680607706377427e-01,9.900710178018454766e-01,-8.977928216430632880e-01,4.404180393741685684e-01
-9.526824461616687501e-01,-3.039673613653595119e-01,-9.793516998994663547e-01,-2.021639134564464924e-01
-1.759313626878975245e-01,-9.844024358070125880e-01,8.041630051813991598e-01,-5.944088332937365049e-01
9.991331804558288843e-01,-4.162796790884907422e-02,9.998952377855080398e-01,-1.447457957463234822e-02
6.773196408311740191e-01,7.356888636810601234e-01,2.128654600601970898e-02,-9.997734158093690704e-01
9.524217639808513214e-01,3.047831745612008536e-01,9.832063894724880626e-01,-1.824971114852890208e-01
-3.425429450056002301e-01,-9.395021718053079285e-01,2.310077204522482941e-01,-9.729519171528755450e-01
4.939613224467078179e-01,-8.694838767491318565e-01,9.733910610580035483e-01,-2.291502612967611374e-01
5.690723148455958391e-01,-8.222874804326495424e-01,-2.652622894927080255e-01,-9.641762897795644882e-01
-4.344943402896988549e-01,-9.006745629006180920e-01,8.770218104412913496e-01,4.804505635445541212e-01
9.585500867640281975e-01,-2.849240796504814988e-01,-8.160495069717872418e-01,5.779820085185203293e-01
-9.976104389317000942e-01,-6.908988445858536831e-02,-6.049463009478945885e-01,-7.962662701442647650e-01
8.569274449001524907e-01,-5.154370516143519376e-01,-5.914315799922570394e-01,8.063551861232508555e-01
9.796186365404682128e-01,-2.008664405583820423e-01,-1.463974451153690626e-01,9.892258529090778296e-01
5.732430497941851666e-01,-8.193853829930464183e-01,-8.840616167221159172e-01,-4.673703647415812235e-01
-3.667136663578755562e-01,9.303338577663207154e-01,9.139756750311763822e-01,-4.057689803956254782e-01
3.315415095982636728e-01,9.434406326914822616e-01,9.759416003916678850e-01,2.180320908145177705e-01
-9.546401877027238525e-01,-2.977618377544514194e-01,1.205393892128642092e-01,-9.927085451673062222e-01
-9.567390204991619296e-01,2.909474981062806220e-01,-1.705221597120283317e-01,-9.853538415448257481e-01
7.192549651133726130e-01,-6.947462091726454014e-01,9.744612011562111542e-01,-2.245559338810579897e-01
8.089000119232372388e-01,5.879462311390274420e-01,9.067207092869276064e-01,-4.217316153079003205e-01
-4.861307180053735938e-02,9.988176856914958712e-01,7.678380350845526170e-02,-9.970477659163451412e-01
1.130286108899830264e-02,-9.999361206253141177e-01,-9.917895305918625892e-01,-1.278809094758591169e-01
8.271277369493493792e-01,5.620139738200891077e-01,2.834075024060936920e-01,9.589995764232328579e-01
-4.301202074177997159e-01,9.027716251471735731e-01,-9.598794295016350731e-01,-2.804130539393906441e-01
-7.589979843729424136e-01,6.510929731749610649e-01,9.630990903872790887e-02,-9.953513959506722353e-01
-7.177160430041397143e-01,-6.963358971175332979e-01,7.927251633490736138e-01,-6.095792117462541793e-01
5.456961296584215138e-01,8.379831347203947622e-01,2.469368302374527757e-01,-9.690315793988756310e-01
6.403458905781991284e-01,-7.680866750696909717e-01,3.371593962457857252e-01,9.414475776819318797e-01
-9.461712845350732648e-01,3.236663410384982842e-01,-8.101739151544786743e-01,-5.861895829876743180e-01
8.671386553929749663e-01,-4.980668151194811988e-01,-4.936754431810113086e-01,8.696462250823792095e-01
-9.796914907961484786e-01,2.005108048500629514e-01,9.983276806451645280e-01,5.780866766883907548e-02
-1.566843001294315474e-01,9.876487382126046821e-01,3.076964589427405028e-01,9.514845711592481159e-01
6.285282351451072502e-01,7.777867687389499185e-01,7.574574946480032711e-01,6.528844796758229707e-01
9.997231558748650437e-01,2.352895253937558467e-02,5.501730316776695107e-01,-8.350506782313287246e-01
-9.796569582241986263e-01,-2.006794563549312571e-01,-5.342091710981385078e-02,9.985720833345714809e-01
7.817772621308816117e-01,6.235577859470144979e-01,-2.162908354382662157e-01,9.763289786262706604e-01
-7.773874899340019740e-01,6.290220111364244193e-01,9.684839735480781364e-01,-2.490758779579536064e-01
-8.467708390083641401e-01,-5.319578425073466788e-01,-7.250285186265361670e-01,6.887188447967794724e-01
-1.606895579537261365e-01,9.870049979430884912e-01,9.981868209299511463e-01,6.019194731654431418e-02
4.527343801236410337e-01,8.916454346061906122e-01,-2.110623069764047677e-01,9.774726096284221954e-01
1.547066641804792364e-01,-9.879604486304846001e-01,7.319741578291166784e-01,6.813323948487665094e-01
9.446333509389327476e-01,-3.281277682456685274e-01,7.985190912568109756e-01,6.019694850226187111e-01
8.073873636671243803e-01,5.900217326426635545e-01,8.838029954120041332e-01,4.678592366308150785e-01
5.590117794109277227e-01,8.291597134930207558e-01,-8.331779777554803035e-01,-5.530049343209230139e-01
9.686029358412224788e-01,-2.486128570282815364e-01,3.719320215188369194e-01,9.282599697115627713e-01
9.719514790980909869e-01,2.351814666997235348e-01,-6.434212057687387354e-01,7.655123460579211780e-01
9.901404741394403963e-01,-1.400779835339019674e-01,6.471408278786662249e-01,-7.623704800767894252e-01
9.995742313391723366e-01,2.917800614680148355e-02,-8.891108646722782893e-01,4.576918945335536337e-01
7.011671034590747364e-01,-7.129969796757986700e-01,8.629451143366722032e-01,-5.052976643944316892e-01
-3.524471200819738748e-01,9.358317303585739211e-01,-9.999160774839336296e-01,1.295523018491164489e-02
9.264760183997835519e-01,-3.763538060523420881e-01,-8.046988469723516113e-01,5.936832199762495099e-01
-4.083353022392403053e-01,9.128320113499461819e-01,2.443698549696604432e-03,-9.999970141642414712e-01
-5.656828668464920495e-01,-8.246228799617034699e-01,8.961533813721980213e-01,4.437444276328162962e-01
8.762080747203802034e-01,4.819329930548483798e-01,8.460795152208119285e-01,5.330567079811640019e-01
4.817456266150686728e-02,9.988389317164066972e-01,-5.777075223740294474e-01,-8.162438475066505772e-01
1.482334237055162596e-01,-9.889524013300846628e-01,-9.966354655897476933e-01,8.196187362857684788e-02
-9.838009600943634636e-01,-1.792642488546134227e-01,2.512161630320045580e-01,-9.679310096445290501e-01
8.993202634102929194e-01,-4.372905942501409404e-01,8.647791921688370298e-01,-5.021523163262454625e-01
-9.014589475100251992e-01,4.328646046445905338e-01,-7.639320517476344552e-01,6.452966916951066167e-01
6.836872198648558108e-01,-7.297751608498772580e-01,-8.220684265941557989e-01,-5.693887090529712314e-01
-9.490079132694151376e-01,3.152522490832226909e-01,-9.999904207690244462e-01,-4.377027551824307951e-03
9.915116627052401599e-01,-1.300177784746766874e-01,9.933322545244610557e-01,-1.152867387055047377e-01
9.683238469778991941e-01,-2.496976719433365299e-01,4.877131893576286403e-01,-8.730039203386259494e-01
-4.769933134210140313e-01,8.789069228033434822e-01,8.501278243071235252e-01,-5.265763784474541964e-01
7.539364001287632844e-01,-6.569474138474717950e-01,-2.726619488091631613e-02,9.996282081937843955e-01
5.755776399721735936e-01,-8.177471371787631282e-01,1.410655953333893042e-01,-9.900002514207946192e-01
2.445468736910278162e-01,9.696374717222641104e-01,-9.706805743104456041e-02,9.952777462731513536e-01
-7.102524088564249327e-01,-7.039470972407271265e-01,2.563347197860755822e-01,9.665880774312262114e-01
8.975230263879002690e-01,4.409675918970740738e-01,9.393089015625251115e-01,-3.430725687743083618e-01
5.182637534308566218e-01,-8.552208380762014173e-01,9.926529905752229377e-01,1.209960342410704714e-01
4.565309554737645437e-01,8.897075287386364550e-01,9.764466214449850634e-01,-2.157591144509869996e-01
9.026356772289498842e-01,4.304054300231759944e-01,5.915308458560392113e-01,8.062823689011429096e-01
-8.098253832270676522e-01,5.866709884433805033e-01,4.225820292873224693e-01,-9.063246816254142413e-01
-8.854587654876425740e-01,-4.647179516880104444e-01,-1.621570113318952233e-01,9.867649688126892693e-01
6.124946952051170124e-01,-7.904746981058854427e-01,-5.913495910520716325e-01,8.064153155555440211e-01
9.869326303830192604e-01,-1.611334325497185416e-01,2.073521070636251129e-01,9.782663766563148844e-01
-9.285979453950737872e-01,3.710873964554004534e-01,-8.590934260721808657e-01,-5.118188012173471302e-01
9.287390908754633578e-01,3.707340031340770614e-01,-5.780626826188939305e-01,8.159923620742095540e-01
-5.556952270092870363e-03,-9.999845600215374608e-01,-5.495844005449357361e-01,-8.354382003940588053e-01
-9.173217464006703237e-01,-3.981467236841516599e-01,9.951709721630858096e-01,9.815669189606278378e-02
-9.468789759445648269e-01,3.215901194287105747e-01,9.193074293701231081e-01,3.935401508167826190e-01
-3.638495041423898124e-01,9.314577490875992627e-01,8.102665782888014423e-01,5.860614917465210016e-01
-9.998864437479336731e-01,-1.506982445519159178e-02,-8.732431218082642443e-01,4.872847732225552009e-01
-5.288036461621520301e-01,8.487441922072949119e-01,3.959722107291733795e-01,-9.182624942412986879e-01
4.404261333999467259e-02,-9.990296533187509320e-01,7.631653420400488219e-01,-6.462032657832171845e-01
-9.622097683030996773e-01,-2.723093126980700163e-01,3.259930508142833139e-02,9.994685014087276720e-01
7.152683861169393253e-01,-6.988498664389004578e-01,-8.927973984680984687e-01,-4.504584390247289294e-01
-9.628059102432013905e-01,-2.701939658851775783e-01,1.151347515383154413e-01,-9.933498824624736878e-01
7.368259662404172405e-02,9.972817430168561259e-01,-2.415593842741016739e-01,9.703860385790372689e-01
5.933216361231994362e-01,-8.049654875260738862e-01,-8.409708859378789425e-01,5.410803720380725768e-01
-9.360665595486558077e-01,-3.518229612955113828e-01,-9.886760817119090161e-01,-1.500653372727581703e-01
2.678644105224374239e-01,9.634566194569774700e-01,6.619015205447639216e-01,7.495908064407736937e-01
-7.137052312598172188e-01,-7.004461741435745736e-01,9.867040317794465443e-01,1.625273935993099828e-01
-6.263050022615476164e-01,7.795781193326060121e-01,5.734321523655598885e-01,8.192530540885406554e-01
5.589906102747177474e-01,-8.291739851350249380e-01,-6.988235881446450692e-01,-7.152940602665756042e-01
-9.572584668991983570e-01,2.892338630758791163e-01,8.949143141778004296e-01,4.462380197603931231e-01
-1.474833504625802094e-01,-9.890645385091569874e-01,3.698977054593426961e-01,9.290724877510437851e-01
8.251821732776531970e-01,5.648666930389587559e-01,-5.243931419901683988e-01,8.514762666297159832e-01
-7.940833858711940918e-01,6.078088320215002671e-01,8.826752197741566386e-01,4.699834639608549969e-01
9.944613743285494190e-01,-1.051026877323922026e-01,3.581766886623667379e-01,9.336538221947479066e-01
3.591125422659883770e-01,-9.332942633420923118e-01,8.485760054018715026e-01,-5.290734949477274851e-01
5.361408054240393017e-01,8.441285664869199179e-01,9.926570075120525471e-01,1.209630746848677080e-01
-1.735632300094754332e-01,9.848227277986012496e-01,-5.702047854114284942e-01,-8.215025883671376317e-01
-4.807391957758385681e-01,8.768636300159791119e-01,-7.476499246592632764e-01,6.640930583562802969e-01
-5.859254849840768165e-01,-8.103649338700277260e-01,-4.671036803127666115e-01,-8.842025513638086531e-01
4.393522303909201676e-02,-9.990343818790748953e-01,-8.487039337852051446e-01,-5.288682565417572867e-01
-2.974400196890769187e-03,-9.999955764619504750e-01,1.657438412025439012e-01,9.861688390450318309e-01
-9.980761038102081706e-01,-6.200073389109590771e-02,5.735108907535603207e-01,-8.191979359025861607e-01
3.729131866133982287e-01,-9.278662378003851297e-01,-9.987180656632294040e-01,5.061842863915636676e-02
-9.228617995792398609e-01,3.851312748626979365e-01,4.401423943586881826e-01,-8.979279885871700451e-01
7.120627666945646972e-01,7.021158140131027459e-01,-8.306397601486563698e-01,5.568101910527344378e-01
-9.191417815857695350e-01,-3.939268781681918297e-01,9.953740896848791708e-01,-9.607508305485931710e-02
9.554253267366106250e-01,-2.952328657691090097e-01,1.283831212899274044e-01,-9.917246463448691207e-01
2.668635466742598217e-01,-9.637343241041252950e-01,9.772017449663321642e-01,-2.123128579119869241e-01
-8.802105040503503952e-01,-4.745834684851845675e-01,-9.959513018583658894e-01,-8.989440653692590266e-02
-6.039032564410378168e-01,-7.970576245541536320e-01,-9.863684608084993810e-01,1.645516925536529007e-01
9.063249705833174019e-01,-4.225814095498627299e-01,3.426058863362632656e-02,-9.994129337098242027e-01
-9.003446424961094596e-01,4.351775783844486489e-01,7.302201679467700268e-01,-6.832119044072570979e-01
-4.894112184844959246e-01,8.720531286690742512e-01,9.747319098813896909e-01,-2.233779395083104469e-01
9.897935578998695583e-01,-1.425086409307082524e-01,-4.514801127676152381e-01,8.922811820134622929e-01
6.539426954463801733e-01,-7.565440840244029852e-01,3.012658118563134035e-01,-9.535401987365589305e-01
-4.430037597925708948e-01,8.965197537197081568e-01,2.447588819019157202e-01,9.695839776574920466e-01
-9.742167790096329938e-01,2.256139789465537449e-01,-9.592806322133669017e-01,-2.824547196637421376e-01
-8.609918112214915986e-01,5.086188170030040423e-01,4.266424036973949785e-01,9.044203996855162409e-01
5.923725886776979310e-01,8.056641460207119021e-01,-5.744775117320805036e-01,8.185203653630844789e-01
9.650849038328198626e-01,-2.619372604155370543e-01,9.084280250372077647e-01,-4.180412938060045214e-01
-8.246445949505828432e-01,5.656512105695427062e-01,6.074777169884414407e-01,7.943367191327057597e-01
7.085673442249456055e-01,-7.056431950341528481e-01,-6.734729470158208331e-01,-7.392118706012676954e-01
3.718824217119536257e-01,9.282798416542571429e-01,-8.342368934819530679e-01,-5.514062073948574616e-01
-9.551053449469196766e-01,-2.962664004807591955e-01,7.257850386557921363e-01,6.879215635982131039e-01
9.886881640346721900e-01,1.499857136454975093e-01,-4.594629140384764998e-01,8.881969548603910747e-01
8.923109637800803740e-02,-9.960109494574739264e-01,-9.227175425705873568e-01,-3.854767653601138266e-01
-8.735259260473060561e-01,-4.867776253313174095e-01,3.845482955507199541e-01,9.231048739926770441e-01
-7.044824850174700170e-01,-7.097213737119729693e-01,3.127413737386834369e-01,-9.498383194797107576e-01
9.476597020205458355e-01,3.192821466451425394e-01,9.847359723456594605e-01,-1.740547751957655931e-01
2.423655825436068501e-01,9.701849949356555758e-01,2.196183187246908142e-01,9.755858722227070956e-01
8.929073348947318411e-01,4.502404816219740535e-01,3.860943018787128533e-01,9.224593162068391861e-01
-2.420769089151423858e-01,9.702570639629942706e-01,-9.601797896945468702e-01,2.793828403143895911e-01
-6.961879501779180135e-01,-7.178595531349211134e-01,-1.404071646327366939e-02,-9.999014242820128961e-01
-9.147697218603518809e-01,-4.039756873470660703e-01,-1.972504669134212962e-01,9.803531268387107867e-01
-7.618330626482011647e-01,-6.477734053324990526e-01,9.922089898049240020e-01,1.245845919457629625e-01
-9.524997266107378957e-01,-3.045394404776981534e-01,-9.666473836349377402e-01,-2.561109831923056857e-01
-1.441898227837093149e-01,9.895500467412461365e-01,9.630507982060036998e-01,-2.693198100303413889e-01
3.450356225725264431e-02,9.994045748302134990e-01,-7.756022650229116300e-01,6.312219312502768132e-01
6.515492916937464241e-01,7.586063013799565491e-01,-8.767136552877983213e-01,4.810126470602488213e-01
5.830523309689834566e-01,-8.124346000458344541e-01,9.809708078623525784e-01,-1.941552835281165068e-01
-7.439318048715061193e-01,-6.682555422146705393e-01,-3.410565818178221131e-01,-9.400427692391145618e-01
3.884169867819680100e-01,9.214837189984511623e-01,-1.924895587160924959e-01,-9.812990215960086804e-01
4.415782521955762818e-01,8.972227411227938765e-01,-9.233930724335961404e-01,-3.838557460578692626e-01
6.983255500626101009e-01,-7.157802918003212111e-01,9.873012543266649343e-01,-1.588591615393774026e-01
-4.565745215598971535e-02,-9.989571547682229991e-01,-3.747371106682387820e-01,-9.271311114874853931e-01
-5.390108905301550513e-01,-8.422987948999388630e-01,7.902811223573462662e-01,-6.127444390980737454e-01
-8.336071136948584037e-01,5.523578369112974729e-01,-3.127263215062104917e-01,-9.498432754076823192e-01
-7.517370668039514980e-02,9.971704537459631368e-01,-9.338376930186938207e-02,-9.956301881878508730e-01
9.916762749624565831e-01,-1.287562257779648056e-01,-2.511898403089966592e-01,9.679378410443207903e-01
2.924759697162357397e-01,-9.562728727400707784e-01,-3.297290586490708719e-01,9.440756049609573264e-01
-3.196295037668556160e-01,9.475426007952115759e-01,2.057682241164733583e-01,-9.786007551315054620e-01
5.753382952402809059e-01,-8.179155494487235778e-01,-2.892701179681075319e-01,9.572475118017894635e-01
5.609163332853617234e-02,-9.984256250069591943e-01,-9.232288252855644917e-01,-3.842506163454219026e-01
-2.915203308881370026e-01,9.565646327765161550e-01,4.069539361837951584e-03,9.999917193904069856e-01
-8.953935706017271956e-01,4.452755930040291354e-01,4.085537679239156228e-01,-9.127342541589918978e-01
3.916428282440816422e-01,9.201173268040205855e-01,7.685014849282856275e-01,6.398480035625804252e-01
7.662813315529044544e-01,6.425051913514066015e-01,4.787039684277807350e-01,-8.779763724676731274e-01
-1.703069831238571141e-01,-9.853910551142882612e-01,-7.988168909439840037e-01,-6.015742470739477987e-01
-1.098083628174266330e-01,9.939527772763434577e-01,3.861083858604077435e-01,9.224534212459025717e-01
4.261167678427793537e-01,-9.046681712999650182e-01,-9.653236211180946658e-01,-2.610561367052098847e-01
9.996193848006172944e-01,-2.758777864989004833e-02,-2.027801388934064586e-01,9.792242926267560321e-01
8.863399279677518505e-01,4.630351305140036344e-01,-4.453891710385814440e-01,8.953370797200154163e-01
-9.856818322485679795e-01,1.686159113936340492e-01,-5.955253892481229272e-01,8.033364866361241141e-01
3.213158625848937522e-01,-9.469720779681550793e-01,9.218974459036601843e-01,3.874339933928203084e-01
2.422999098487836900e-01,-9.702013985185092837e-01,9.961124306275882523e-01,-8.809100719822768322e-02
6.277270001843626712e-02,-9.980278493771581605e-01,9.804348182493706210e-01,1.968440173445046293e-01
-5.826646174650067511e-01,8.127127066524537646e-01,-5.225153158929475294e-01,-8.526298989932813432e-01
-9.582585876717830686e-01,2.859029191059085373e-01,-6.901496129127906443e-01,7.236667132018200776e-01
-8.271923094824632505e-01,-5.619189293243899153e-01,-6.078789570640882323e-01,-7.940297057155206728e-01
9.866251590262274940e-01,-1.630055078102310429e-01,-6.190853294969276277e-01,7.853237261166127192e-01
-4.681922826730517406e-01,8.836266103085608226e-01,-4.609707711324191881e-01,-8.874153188679936299e-01
8.856514801222916677e-01,-4.643505741971188927e-01,-1.300973284855134471e-01,-9.915012279976925802e-01
-1.213234804652612020e-01,9.926130228280281020e-01,-3.648938379274776489e-01,-9.310491324535755675e-01
9.976447089957557468e-01,-6.859325486353536061e-02,7.544082032197728660e-01,6.564055628304149570e-01
-4.803011546185759761e-01,-8.771036431756870089e-01,-5.522052683377175475e-01,-8.337081873293973322e-01
-9.738338930762597823e-01,2.272609704633328787e-01,-1.873044705775588348e-01,9.823019063921542005e-01
-7.567606009499923125e-01,-6.536921239006987516e-01,9.836705884629179941e-01,1.799782581119634128e-01
-1.410951163143645826e-01,9.899960445134293741e-01,-8.601999606663693898e-01,5.099568880499375512e-01
-1.513054816407862768e-01,9.884870516225540138e-01,-9.140807512072692820e-01,4.055322185380025868e-01
7.560861311196033219e-01,6.544721249439047206e-01,-9.788055553357608574e-01,2.047918085369939689e-01
7.540438424067894552e-01,6.568240888764699248e-01,-2.800518693976322138e-01,-9.599848699051936052e-01
-5.758877689372497999e-01,8.175287625450720075e-01,-3.613604800834539499e-01,9.324261919497197626e-01
8.068554643039470287e-02,-9.967396062147970692e-01,-3.987648299753032699e-01,9.170532211244707410e-01
-7.785760009347795219e-01,-6.275503252874674587e-01,9.284935252120650739e-01,3.713485877706717009e-01
7.993655374243987533e-01,6.008450196000647558e-01,-3.866202175629934734e-01,-9.222390185692338482e-01
5.990955553040844261e-01,-8.006775353504621551e-01,-9.105582154467600775e-01,-4.133808610499664082e-01
-8.039363172773542621e-01,-5.947153922360890466e-01,-5.848591548284917119e-01,8.111348648734698630e-01
9.699060533801023842e-01,-2.434794603588441020e-01,-2.778506669393320250e-01,-9.606242797688222534e-01
-4.807321641684543789e-01,-8.768674850477203853e-01,-9.725781826350080594e-01,-2.325761781919743199e-01
4.530112761107702446e-01,8.915047861433450516e-01,-9.813872358287523134e-01,1.920393015827772942e-01
-9.864636526070916789e-01,1.639800661210840116e-01,-9.974696073284251563e-01,-7.109418018429787545e-02
-5.953959676335368600e-01,-8.034324126681250400e-01,-6.549343855040496987e-01,-7.556857486312897887e-01
9.842718805952194172e-01,1.766603098309018349e-01,-5.358129774597598649e-01,-8.443366942077709103e-01
9.956148671579959641e-01,9.354697372959752677e-02,-2.423421094756942618e-01,9.701908585298413268e-01
6.872766870891736657e-01,7.263957291888010204e-01,6.338182215847973922e-01,7.734820372750000894e-01
-1.045776319452566307e-02,9.999453160993191370e-01,5.535615471567132406e-01,8.328082693570386663e-01
-9.036172158272456345e-01,4.283409007561815307e-01,-6.403682046553098584e-01,-7.680680715057326413e-01
-9.968879191745925183e-01,7.883195166777905161e-02,6.975951913371871704e-01,-7.164921137201952783e-01
6.469236893514398457e-01,7.625547456779229183e-01,-8.426278202750567825e-01,5.384963848518452556e-01
-4.629716810243253433e-01,-8.863730718887562476e-01,4.843934764997400166e-01,8.748502499996760884e-01
-8.230402006161976480e-01,-5.679831231380463308e-01,4.147282221823493653e-02,-9.991396323924172096e-01
-2.757560620525448813e-01,9.612276495405617238e-01,4.954012211220378825e-01,-8.686642792879155639e-01
9.963190737724341162e-01,8.572224470485412251e-02,7.314689076820933833e-01,-6.818747957611903665e-01
8.833303640649634580e-01,4.687509657812548580e-01,-7.830500056056098890e-01,-6.219587516234933444e-01
-7.772570955464535025e-01,6.291831270963099687e-01,6.409444569640123657e-01,-7.675872608942303499e-01
5.674016592911610424e-01,8.234411679249691307e-01,9.953132161442101999e-01,9.670368022298216071e-02
-7.151446891097257286e-01,6.989764471269068746e-01,7.814672384125641580e-01,6.239462759627952826e-01
-6.928264115379060284e-01,-7.211044053918322927e-01,8.355448640929890036e-01,5.494222238750708920e-01
-9.562768184172819597e-01,-2.924630687073512259e-01,-2.328057365330220840e-01,-9.725232588670139622e-01
1.179998467281035412e-01,9.930136132864161302e-01,9.059427609311617724e-01,4.234001817623887498e-01
-5.559488898406743651e-01,8.312164771495579307e-01,-9.997391026767346034e-01,2.284133488037707119e-02
-7.541226586063205506e-01,-6.567335957422422155e-01,-9.853319985137282133e-01,1.706483305073396850e-01
6.415541993365291296e-01,-7.670777074805817941e-01,-3.722308978391911660e-01,9.281401611253710104e-01
2.018925927349278851e-02,-9.997961761329094976e-01,6.864006632795306428e-01,-7.272235759719430925e-01
-9.442384765392952684e-01,-3.292623565225011872e-01,4.793666841075749918e-01,8.776147116860042452e-01
-6.484584925308393144e-01,7.612500137698727798e-01,-6.002332166371899813e-01,7.998250343952558739e-01
-6.615535065041173723e-01,7.498979650806546493e-01,1.512908396228242192e-01,-9.884892927322080913e-01
7.264575194934818070e-01,-6.872113738664236138e-01,9.817865807005806689e-01,1.899871310280309145e-01
9.697541785417922444e-01,2.440836602493778595e-01,-4.654269329039044112e-01,-8.850863065982121913e-01
9.971506800698882733e-01,-7.543554358629224466e-02,4.051923523720984410e-01,-9.142314573340633022e-01
-5.124153912820593737e-01,-8.587377171041540302e-01,9.108020264196938776e-01,-4.128433948481909366e-01
-4.193004259320276539e-01,-9.078475383087295514e-01,7.128440727031893909e-01,-7.013225563262099893e-01
9.716349465188022227e-01,2.364857938722838282e-01,-4.222746958226616942e-01,9.064679151894338149e-01
-7.881124047544683098e-01,-6.155313456454748477e-01,-8.563473918457058520e-01,-5.164001786202800925e-01
-9.954297635980819958e-01,9.549652215168111247e-02,8.843720346503656238e-01,4.667827163985107664e-01
7.871459845676312961e-01,6.167667297925969461e-01,-4.942854135660253861e-02,9.987776625953138643e-01
-1.745405809901604266e-01,9.846499812560893794e-01,8.298169959463060907e-01,5.580356200446779935e-01
7.717711518344954058e-01,-6.359003767855907485e-01,-3.982276095340316346e-01,9.172866351390991380e-01
-9.510790056584703667e-01,-3.089477706598564577e-01,7.079380592736327360e-01,-7.062745246941040111e-01
-8.556350836657391490e-01,5.175795625798255140e-01,-5.732913540750793624e-01,8.193515871362927472e-01
8.975234690009931127e-01,4.409666910237363124e-01,-9.253201661251179155e-01,-3.791867484000254196e-01
-2.235265672020282091e-01,-9.746978371551242581e-01,-9.136668457859068448e-01,4.064638912764968470e-01
-2.919327691219707477e-01,-9.564388419092869631e-01,-9.668677292222086495e-01,2.552778764184039373e-01
-7.540714540433861579e-01,-6.567923889608445753e-01,9.817798549168623712e-01,-1.900218842118578388e-01
-9.979217491310525823e-01,-6.443743175531259360e-02,-2.859494240189305314e-01,9.582447113880889766e-01
-9.146945395006365054e-01,4.041458887675569156e-01,-6.967043878698642168e-01,-7.173583455448733215e-01
-8.331375905315937525e-01,-5.530657784054356929e-01,-8.764963096365743223e-01,4.814085782300378535e-01
1.041402920404347066e-01,9.945626172211244898e-01,9.271012871541395306e-01,3.748108901261243964e-01
9.326595704954961930e-01,-3.607577103308486355e-01,-9.977539044145615765e-01,6.698616443339645843e-02
-8.483621253779529692e-01,-5.294163807667858768e-01,3.875734832194728807e-01,-9.218388118891094329e-01
-3.750803649507263859e-01,9.269922976100879453e-01,8.135976043886813391e-01,5.814283602757942537e-01
-9.504329875018278084e-01,3.109294715339000481e-01,9.059159862344667857e-01,4.234574664412393274e-01
3.427830579887215512e-01,-9.394145917303503568e-01,5.691740908612337169e-01,8.222170360022273972e-01
5.272260062382433388e-01,8.497250957492498147e-01,9.035517029682549328e-02,-9.959096059385267319e-01
-2.659064993144739097e-01,9.639988244921887661e-01,-1.626657812625489363e-01,-9.866812269452807094e-01
-4.285742400529089502e-01,-9.035065692971311346e-01,-9.177102802570860085e-01,-3.972503511772654816e-01
-3.999669812564837224e-01,9.165295488442124494e-01,-9.801381560726807329e-01,1.983158970189864978e-01
2.638832428602798652e-01,-9.645546299394049949e-01,7.637655357480063190e-01,-6.454937694537111748e-01
6.824672475412226769e-01,7.309161757913882340e-01,1.047231550881475709e-01,-9.945014131656042533e-01
7.962517932043812474e-02,-9.968248746987546927e-01,3.794434101755886357e-01,-9.252149471740714892e-01
9.091880248498163120e-01,4.163858012344919257e-01,3.871041137922233144e-01,-9.220360107312173259e-01
9.968715094043261171e-01,7.903919115186219813e-02,-6.241772370811263793e-01,-7.812827764067062919e-01
8.024058979844055361e-01,-5.967786649000111909e-01,-9.654056027761199754e-01,2.607527988890557813e-01
-8.722219652947823532e-01,-4.891102567492400799e-01,6.597917307622340743e-01,-7.514485158796812003e-01
-5.970328151254670201e-01,8.022168146226803520e-01,8.938623206074602923e-01,-4.483415570725581278e-01
1.091432610916625717e-01,9.940260301210814831e-01,9.888340853862485069e-01,1.490206414505772514e-01
-7.422228958022785150e-01,-6.701530966479823936e-01,9.479922191482530458e-01,3.182935004588853811e-01
-9.984007746052510068e-01,-5.653223211261747261e-02,9.665893070799582709e-01,-2.563300829763963673e-01
9.986067872805625134e-01,-5.276821389049771160e-02,-1.698280381241176751e-01,9.854737122150510897e-01
9.944445550718061799e-01,-1.052617066555419922e-01,6.998254096904213961e-01,-7.143139337515640452e-01
-6.611960750872095671e-01,-7.502131365747131131e-01,-7.656655965457109803e-01,6.432388314353389980e-01
-9.362643700937908209e-01,3.512962130352064727e-01,7.328277279143311507e-01,6.804142276583573512e-01
-9.984512189212486621e-01,5.563419303515349662e-02,8.749617402610966321e-01,4.841920621811898751e-01
-4.116342325678783443e-01,-9.113491419748273037e-01,5.542221678027937637e-01,8.323687816803150286e-01
8.031624489432134251e-01,5.957600864505275817e-01,6.710763897363451356e-04,9.999997748282142274e-01
-4.726545349792828921e-01,8.812478031538676371e-01,-9.973989440688603159e-01,7.207875117066303572e-02
8.902286518320364772e-01,4.555139377201479212e-01,-3.000524895896571898e-01,-9.539226926177239996e-01
8.956351257195844795e-01,4.447895250309567006e-01,9.963504935847291577e-01,-8.535627647377012905e-02
3.337718638314376429e-01,9.426538828830485217e-01,-9.332198570218906974e-01,3.593058564232454732e-01
-9.957104535614224039e-01,9.252401130791128303e-02,-9.934794975417520213e-01,-1.140109116014252633e-01
2.167591901958386413e-01,-9.762251038903088096e-01,-9.906203203208504560e-01,-1.366432616978080217e-01
-9.958503520768617889e-01,9.100591337045341178e-02,-9.694608981746628551e-01,-2.452459314858781991e-01
-5.116167354278720047e-01,8.592137778400243953e-01,-9.937938907059207239e-01,-1.112371466533931125e-01
8.690887935146087706e-01,4.946561118467269758e-01,9.984805383861791173e-01,5.510548488168656722e-02
-9.504810860214952806e-01,-3.107824079889318636e-01,9.999412762053077053e-01,1.083716479991967373e-02
-1.332370805444023087e-01,9.910841943891570693e-01,8.175483859458636537e-01,5.758599106009317792e-01
-7.503845057705527122e-01,-6.610015835831888342e-01,8.032296011401368618e-01,5.956695458492541340e-01
9.897453051720287442e-01,-1.428433788802533078e-01,-2.796130682348718643e-01,-9.601127704974457000e-01
7.652231023118551967e-01,6.437651774430021012e-01,2.794977020628915398e-01,9.601463610000108284e-01
2.357333717416818519e-01,9.718177696704758395e-01,7.890527530843249870e-01,-6.143254453870905518e-01
-9.857447083906045737e-01,1.682479416810856998e-01,9.010639923807487461e-01,-4.336861556873425338e-01
9.806179877668478317e-01,-1.959294823861335855e-01,9.885508448751966215e-01,-1.508881277521031683e-01
1.366063822107445314e-01,-9.906254066695907579e-01,9.276360707412426576e-01,-3.734853682003463349e-01
8.024271743472247698e-01,-5.967500564466907687e-01,-1.370952558999209425e-01,9.905578684810570911e-01
-5.020745372225674519e-01,8.648243515724709507e-01,-9.981137875855125019e-01,-6.139109896151338092e-02
9.987490733791800634e-01,-5.000288415910867507e-02,4.514415616734673287e-01,8.923006872090937236e-01
7.984273451826318091e-01,6.020911679011863304e-01,3.458792200588537979e-01,-9.382790443847069950e-01
9.451187097048661112e-01,3.267271408466230764e-01,7.641948325668077580e-01,-6.449854710597663354e-01
6.158945096264495378e-01,-7.878286317543906625e-01,5.943173406180616292e-01,-8.042306252815014656e-01
8.973766456592210394e-01,-4.412654029327530703e-01,-9.136313447452829584e-01,4.065436826454518204e-01
8.423514966387787295e-01,5.389285259757639057e-01,5.447264961291550106e-02,-9.985152630000948548e-01
7.566086169716144116e-01,6.538680300521664268e-01,8.178635872581938582e-01,5.754121589236351753e-01
9.783550501451621084e-01,2.069333125803030360e-01,9.681995458898542406e-01,2.501792144417279706e-01
7.920476076519609165e-01,6.104593247815985890e-01,2.033358940177362045e-02,-9.997932511984866100e-01
2.522190985920023110e-01,9.676701536708868234e-01,-8.920177257324328757e-01,4.520004170121286191e-01
9.823773442898969810e-01,-1.869084091899806677e-01,9.996090106186766855e-01,-2.796114965358901389e-02
-4.934913899325450437e-01,-8.697506815533085911e-01,8.190367262985104313e-01,5.737410922831124305e-01
1.784431220320311928e-01,-9.839502285174090979e-01,6.160185235125407166e-01,-7.877316666793517941e-01
1.635013401519784249e-01,-9.865431119664801463e-01,-9.921013599391167448e-01,1.254387962591925199e-01
-9.758155731807847122e-01,-2.185954417133547101e-01,4.659862690880708924e-01,-8.847919512639002004e-01
2.939741310135131069e-01,-9.558133762899794217e-01,4.093788576297384130e-01,-9.123644835951092436e-01
-8.242179991016532759e-01,-5.662726286488400929e-01,8.638981055487082727e-01,-5.036666191334828735e-01
-3.945288861178062878e-01,9.188835388767409018e-01,-2.961415788846806785e-01,9.551440547140983561e-01
-9.271862137851339947e-01,-3.746007540926578061e-01,9.506661830784097766e-01,-3.102157448472391832e-01
-9.779180666769266006e-01,-2.089886476985343133e-01,5.792796681744012410e-01,8.151288646832202112e-01
4.453088306600141433e-01,-8.953770408806620562e-01,8.702803992850235426e-01,4.925566227554959431e-01
9.934164217028852439e-01,-1.145592121613760866e-01,-9.091022775670748457e-01,4.165729815078710874e-01
-8.478197890881417065e-01,5.302844569007646447e-01,4.724933704979573657e-01,-8.813342242506414514e-01
8.403688417539741107e-02,-9.964626446074588140e-01,-9.860878844694024314e-01,1.662247999025973644e-01
8.098913619736548553e-01,5.865799023154972813e-01,4.778212970225256817e-01,-8.784570610517689060e-01
1.677890232181552532e-01,-9.858229271464005183e-01,-1.272853297196990252e-01,-9.918661426009799387e-01
-6.910096963424591232e-01,7.228454880267998206e-01,2.521669962113138319e-01,9.676837324362558279e-01
9.695289583081361240e-01,2.449767315520809952e-01,9.488616041211470620e-01,-3.156923442604263053e-01
-6.530059682955116074e-01,7.573527615123888390e-01,9.279584547220144364e-01,3.726836544710956933e-01
-7.679327148367119937e-01,-6.405305187760511609e-01,8.026165371531480686e-01,-5.964953430566656278e-01
7.321856561807201791e-01,6.811051056064755249e-01,-3.354456775300572735e-01,9.420595508917686267e-01
8.882360291741834279e-01,-4.593873708286713153e-01,-9.999995671463516311e-01,-9.304338285470920879e-04
8.832582011234386687e-01,4.688869268258470391e-01,-8.833297398304715831e-01,4.687521421082055939e-01
9.048450288944464015e-01,-4.257410876166504154e-01,4.716208278382357233e-01,8.818014485977992978e-01
-2.660691836988847148e-01,-9.639539353546978662e-01,-6.284094502433940077e-01,7.778827436347944824e-01
-4.801681257958100857e-01,8.771764765255274376e-01,3.509201011532260828e-01,9.364054050498692439e-01
-7.735098508593781785e-01,6.337842776714348592e-01,2.857028993925533333e-01,9.583182421715077393e-01
-5.771437574425184597e-02,-9.983331361987597408e-01,3.852544708493582104e-01,9.228103774289607708e-01
-8.035494957821031070e-01,-5.952379421948232885e-01,-9.976200420394870649e-01,6.895108208818828688e-02
-4.726822461760609717e-01,-8.812329397781006879e-01,2.966297871178517620e-01,-9.549925493920975450e-01
-7.671568889231095145e-01,6.414595137479962572e-01,-9.075635036374871678e-01,-4.199148566855533393e-01
-9.970699379037383236e-01,7.649535233356018205e-02,7.831985510329907418e-01,-6.217716861194499955e-01
9.979741016986599655e-01,-6.362147702429309104e-02,-6.540015319603728061e-01,-7.564932228338107079e-01
2.247430087782233965e-01,9.744180724952259398e-01,-3.719763942007563440e-01,-9.282421893866942275e-01
-8.697381677329621974e-01,4.935134441821312778e-01,-4.948733205405361213e-01,-8.689651296900144928e-01
-2.597688594114072602e-01,9.656708236661686318e-01,-9.500009912295859227e-01,3.122468841522748062e-01
9.480582145145903528e-02,-9.954957841291514065e-01,-3.719839378978444522e-01,-9.282391663499297563e-01
8.793021895312262692e-02,-9.961266368262902127e-01,9.056073778318911582e-01,4.241170560310518756e-01
-2.635425012352256013e-01,9.646477854858119816e-01,6.367046466105694691e-01,-7.711077700195413387e-01
8.720648822543709544e-01,4.893902748713649942e-01,1.738608190669307940e-01,-9.847702349245615050e-01
9.974210743207100327e-01,7.177186427090162524e-02,2.996656956694842416e-02,9.995509015094675709e-01
-8.978907954199173425e-01,4.402182634786842019e-01,1.130589958615051127e-01,-9.935882766291016521e-01
-8.454626037138203154e-01,5.340346297024638478e-01,9.968466349346699618e-01,7.935229309493793681e-02
9.973404346862573266e-01,-7.288386199857417591e-02,2.043462854915939209e-01,9.788986646256025992e-01
-9.820534647424354890e-01,1.886027369562225942e-01,9.174118254884788826e-01,3.979391190294023217e-01
-4.031687523517898247e-02,9.991869442558138914e-01,1.887816287029104034e-01,-9.820190918023317117e-01
7.754141811942231177e-01,-6.314529654716117824e-01,3.690000133872455013e-02,-9.993189630449339500e-01
-9.984255891530182669e-01,5.609227152155982915e-02,3.892681394933543149e-01,-9.211244842991540560e-01
-8.120506424580486993e-01,-5.835869721673628829e-01,9.996035528377265056e-01,2.815558832975233877e-02
8.247116134677155985e-01,5.655534940317116233e-01,-9.999700041509191895e-01,-7.745372709601831655e-03
-7.413894074415700031e-01,6.710750677334375025e-01,-2.799792936632908291e-01,-9.600060391059030973e-01
9.392172875266677767e-01,-3.433232977982250134e-01,5.599970488906437227e-01,8.284946018132948176e-01
-8.459890681094117681e-01,-5.332002406595190980e-01,-5.888485185390366361e-01,-8.082434176746394749e-01
-5.594919192192876478e-01,8.288358054092005434e-01,8.635748168841053118e-01,5.042207211565030711e-01
-7.041363714289662346e-01,-7.100647649551756757e-01,4.182268526544945519e-01,9.083426114185746414e-01
8.457091223284483039e-01,-5.336441514815332132e-01,-9.884591537673936834e-01,1.514876276579971981e-01
-1.501672001025792513e-01,9.886606151826581312e-01,-5.695169063898426476e-01,-8.219796185649271836e-01
-9.994832560762721974e-01,-3.214375247498136440e-02,6.085829900744255117e-01,7.934902294244534637e-01
9.665044690060266008e-01,-2.566497835404862871e-01,3.958596801535319010e-01,9.183110113838031108e-01
4.685064166504613881e-01,8.834600939246459728e-01,2.823298681316144254e-01,9.593173852072031105e-01
-1.894551104814262976e-01,-9.818893833383017800e-01,7.093531385119726529e-02,9.974809177366914525e-01
-7.522635637860447533e-01,-6.588623001810920421e-01,1.467842446989768013e-01,9.891685324089878328e-01
-4.276253464221828060e-01,-9.039560625922634651e-01,-7.907288836233372642e-01,6.121665072541870867e-01
-5.939675642302593150e-01,8.044889885153013731e-01,-5.683568857352633286e-01,-8.227821403247113086e-01
-3.906760935179001692e-01,9.205282124702061086e-01,-9.251530300164590992e-01,3.795943506578631776e-01
-4.017003484800649726e-01,-9.157711668484623813e-01,1.624754095059893766e-01,-9.867125930613539486e-01
2.148106255368628092e-01,9.766557198708568643e-01,-1.918940224337440659e-01,-9.814156531022917296e-01
-8.752595497483388609e-01,4.836535129349679440e-01,7.002904431506162819e-01,7.138580357689569000e-01
3.787637488500143479e-01,9.254933941185551349e-01,9.532804230609386309e-01,3.020868004543693086e-01
9.986388880310128613e-01,5.215717891318576854e-02,7.200542916670120697e-01,-6.939177307519368565e-01
9.823547198603185260e-01,-1.870272824166441250e-01,8.768175389634287331e-01,4.808232558499185294e-01
-9.093310619089540747e-01,4.160733346989854975e-01,5.961953788788317832e-01,8.028393800776879585e-01
9.815133186015486677e-01,-1.913938489287854705e-01,9.903456935349040924e-01,1.386196497502061864e-01
6.358564249383156231e-01,7.718073638315873231e-01,-6.921294239237967272e-01,-7.217734135716785682e-01
-8.530772226879402842e-01,-5.217846798546602605e-01,-8.690341716062321975e-01,-4.947520677881697138e-01
3.031907506437703792e-01,9.529298865730191359e-01,9.966163601658014626e-01,-8.219386017136250111e-02
2.491409811203907088e-01,-9.684672279051930177e-01,7.580849697743927695e-01,-6.521557931983416045e-01
2.101829868551023661e-01,-9.776620643334116290e-01,-8.471547881472735186e-01,5.313461818053726304e-01
7.599685606759365442e-01,6.499598347468443782e-01,-6.917765436154417191e-01,7.221116352084855361e-01
8.512070916441520918e-01,-5.248299602106420991e-01,-2.901465897762724455e-01,9.569822132313637875e-01
3.409264262339085638e-01,9.400899807440643574e-01,5.754836392562304725e-01,8.178132922302038255e-01
-7.584547072103187126e-01,-6.517257529900974955e-01,6.466551095957135953e-01,7.627825176508410410e-01
9.959287335467897906e-01,-9.014409407103435301e-02,6.740170523336403985e-01,7.387157864588185241e-01
7.391934191818905209e-01,-6.734931989546634190e-01,7.537777596764723143e-01,6.571294309472970330e-01
9.629887723254240139e-01,-2.695415077036794615e-01,5.957929130777413901e-02,9.982235761828426313e-01
-5.495414125042824560e-01,8.354664780485199227e-01,-3.485836114378444428e-01,9.372776887544853608e-01
7.879330457849810232e-01,6.157609238657507644e-01,9.710026986786860492e-01,-2.390685239815329988e-01
3.777620178877215684e-01,9.259027259066671123e-01,-8.808876786423746053e-01,-4.733253612643723574e-01
-9.999951654544350088e-01,-3.109512462939100722e-03,9.969643674781935028e-01,-7.785916759640838791e-02
2.682924713045780063e-01,-9.633375056755977273e-01,-6.957636461899586733e-01,7.182708045301953170e-01
5.870039738381884753e-01,8.095840504222988621e-01,-9.647670653023394660e-01,2.631055105996668031e-01
-5.372502718134317679e-01,-8.434228746224480266e-01,-4.516300942962760967e-01,8.922052779074649553e-01
-4.460093916713706585e-01,8.950282803023231759e-01,4.092932511999450851e-01,9.124028904613239455e-01
-5.421885279440872285e-01,8.402568655868417613e-01,6.219777591055583033e-01,7.830349080200882383e-01
-5.256144530053429298e-01,-8.507228965955331290e-01,9.410492133584034136e-01,-3.382696824096569910e-01
-9.785801535009036600e-01,2.058661778295497180e-01,9.965681691616422588e-01,-8.277610895549691872e-02
3.799726006445175441e-01,-9.249977420293749031e-01,9.604521787567309454e-01,2.784449897582079725e-01
5.573008242631030118e-01,8.303106594977966992e-01,5.860257139740854271e-01,8.102924549575686308e-01
2.483750548295410032e-01,-9.686639417973720301e-01,-8.867582371029798516e-01,4.622335220751686014e-01
9.196523501045547055e-01,3.927334400673941350e-01,3.894446531707669856e-01,9.210498695058270124e-01
3.443251048767924094e-01,9.388504791241180092e-01,-6.560187436921626203e-01,7.547445978107804043e-01
-5.560940419725645123e-01,-8.311193755909048742e-01,6.886749887107571633e-01,7.250701758617841275e-01
6.125378943965243961e-01,-7.904412235759672445e-01,-9.629003634432532488e-01,2.698571660728149024e-01
-1.683580220394498977e-02,9.998582678380719679e-01,-1.358895574553886376e-01,9.907239919243798765e-01
-4.662164662203822085e-01,8.846706769329359954e-01,-5.974267000981684506e-01,8.019235237912734071e-01
-9.729234382007823090e-01,-2.311276344351070600e-01,8.295003445663512442e-01,5.585062026193662321e-01
2.391061336570589335e-01,9.709934381073708209e-01,-8.997566490565589437e-01,4.363919940586815094e-01
3.748696100225931138e-01,-9.270775455599757908e-01,9.944720504967904384e-01,-1.050016227527421492e-01
1.479680811873014257e-01,-9.889921369504148796e-01,-4.753155413036395105e-01,8.798153989304962064e-01
6.114577653631310117e-01,7.912770697910601614e-01,7.134282836180514398e-01,-7.007282527012888007e-01
-9.742863843313336325e-01,2.253132071286032545e-01,5.526890739301543176e-01,-8.333875374387527124e-01
1.553655229815359973e-01,-9.878570515356327464e-01,9.549735104204433167e-01,-2.966910756919650671e-01
-5.215850128140191444e-01,8.531993169288167866e-01,2.493562966243733359e-01,-9.684118118516407137e-01
-6.701875781212105476e-01,-7.421917610240809093e-01,-5.379639336484242085e-01,-8.429678559076341227e-01
9.506418647558032564e-01,3.102902592309483842e-01,6.207428266150003537e-01,-7.840142493641424348e-01
-7.757386170192135388e-01,-6.310543542874242906e-01,8.891602637960265287e-01,4.575959192193267411e-01
5.742185796454331026e-01,8.187020354133617284e-01,-9.728528230345243610e-01,2.314246847545792796e-01
4.849622176357575309e-01,-8.745351036212372087e-01,9.977223996417619034e-01,-6.745378605448536236e-02
-6.151360541270466387e-01,7.884209756931933599e-01,1.228403275605420286e-01,-9.924264476145416847e-01
-1.969625059027803049e-01,9.804110215968082631e-01,9.717436332145349409e-01,-2.360387919538130541e-01
5.405344944813175179e-01,-8.413218529646229182e-01,1.851241073090431344e-01,-9.827151494166709300e-01
9.507764901434690996e-01,3.098775012653642857e-01,7.065821819425106565e-01,-7.076309915212594115e-01
-7.963100384781037766e-01,6.048886861390291303e-01,-2.697490156481160417e-01,-9.629306665367306506e-01
-6.845633224602755140e-01,7.289533987451796149e-01,6.593816467310270601e-02,-9.978237111030899831e-01
-2.169189917986409089e-01,9.761896081177371398e-01,-9.894144281017427378e-01,-1.451175022666162107e-01
8.501828205403594296e-01,-5.264875797756667364e-01,8.888218489364737573e-01,-4.582529005398091049e-01
5.833235422147402954e-03,-9.999829865375259308e-01,4.542083218119060128e-01,-8.908955047573267061e-01
9.204206850011644736e-01,3.909293575852126890e-01,5.562751312826517136e-01,-8.309981818972100864e-01
-2.200593376625701314e-01,-9.754864878139065665e-01,-4.651004571018641509e-01,-8.852579086365944816e-01
-9.853255304566093109e-01,-1.706856731843698349e-01,-3.362535046878828981e-01,9.417715118780753958e-01
8.122102258162117172e-01,-5.833648507405793104e-01,9.750459041225958412e-01,2.220033442400130563e-01
-3.852686959330388627e-01,9.228044386185274561e-01,9.193816255530831150e-01,-3.933667837977306014e-01
-8.933845637670817519e-01,-4.492928012139756344e-01,-8.571374053433251650e-01,-5.150878258717752622e-01
-9.999887399881577377e-01,-4.745513343854906169e-03,-2.978992300062727194e-01,9.545973228339108552e-01
-9.978496971371683122e-01,6.554374053455887250e-02,5.921729746049979592e-01,8.058108761660321973e-01
-9.622082215876730515e-01,2.723147779851242123e-01,4.791260664150159831e-01,-8.777460979586714229e-01
2.751908653097318025e-01,9.613896128261845142e-01,5.172395880323177320e-01,-8.558406443796404695e-01
3.586880535768137424e-02,-9.993565073597173720e-01,3.943087336934362197e-01,-9.189780315834970015e-01
-9.536170322612675943e-01,3.010225170667679140e-01,-6.124964309330424017e-01,-7.904733531842074168e-01
9.662226893188807786e-01,-2.577085847335894853e-01,-6.660839842171099034e-01,7.458767498517840933e-01
-6.785916232362786127e-02,9.976949103251632200e-01,-3.332359482741220624e-01,9.428434667418800208e-01
-4.101175247311313332e-01,-9.120326835746677130e-01,9.985557517075995815e-01,5.372532672465250847e-02
9.314256445568707132e-01,-3.639316813109542137e-01,5.014914263952668927e-01,-8.651626143402409985e-01
-5.173551036261486713e-01,-8.557708202269910247e-01,8.528610392321523959e-01,5.221379585510451671e-01
6.903553785121878672e-01,-7.234704218966342415e-01,-6.810813405587289315e-01,-7.322077625529005429e-01
4.678240830472278899e-01,-8.838216037872238529e-01,-9.996722445583587913e-01,-2.560084880727547807e-02
-6.379937086920337563e-01,7.700415752862856955e-01,-9.859722492151342665e-01,-1.669093280126940915e-01
-8.085590186335286367e-01,-5.884150859609099671e-01,8.958407329687321230e-01,-4.443752706373801376e-01
5.555109892864175114e-01,8.315091946467132455e-01,9.803352747396938405e-01,1.973391727484662406e-01
-9.751906428763856827e-01,-2.213666868486346972e-01,1.464490739713902034e-01,-9.892182108781268912e-01
1.227023755313715603e-01,9.924435132736564302e-01,9.469925898360568306e-01,3.212554043056674580e-01
-3.934259585152263816e-02,-9.992257803678123995e-01,9.714030270655447108e-01,2.374366420919414855e-01
-9.845000215084714901e-01,-1.753844566939131988e-01,-9.043387559134231646e-01,4.268154338270372938e-01
-8.484349387399053866e-01,5.292996832848221311e-01,9.224905123973018428e-01,3.860197592571700254e-01
-1.178312551115989482e-01,9.930336325214897952e-01,2.434765844162876114e-01,-9.699067753351238164e-01
9.999665629631153685e-01,-8.177588625857476479e-03,-9.827979412227727529e-01,-1.846840727520357994e-01
9.001988118292131302e-01,4.354791604443006836e-01,9.834010198239426792e-01,1.814454028329998414e-01
9.627774417497402260e-01,2.702953896347947138e-01,9.677960145279081994e-01,2.517357230587204397e-01
2.042796862235770616e-01,9.789125649394826434e-01,-7.597178365505082853e-01,-6.502528806756762148e-01
9.835276007989364189e-01,-1.807580107953394577e-01,3.453023653106266355e-01,-9.384914898446796716e-01
9.915034012727768076e-01,-1.300807643908774291e-01,-9.245981101524830548e-01,3.809440046810775859e-01
-5.624588606444451688e-01,-8.268252717972235377e-01,-9.417699812950269811e-01,-3.362577914808286828e-01
7.294272538629781311e-01,-6.840583902869070698e-01,3.079976918025854049e-01,-9.513871040981581872e-01
2.245050816126351878e-01,9.744729182127659373e-01,-7.684820954950226657e-01,-6.398712908887058681e-01
9.846105911556338741e-01,-1.747626498544615214e-01,1.579222110257020306e-01,9.874515559078094196e-01
6.238448676997164766e-01,7.815481949596730926e-01,-7.581487980355219314e-01,-6.520815900156156086e-01
8.048413069937272457e-01,5.934900762073691549e-01,-6.923874514994761142e-01,-7.215258948964067276e-01
7.615818096453590424e-01,6.480687827825840630e-01,-9.969290535701501310e-02,-9.950182534112010924e-01
-8.962848733439342519e-01,-4.434787771865163486e-01,-7.251976501745439618e-01,-6.885407527382237935e-01
1.933916620119925656e-01,-9.811216362226649057e-01,9.813838385463403702e-01,-1.920566620558906146e-01
-6.691329933472749403e-01,7.431426762164287103e-01,3.251755152310239483e-01,9.456536809499754836e-01
9.903711643755768179e-01,-1.384375555019813908e-01,9.531518431503437361e-01,-3.024922542795147051e-01
-9.163015771108689034e-01,4.004889758584302406e-01,-9.711250513547116103e-01,-2.385710263869203207e-01
5.855028459853470757e-01,8.106703506006981419e-01,-4.709470538093581404e-01,-8.821614775698866096e-01
-9.772238081645188146e-01,2.122112832919957059e-01,8.110007701577170991e-01,5.850450844196452005e-01
-4.312453700902778020e-01,-9.022346871938028423e-01,-7.314410513576922179e-01,6.819046769078166426e-01
4.939613060599077343e-01,-8.694838860586147078e-01,1.214621120027866985e-01,-9.925960685736280320e-01
-9.666295482004569894e-01,2.561782905434816238e-01,-2.674407737935166618e-01,-9.635743004629819808e-01
-8.319690603705572896e-01,-5.548220278486893919e-01,9.683649866718074817e-01,2.495380784331524271e-01
-1.087644490393370467e-01,9.940675503330593799e-01,-9.574508855431455023e-01,-2.885962608431484333e-01
-6.083466461948213722e-01,-7.936714421368031847e-01,8.500752095687466037e-01,5.266613124928121170e-01
9.961181071374524132e-01,-8.802679497118373608e-02,9.996611131301342823e-01,-2.603188228732106549e-02
9.528772838905663622e-01,3.033560314965517701e-01,7.989166253249460059e-01,-6.014417891861189025e-01
7.564364394078550990e-01,-6.540672084243074336e-01,9.912408263646937945e-01,1.320667412630405213e-01
-9.244016354335998775e-01,-3.814205243660674371e-01,6.308633596280115441e-01,-7.758939498919025235e-01
-1.318588479711813900e-02,9.999130624419890756e-01,8.745744866515313687e-01,-4.848911911946952591e-01
9.601001219706172263e-01,-2.796564960661667709e-01,-6.056740292572899698e-01,7.957128692457093866e-01
-9.945356590582771217e-01,1.043974274659984630e-01,-1.904561226154876385e-01,-9.816957091473275110e-01
-4.910328524998562871e-01,8.711410550340595860e-01,-9.345610733867031339e-01,3.558027545007112491e-01
4.172462565608484608e-01,9.087934646474734590e-01,-5.608746258860304312e-01,-8.279007513205948188e-01
3.485073234775992040e-02,9.993925287167324534e-01,-5.375095799429666643e-01,8.432576424020925554e-01
4.973624651057037549e-01,-8.675428394632611617e-01,-4.402733805195320205e-01,8.978637705163871052e-01
-7.525574068405515016e-01,-6.585266504929201403e-01,-8.893860553626995458e-01,4.571569145560167025e-01
8.550786340138191166e-01,-5.184983410321205577e-01,6.100844138386241067e-01,7.923364234914247461e-01
1.130533372216891014e-01,9.935889205013505032e-01,4.880124196627792510e-01,-8.728366847554469565e-01
7.240528544114070986e-01,6.897444918364290523e-01,-5.811467915118257999e-01,8.137987507458527281e-01
9.992685929181188698e-01,3.823975951078713992e-02,-8.095689641675924975e-01,5.870247799340426731e-01
-9.987801353133003435e-01,-4.937855104744844070e-02,7.865003992563154300e-01,-6.175897683492307388e-01
9.999434183929457598e-01,-1.063766951123826764e-02,-9.997750084705273599e-01,2.121161091847892019e-02
-3.389432334832170879e-01,-9.408068263336216708e-01,-9.615909910440378905e-01,-2.744863674992711888e-01
-3.587272574764192035e-01,9.334424217612176111e-01,9.628772460959083013e-01,-2.699396394580828029e-01
7.153158462593158795e-01,-6.988012879855894921e-01,7.572401721085144644e-01,-6.531365261146151457e-01
1.979997770654408629e-01,-9.802020650264086088e-01,4.846872635287823305e-01,8.746875193879130039e-01
9.953130899870273884e-01,9.670497867470655151e-02,-9.858718017616172613e-01,1.675016133991027167e-01
4.078488280841509606e-01,-9.130494693226565150e-01,9.837807709054976479e-01,-1.793750116281106477e-01
-3.121630205527201607e-01,9.500285514653767915e-01,-6.953092725852201283e-01,7.187106618501022393e-01
5.894438600507500015e-01,8.078093437491744577e-01,-6.917187724669745519e-01,7.221669750250159225e-01
1.481701285843460003e-01,9.889618865230845879e-01,3.385591920140551547e-01,9.409450959024071581e-01
-9.805760957884234186e-01,1.961390332604210640e-01,7.529168361362732487e-01,6.581156720991714337e-01
-8.906294785549720983e-01,4.547297350392850990e-01,-6.087912768467990121e-02,-9.981451456638721353e-01
-2.419122050354050590e-01,9.702981423536315431e-01,1.255231621986383495e-01,-9.920906892777767716e-01
4.694931988502394349e-01,8.829360884194107362e-01,9.811062791978186759e-01,-1.934695555342285656e-01
7.677270005039524281e-02,-9.970486209443208958e-01,1.466105881960486079e-01,-9.891942859867360882e-01
9.980698033579122885e-01,-6.210207424151265726e-02,4.175536879832517090e-02,9.991278642778990138e-01
1.737335840297838663e-01,-9.847926897475255403e-01,9.684007401953080851e-01,2.493992910759357251e-01
-2.846396235154131649e-01,9.586345939538192251e-01,9.958168301931356048e-01,-9.137199080733471312e-02
3.261047471938924996e-02,9.994681370301786716e-01,-5.382156142312615188e-01,8.428071858958404716e-01
2.017666099541204072e-01,9.794336297614156805e-01,-3.796136817891276327e-01,9.251450981324512712e-01
6.532854763142244003e-01,7.571116736894873966e-01,8.304391473382183309e-01,-5.571093452529520818e-01
-9.484399014138388262e-01,-3.169570213863507901e-01,-8.604223418052948658e-01,-5.095815869144924015e-01
-7.886106780011942208e-01,-6.148928350066349413e-01,2.189331145238831711e-01,9.757398686970171209e-01
-2.759568143853642908e-01,-9.611700352145199355e-01,7.668812437708858454e-01,-6.417890291617791565e-01
-4.245658537059418536e-01,-9.053970597847912360e-01,9.991300564692801034e-01,-4.170288071216487341e-02
-2.628626896270263580e-01,9.648332531593454275e-01,8.553255428946985317e-01,5.180909337866175246e-01
-4.834651480799235790e-01,8.753636105025485170e-01,6.482605947504118671e-01,-7.614185454097124328e-01
-4.171497122667476298e-01,-9.088377839613457354e-01,-7.725745909179196902e-01,6.349240123573915984e-01
-5.849739636191592096e-01,8.110520710088165997e-01,-9.885832604038318205e-01,-1.506756027010662802e-01
2.326926571178436765e-01,9.725503212294146493e-01,8.601528683603134606e-01,-5.100363154242306685e-01
-7.041512472752575746e-01,7.100500129995767074e-01,9.860440525848759297e-01,-1.664846129886916049e-01
-1.383140052692105881e-01,9.903884268035388905e-01,-7.635371888060479839e-02,9.970807939244951124e-01
8.499609317654100993e-01,5.268457216989389513e-01,2.313017352377362279e-01,9.728820623672800316e-01
4.825182860852645361e-01,-8.758858964461859742e-01,8.747384714339450085e-01,4.845953018688949343e-01
6.034877533239676461e-01,-7.973722666283233895e-01,-9.255588290369403115e-01,-3.786038219455369891e-01
1.889222039433844924e-01,9.819920574307993144e-01,9.963488995341155396e-01,8.537488153524404322e-02
9.183221281868345631e-01,3.958338905177309353e-01,-8.506587136232336421e-01,5.257183209066099705e-01
-7.014163938571514600e-02,-9.975370421314109226e-01,8.955701195579309770e-01,4.449203984478496410e-01
2.393756674221278746e-01,9.709270260149373000e-01,-8.278771334517526226e-01,5.609094863769992223e-01
-7.840919893335331903e-01,6.206446263869385138e-01,9.686890318664268529e-01,2.482771828857510965e-01
9.198989199548852636e-01,3.921555521292993118e-01,5.102159302789825990e-01,-8.600463385710983566e-01
1.485507456733431431e-01,9.889047860941384549e-01,2.502779794580418105e-01,9.681740199976448524e-01
2.663102094666319752e-01,-9.638873753368899511e-01,-4.724144121249465034e-01,8.813765501853569884e-01
3.351674512905956638e-01,-9.421585745485555607e-01,6.847669110121120672e-01,-7.287621543294698911e-01
2.663883151576769137e-01,9.638657922903240971e-01,-2.345887639861243823e-02,-9.997248026922782582e-01
-5.139752559605195170e-01,8.578050106290581178e-01,1.933129869401724876e-01,9.811371408117566251e-01
6.648936773357275731e-01,7.469380147234262468e-01,8.996813165237753651e-01,4.365472811712911017e-01
8.933545514847811564e-01,4.493524733896826495e-01,-2.140097896380735720e-01,-9.768315156356635054e-01
9.987905845864922805e-01,-4.916673816080237291e-02,-7.733194794454272269e-01,6.340165476627983576e-01
-5.589928841815303695e-01,-8.291724521680723381e-01,1.008618135681406680e-01,-9.949004445489737503e-01
-9.652232909331882604e-01,-2.614268514137477184e-01,-9.415065345454021184e-01,3.369947260838179193e-01
9.722611633485921112e-02,-9.952623183374523785e-01,-5.672814347644110633e-01,8.235239970830426914e-01
5.362360694459538113e-01,-8.440680528400267280e-01,-9.533696504543804906e-01,3.018050854317937959e-01
3.488553060133190997e-01,-9.371765978012647214e-01,-9.054036355237925562e-03,-9.999590113728051843e-01
9.946051304183538555e-01,1.037334784218162387e-01,8.171378875620534110e-01,-5.764422544458593922e-01
3.866973875256694004e-01,9.222066636501941028e-01,9.515075123537057866e-01,3.076255092388511247e-01
-5.625753948586261766e-01,-8.267459858382505411e-01,-9.885462187188860383e-01,-1.509184331239639409e-01
-7.104724136515738753e-01,7.037250524459868206e-01,9.787932491530627610e-01,2.048506173102499217e-01
9.939489877859333244e-01,-1.098426587411221317e-01,-9.803657108781040908e-01,1.971879127494116923e-01
-5.068505714462339107e-01,-8.620339310170024305e-01,7.512850805049637870e-01,-6.599778237264113390e-01
9.629633307615883542e-01,-2.696323860528400118e-01,-6.450909630879496648e-01,7.641057841308764864e-01
3.003606621197966176e-01,9.538257034966909353e-01,9.112750401222780017e-01,-4.117982530926286855e-01
6.563820837114483497e-01,-7.544286316031604267e-01,-6.817551607000338354e-01,-7.315804131186612880e-01
-4.334519531631646494e-01,9.011766776271108448e-01,9.156339949648738541e-01,-4.020129192758181147e-01
9.978513037766426619e-01,-6.551927618078826066e-02,4.501401991649185003e-02,-9.989863552676571112e-01
5.480316149239697898e-01,8.364576193949253557e-01,7.961429097627056306e-01,6.051086408526756832e-01
-9.947344624454587114e-01,-1.024858488931245509e-01,1.181528050721069312e-01,9.929954252933861358e-01
2.659604749580122829e-01,-9.639839343890065360e-01,-7.869497073054684266e-01,6.170171457681201677e-01
-9.117713122064099451e-01,4.106982763993554664e-01,4.811650734471177859e-01,8.766300086665010927e-01
-9.799603956784643799e-01,1.991924268181587965e-01,-9.994889605584952319e-01,3.196588371527853828e-02
9.963275137526148573e-01,-8.562409321874973889e-02,-9.838617369386181144e-01,1.789303847537513092e-01
-8.918838542830791472e-01,4.522645138291961908e-01,9.624709221799525594e-01,-2.713848263224598045e-01
-7.937149117329983516e-01,-6.082899299615921462e-01,-9.145509610108578658e-01,4.044706907973880106e-01
9.418565965443588262e-01,3.360151061275027384e-01,2.219850195303000318e-01,-9.750500762033365021e-01
5.474993847219420395e-01,-8.368060849020487746e-01,9.341284688551021453e-01,-3.569369743728189603e-01
-5.970582890602544879e-01,-8.021978555596128713e-01,7.158874860623390957e-01,-6.982156595918944664e-01
-8.236042428067471555e-01,5.671649241893619298e-01,2.567896321059683351e-01,9.664673221805698544e-01
9.948435420742584023e-01,1.014215302248160783e-01,-9.996888918629164289e-01,2.494232318558674277e-02
-8.386631969845540491e-01,-5.446503851312758382e-01,-5.762372205755420529e-01,8.172824882642317768e-01
9.968390383740846072e-01,7.944766562606060678e-02,-8.084948135980289941e-01,5.885033019321882497e-01
9.999714042121203850e-01,7.562457143027003295e-03,-6.413218521279876461e-01,7.672719739330555733e-01
-7.455285517525651606e-01,-6.664736892944256308e-01,4.615831982135720768e-01,-8.870969231864860305e-01
3.738597469425224973e-01,9.274852503496069378e-01,-9.551237081908917625e-01,2.962071944630654818e-01
3.570719360353607486e-01,9.340768878930466590e-01,-9.889384395328930655e-01,-1.483265411659238642e-01
-5.710322099552690434e-01,-8.209276552739598332e-01,9.939246047668983675e-01,-1.100630730034592858e-01
9.436220592579240840e-01,3.310247865067428852e-01,9.298244213157096372e-01,3.680034585773695466e-01
-3.879339090450356631e-01,9.216871932564962844e-01,-9.971388161817742457e-01,7.559220372240686714e-02
5.906692587858336507e-01,8.069137665980138374e-01,1.506088940949493749e-01,-9.885934255392841985e-01
-8.757722799552156712e-01,-4.827244697154303155e-01,5.818631697150211668e-01,8.132866971303468473e-01
-5.264297651128098110e-01,-8.502186203578888657e-01,-7.643435422958473335e-01,-6.448092348521663464e-01
-1.803662354391486200e-01,-9.835995227294030974e-01,6.614641162504247829e-02,9.978099279066782179e-01
-3.286278730700280953e-02,9.994598727364769619e-01,6.725667826089454238e-01,-7.400364335159800300e-01
8.468443955732308792e-01,5.318407371443159004e-01,-4.657053330054086171e-01,8.849398526511965679e-01
8.802611636828264752e-01,4.744894979994352946e-01,-4.765852241203349382e-01,8.791282751397375694e-01
-8.942679725011396519e-01,4.475318908845500876e-01,-8.156350607594328173e-01,-5.785667184171210398e-01
9.426647187160533958e-01,-3.337412591933816008e-01,4.054184667590062796e-01,9.141312087500221839e-01
2.013779209684150862e-01,9.795136206028166592e-01,-2.174603367441895196e-01,9.760691583812612926e-01
-4.234606452201149923e-02,9.991030031080366802e-01,-8.659160036542259409e-01,5.001894387284627763e-01
8.057219045316178496e-01,5.922940254282010875e-01,-6.061221012155038057e-01,7.953716102666115173e-01
-7.879538150660835294e-01,-6.157343463887687829e-01,-9.878087299189348691e-01,-1.556724545189060727e-01
-4.265018921943792840e-01,-9.044866698601002897e-01,-8.103439321188362632e-01,-5.859545303845536957e-01
-6.231258965475260370e-01,-7.821215487709323178e-01,-9.135434461595045574e-01,-4.067411609107398074e-01
6.428796908497119711e-01,-7.659671684171448502e-01,-5.663977171740112171e-01,-8.241320440196879815e-01
-9.963650979803791996e-01,8.518562981248216370e-02,-3.549409596582816517e-01,9.348887180605283120e-01
6.638670260711918569e-01,7.478506346158914075e-01,7.007419141428119502e-01,7.134148651124869733e-01
-2.450679103561733130e-01,9.695059150483088528e-01,6.785360974643993293e-02,-9.976952879734262147e-01
-5.228736672486886672e-01,-8.524101877018526174e-01,5.917450144440341564e-01,-8.061251998794168871e-01
-7.578621379374539391e-01,-6.524147299692669710e-01,-4.400723862401712677e-02,9.990312121994431305e-01
-9.810867111507701743e-01,-1.935687609180913871e-01,-8.343970229932051730e-01,5.511638667584047857e-01
-4.088531094792376974e-01,-9.126002053852270146e-01,-9.999595913463167340e-01,8.989753862443864221e-03
-6.499693875468794957e-01,-7.599603905809396709e-01,-9.781560788750583990e-01,-2.078718002995370573e-01
7.346418340099045707e-01,-6.784551390641563318e-01,-5.385287186406142457e-01,-8.426071559150789536e-01
-8.574737144206214801e-01,-5.145277728924867455e-01,9.660289053261269521e-01,2.584340420192450249e-01
1.787419260416822642e-01,-9.838959924071800645e-01,-1.782569793372632272e-01,-9.839839680185620274e-01
8.123089300205620783e-03,9.999670071658468551e-01,9.251463752806911023e-01,3.796105692746167826e-01
-4.360836700102731500e-01,-8.999061244098581769e-01,-9.802155405802441823e-01,1.979330543516661933e-01
8.170430982369681905e-01,-5.765765999616494497e-01,4.688798359708257202e-01,-8.832619653420901162e-01
-7.531460466744070992e-01,6.578533517272004971e-01,-9.533884315577512147e-01,3.017457515390251088e-01
1.818495158715045801e-01,-9.833263718508211682e-01,5.924026062495874045e-01,8.056420744404405587e-01
-1.577418882986295623e-01,-9.874803778688377998e-01,9.955819546433813949e-01,-9.389660051601451951e-02
9.308682683693276783e-01,3.653549875711145090e-01,7.676437247670481190e-01,-6.408768304641481173e-01
-8.717018224674850657e-01,-4.900366646556817973e-01,1.335175887271883299e-01,-9.910464436647141717e-01
6.836793559465872416e-01,7.297825280537070247e-01,-8.493788796151099385e-01,5.277835909383510327e-01
9.789917769054850005e-01,-2.038997321024260123e-01,4.037934138518950444e-01,9.148501948023142205e-01
3.763326218220743868e-01,-9.264846235920612960e-01,9.330039497404298832e-01,-3.598661275651784397e-01
7.716182726230561562e-01,6.360858757700967869e-01,-9.794120693688028734e-01,-2.018712420695908671e-01
7.213890315624589267e-01,6.925300463816552732e-01,5.996937288687782530e-01,-8.002296117711842349e-01
-8.289342243491650830e-01,-5.593460929537704684e-01,-5.468942023308692724e-01,8.372017268597110595e-01
-5.615073129938792373e-01,8.274717744155347665e-01,-5.105998565410994061e-01,8.598184613627510853e-01
9.760456239990201732e-01,2.175659437328448242e-01,9.958758095870999805e-01,-9.072690824247343910e-02
-9.659667277173954458e-01,-2.586663506197650619e-01,-9.906054209883734529e-01,-1.367512336633469050e-01
-7.618123915401853186e-01,6.477977154141741911e-01,6.340511756369573426e-01,7.732910879309241592e-01
8.050228563894189504e-01,5.932437953241659345e-01,1.893887742807597030e-01,9.819021805538632464e-01
3.204698403807410556e-01,-9.472587193614753209e-01,-9.935717382785963503e-01,1.132042441521002862e-01
8.609874530580309271e-01,-5.086261944460244155e-01,9.646056316879967341e-01,2.636967487774560803e-01
4.141905749888762089e-02,-9.991418626380859092e-01,-9.724197473178335382e-01,2.332377221341366269e-01
4.395007537711695944e-01,-8.982422209151459391e-01,-8.730812835326762222e-01,4.875746838638513880e-01
2.089938495749679437e-01,9.779169549812681828e-01,1.832831976875697322e-01,-9.830601555578474260e-01
-8.517802940293106584e-02,9.963657477588405698e-01,-6.126188845697886354e-01,7.903784550887429372e-01
2.576401929658904133e-01,9.662409280135564327e-01,9.939945289600414791e-01,-1.094297783855255474e-01
9.450508807436366898e-02,-9.955243785704379622e-01,4.213971844740391215e-01,9.068761838957689614e-01
9.469309621343109384e-01,-3.214370124167223453e-01,-8.409898499988324172e-01,-5.410508961261790706e-01
-2.068634524201143077e-01,-9.783698237644244955e-01,8.453387943645083169e-01,5.342305894858131454e-01
7.352463369788015957e-01,-6.777999881670511151e-01,-1.012119769375246087e-01,-9.948648831496657019e-01
-6.437006687761620549e-01,-7.652773673754645900e-01,9.994567513765050260e-01,-3.295758073528924637e-02
-7.610580723261850533e-01,6.486837523378794490e-01,4.208760665312220595e-01,-9.071181492072608599e-01
-8.931688254969917251e-01,4.497215240127208635e-01,-9.393741980621265197e-01,-3.428937386642348928e-01
8.900878203417238455e-01,4.557890653354016997e-01,-9.954077146947905019e-01,9.572607547630114511e-02
9.805304717761575972e-01,1.963669878529124280e-01,5.092034433025005580e-01,-8.606461835904909430e-01
-3.359247692598928414e-01,-9.418888200831814217e-01,9.201681075715113511e-01,-3.915235035196015234e-01
-9.260972783854515278e-01,3.772848141219833917e-01,9.977012814538119834e-01,-6.776542618047573519e-02
-9.466637453118995627e-01,-3.222231421112502492e-01,-7.960455460091723223e-01,6.052367211917653034e-01
-9.350854282128069350e-01,-3.544224060976837731e-01,9.983721098370966773e-01,-5.703621918942462093e-02
-1.711603791901486760e-01,9.852431804359188527e-01,5.572604309567698033e-01,8.303377698803512397e-01
-9.885500607548685092e-01,1.508932648647569041e-01,-2.230205079410070915e-02,9.997512783339550513e-01
-9.831710895330146860e-01,1.826871881289569843e-01,8.476241831578470443e-01,5.305970638120725003e-01
-7.641766609094268192e-01,6.450070006762087527e-01,-1.361628274612778633e-01,9.906864713004565060e-01
4.296151334123280985e-01,-9.030120913604133825e-01,1.124665082002239136e-01,-9.936555160281902443e-01
-9.532911029059155661e-01,3.020530965251358446e-01,6.025503045823012993e-01,-7.980809047006298673e-01
-7.953462405741515973e-01,-6.061553906421717208e-01,1.805423584574079587e-01,-9.835672101095261910e-01
7.921537774796119091e-01,-6.103215487141032680e-01,-6.796502688510988044e-01,-7.335363058844661666e-01
6.671061133180489211e-01,-7.449627061629907621e-01,-9.961520716896735683e-01,-8.764160010161488323e-02
7.722014781728961941e-01,-6.353777436357006536e-01,-2.565669791371269493e-01,-9.665264534488691162e-01
-1.253643796692764933e-01,9.921107661496963992e-01,-7.738410690669619285e-01,6.333798227172235951e-01
9.759407581587993263e-01,2.180358607303575780e-01,5.427495064585911022e-01,-8.398946203179037395e-01
-6.947873367053415683e-02,9.975834328854599198e-01,-4.416869712957504079e-01,-8.971692256133103616e-01
-1.793970975896696796e-01,9.837767436651481123e-01,-3.221055669329214721e-01,-9.467037571230090265e-01
8.421675243299258096e-01,-5.392159687583480965e-01,-9.746169882810431506e-01,-2.238788202443210973e-01
-5.916279275683021810e-01,-8.062111356966211728e-01,7.510617555356858821e-01,-6.602319587627166753e-01
8.710987594099226516e-01,4.911078815845799639e-01,-1.265860695582968556e-02,9.999198766250912973e-01
6.595256400636727578e-01,7.516820671657683528e-01,-7.338858460589772204e-01,6.792728207092486592e-01
5.585646944089341925e-01,8.294609587918252425e-01,1.728114839417685122e-01,-9.849549182667417524e-01
-6.826129947875356763e-01,-7.307800622261063639e-01,-9.989623213775440380e-01,4.554426932105038600e-02
-9.151814392960599953e-02,-9.958034089777358933e-01,7.673559417230957358e-01,-6.412213804157351760e-01
6.356984680001561694e-01,-7.719374701245266257e-01,-5.693334048002234304e-01,8.221067291894555984e-01
9.312413840648491314e-01,-3.644029151982515757e-01,-6.814730614325889002e-01,7.318431980565884842e-01
2.988136035766959520e-01,9.543114954340166101e-01,7.654257576078739023e-01,-6.435242105705211157e-01
-3.667950423245355251e-01,9.303017773422461723e-01,-9.750460653326036287e-01,2.220026361992307740e-01
6.076567536737474684e-02,9.981520589054289072e-01,-9.948721504513127201e-01,-1.011405173824046350e-01
-6.314091572259488139e-01,7.754498540661524109e-01,-4.968972859966789835e-01,8.678093610748471853e-01
8.596690013408254671e-01,-5.108514540780595414e-01,-1.667890391215828549e-01,9.859926046522352605e-01
-8.906852034358526682e-01,-4.546205762836013076e-01,-5.571432548260603079e-01,-8.304163977197365210e-01
-7.412445020441388310e-02,-9.972489989375238340e-01,7.296535984135996689e-01,6.838169538129962310e-01
-9.980734899100059954e-01,6.204279763889683497e-02,7.258325562481561244e-01,-6.878714271506465305e-01
9.836065857483976549e-01,1.803277140995806216e-01,1.824608319814352841e-01,-9.832131227728007072e-01
9.197504389363769794e-01,3.925036688699124476e-01,3.637491751914925242e-01,9.314969337295259111e-01
-9.717459922865724353e-01,-2.360290797232085791e-01,-3.445252752323702539e-01,-9.387770420744531163e-01
-1.948497658030803603e-01,-9.808330993428416855e-01,-7.991829272518869987e-01,-6.010878877411398591e-01
2.161160219634095936e-01,9.763676894749800939e-01,3.998272859588861694e-01,9.165904982066697126e-01
-1.755824240789570501e-01,-9.844647339313670198e-01,-1.452760020392342699e-01,9.893911679570909223e-01
3.720107411421804677e-01,-9.282284247289810386e-01,-8.408986924406698371e-01,5.411925618960148343e-01
-8.506560074843200203e-01,5.257226996533785890e-01,-3.135386393874203259e-01,-9.495754428222568100e-01
-2.249672554127428448e-02,-9.997469166443678779e-01,-6.435837506438937261e-01,-7.653756959213811051e-01
-8.236393336816208999e-01,5.671139638666073957e-01,-9.795592953937395375e-01,-2.011556283272248613e-01
-4.351332548961512892e-01,-9.003660647111713100e-01,1.154190452824941510e-01,-9.933168900134928814e-01
8.783272854517096273e-02,-9.961352377043541928e-01,4.985361484795435005e-02,-9.987565354412414331e-01
9.987136842615806920e-01,-5.070480123873494227e-02,-7.381104717689126460e-01,-6.746798733214688371e-01
-5.641429639591863943e-01,8.256771258884093578e-01,2.303287944747641480e-01,-9.731128641816435554e-01
-8.478138421490921672e-01,5.302939647595419359e-01,-5.050521599901458547e-01,8.630888225955009041e-01
5.056841546885280092e-01,8.627186886215858497e-01,7.343204977138126921e-01,-6.788029217949334004e-01
2.845792331156618005e-01,9.586525231173711470e-01,-7.504845564358113563e-01,-6.608879863875144478e-01
-3.482088436818532862e-01,-9.374169836213480655e-01,4.391688884600457032e-01,-8.984045232570726514e-01
8.672133714043385178e-01,-4.979367112972500342e-01,-9.580204864712987822e-01,-2.866997514845383010e-01
-7.886312452684491880e-01,6.148664562214587459e-01,1.970111229464258928e-01,9.804012532812207414e-01
4.266634382961136951e-01,9.044104767313005944e-01,-9.647062680202389551e-01,-2.633283434088758979e-01
-2.187533155967374132e-01,9.757801939552955828e-01,-6.896220584180146052e-01,7.241694667295083265e-01
-9.603842710892716017e-01,2.786791198571011430e-01,-3.239231484018621487e-01,-9.460833969209190286e-01
-2.526455663380514638e-01,9.675588963002330622e-01,-9.884562759752312244e-01,1.515064041061546241e-01
1.029927065025768029e-01,9.946821112331688530e-01,5.150471973382515500e-01,-8.571618193281896891e-01
-8.794827932847279484e-02,-9.961250424335094111e-01,-4.367059447493543134e-01,-8.996043118063484778e-01
9.987854399713043119e-01,4.927113659464334161e-02,-3.997732516162912364e-01,-9.166140667108144680e-01
-9.697741870734027936e-01,-2.440041517804989180e-01,2.049074265691412655e-01,9.787813578817344817e-01
2.715420852435830312e-01,-9.624265665190080421e-01,9.951072923017071359e-01,-9.880018627494950578e-02
-1.017887342696213032e-01,9.948060381681388398e-01,5.446840496795457565e-01,-8.386413333628924827e-01
-7.966887670206942440e-01,-6.043897819313673869e-01,2.426290044484598341e-01,-9.701191505172698237e-01
-4.877981371800174659e-01,-8.729564578853317158e-01,-4.829382623864018620e-01,8.756544037022842009e-01
-5.619550312646389711e-01,-8.271677839691041756e-01,-9.750433131113033225e-01,-2.220147237390638073e-01
-9.426756750996920786e-01,3.337103108615911973e-01,6.513419045433325172e-01,7.587843721281193332e-01
-5.702559468688465083e-01,8.214670748488434038e-01,-9.709201032178534918e-01,-2.394037450990121607e-01
5.140303808149381259e-01,-8.577719787911293192e-01,6.084826763576390851e-01,7.935671569392502844e-01
5.304260865752106341e-02,-9.985922499533055330e-01,-9.449853207667274768e-01,-3.271127382652733173e-01
-4.329018835575108026e-01,9.014410458883926891e-01,-5.942631724829643414e-01,-8.042706521006983689e-01
7.977217190851961792e-01,6.030257530982896519e-01,-7.712975177227793244e-01,6.364747749555191847e-01
8.999331663305575324e-01,4.360278616536528706e-01,-9.999582049035509179e-01,9.142671713898934543e-03
8.296290173389694322e-01,5.583150486859331796e-01,7.100037392221072441e-01,-7.041979056278326876e-01
-8.674793332238192045e-01,-4.974732218215952018e-01,7.762364460492957585e-01,6.304418925045819355e-01
9.477774096322582054e-01,3.189325662123055904e-01,2.592209563225441604e-01,-9.658180448734769996e-01
-5.194247830376617081e-01,8.545161758365245053e-01,4.775937197893745378e-01,8.785808094977651805e-01
2.010296577584903474e-02,-9.997979149643266839e-01,9.735195908791675068e-01,2.286036005282032213e-01
-2.750558073918348279e-01,9.614282619207872305e-01,3.938319073906341727e-01,9.191824784671729365e-01
8.351970973363469219e-02,-9.965061254633658105e-01,9.437847608575954117e-02,-9.955363897174878129e-01
-2.847758843731897777e-02,-9.995944312353859385e-01,-8.275255646645061081e-01,5.614280361958159382e-01
2.621589508519639455e-02,9.996563043590942499e-01,6.960053652940515478e-01,-7.180365808800369676e-01
-1.326718404040418131e-01,-9.911600187476311552e-01,-9.879741326237607701e-01,-1.546192525733055545e-01
-1.396933936621350819e-02,-9.999024240182996515e-01,9.902434552439230986e-01,1.393481228670712113e-01
-7.995108071844055919e-01,6.006517037313222618e-01,-2.076231760076151234e-01,-9.782088819799741319e-01
2.461300475166277035e-01,9.692368130180892827e-01,7.695796062732208620e-01,6.385508825523259491e-01
-9.910823354703157673e-01,-1.332509073841696146e-01,2.449125885839095462e-01,-9.695451634416669684e-01
8.805032649681117096e-01,-4.740400830947687494e-01,4.921665455997253913e-01,8.705010576630182184e-01
-6.392776443472739656e-01,-7.689760031612171698e-01,-5.644008973472861568e-01,8.255008340841202275e-01
4.655820967153029288e-01,8.850046955910360058e-01,7.076129535850184116e-02,-9.974932777112770488e-01
-4.100425395303254894e-01,-9.120663987756162383e-01,9.589350977713042568e-01,-2.836255952172498374e-01
-8.972051151732599594e-01,4.416140637558288451e-01,-6.910870780643456612e-01,7.227715064475668250e-01
-8.391420513716519869e-01,-5.439123253059960916e-01,4.784478750983606199e-01,-8.781159552210991981e-01
-9.996139424997167733e-02,-9.949913163739679822e-01,3.634916291480328465e-01,9.315974643263629229e-01
-9.955930411789636336e-01,-9.377897608751320502e-02,3.515919570746168787e-01,-9.361533505363535124e-01
3.912810060409984692e-01,-9.202712503993287774e-01,-5.490540156247163406e-01,-8.357868675244746193e-01
-1.740605307114661826e-01,-9.847349550251797146e-01,3.520432003670934673e-01,9.359837525701472094e-01
-7.498062515892318647e-01,-6.616574529752577982e-01,-3.239409601281230677e-01,9.460772982961116462e-01
5.837479318293744557e-01,8.119349432589584303e-01,6.763937945737134028e-01,7.365401785796706902e-01
5.141653171369260367e-01,-8.576911021186381934e-01,-7.416027400533353742e-01,6.708393070962561655e-01
9.199995128407928435e-01,-3.919195024143399264e-01,2.871346496354043043e-01,9.578902301301300826e-01
6.519998922022750554e-01,7.582190584311513382e-01,-6.178697229149289205e-01,-7.862804878063737180e-01
-9.972718804719067354e-01,7.381596317888791670e-02,9.994040559064651941e-01,-3.451858974099256128e-02
-5.582058331706037102e-02,9.984408157112484306e-01,9.971545617909569614e-01,7.538421518782743858e-02
2.841695280756335179e-02,-9.995961568519222684e-01,-9.671297256427371369e-01,-2.542834909666844556e-01
-1.773137288194376326e-01,-9.841543789325671865e-01,-8.947787485735196888e-01,-4.465097883599038475e-01
6.331290401588095529e-01,7.740462638031299081e-01,8.582007929393233869e-01,-5.133141328643860968e-01
7.160561034280827908e-01,-6.980427327487843669e-01,-9.992882087295739124e-01,-3.772367816159354764e-02
4.202393087046664144e-01,9.074133145482404794e-01,-9.625380459286640988e-01,-2.711466579912593655e-01
2.925928354403505294e-01,-9.562371215598022278e-01,-9.841801768792864946e-01,1.771704812824538844e-01
-9.636907341531139037e-01,2.670209147378390657e-01,-1.185001459209036045e-01,9.929540348962405671e-01
-4.722127289056162747e-01,8.814846219075582745e-01,9.386707551773197933e-01,3.448147522581366253e-01
5.451346473130259662e-01,8.383485052762382761e-01,-8.397787694931005964e-01,5.429287414648941157e-01
4.948349567280326267e-01,8.689869766572834164e-01,9.458990372820291759e-01,3.244611090237632944e-01
-5.257597049434020731e-01,-8.506331363506989263e-01,-9.500957807044639880e-01,-3.119583425516539998e-01
-9.502173939137306125e-01,-3.115877152645752379e-01,-3.522616710884696745e-01,9.359015520245486108e-01
7.199366235099916578e-01,6.940398101903322292e-01,-9.777947064483383244e-01,-2.095650544380144309e-01
7.595979884062236120e-01,6.503928781968776329e-01,6.646188704780036094e-01,7.471825459715601969e-01
8.985505524557955148e-01,4.388700316510397159e-01,9.117390148622211976e-01,-4.107699706381496840e-01
-3.915090279605826229e-02,-9.992333094979638508e-01,7.883077449941229276e-01,-6.152811545807987947e-01
-2.372187949133302554e-01,-9.714562488037571386e-01,3.681449456896129790e-01,9.297684114677116085e-01
9.333603560797180121e-01,3.589407272778362135e-01,-5.539720600870199352e-01,8.325352584983672921e-01
-9.291504640553762684e-01,-3.697017921861875389e-01,-7.563400910725441850e-01,-6.541786198251786644e-01
8.617760299897211373e-01,5.072889454099657192e-01,8.246494337246016437e-01,5.656441562128029510e-01
8.226254087406218440e-01,-5.685837114219197685e-01,-6.107591622475686544e-01,7.918164217359021650e-01
8.344851924073053429e-01,-5.510303654545206653e-01,-6.988647308321575477e-03,9.999755791062099330e-01
-3.195567919843476656e-01,-9.475671251666936135e-01,8.623901934563577010e-01,-5.062441646382761506e-01
8.943730379159866573e-01,-4.473218852782960830e-01,6.004736667316828980e-01,-7.996445307521384827e-01
3.765976357391640494e-01,-9.263769323313658655e-01,-8.768124794639546860e-01,-4.808324821143764027e-01
4.736868805073662925e-01,-8.806933287105109809e-01,-9.918396150058421679e-01,-1.274918746629087052e-01
-9.056071004227966847e-01,-4.241176483757951310e-01,9.067593191965548360e-01,-4.216485942703951384e-01
-3.449920645403716790e-01,9.386056016262486201e-01,9.112164569721736829e-01,-4.119278681311556167e-01
2.009465911604611243e-01,9.796021985995082559e-01,9.814898744101296924e-01,-1.915140371627828131e-01
-4.662632474910003988e-01,8.846460218862378655e-01,7.054214413615482737e-01,7.087881136611954291e-01
-6.914077138032511671e-01,-7.224647903485411637e-01,5.328642855553937796e-01,8.462007168394148904e-01
4.670603660062386808e-01,8.842254319494087245e-01,-4.442410013763091747e-01,-8.959073237205811280e-01
-5.426154536566329262e-02,9.985267571249806240e-01,-9.663023875647982486e-01,-2.574095875964420022e-01
-9.799313522732693293e-01,1.993352573728035537e-01,9.932766815986726616e-01,1.157645619018577987e-01
1.062981646724378837e-01,9.943343000154782896e-01,9.251367651361920297e-01,3.796339892493062473e-01
-8.488635663113576202e-01,-5.286119992860200956e-01,7.627692136565433767e-01,-6.466708024163287938e-01
8.857452359063613390e-01,-4.641717107592666647e-01,6.793578866222566015e-01,-7.338071012767192203e-01
-1.200458099285224393e-02,-9.999279424214456702e-01,-6.241187047163404555e-01,7.813295351023135105e-01
-5.013056520790571957e-01,-8.652702717611366889e-01,7.747042008281949110e-01,-6.323238104161094109e-01
-8.679412058953615006e-01,-4.966669539126855604e-01,-8.317310667552091363e-01,-5.551787393211684574e-01
-9.971341927055877852e-01,7.565316739817125324e-02,3.440863462314139309e-01,-9.389380098478895542e-01
3.881109882591792237e-01,9.216126414022777213e-01,-8.978369571141890937e-01,4.403280577477816649e-01
7.890386667576481106e-01,-6.143435377387095331e-01,7.567281555466702780e-01,6.537296831282287668e-01
9.198440922383904067e-03,9.999576934473765055e-01,-9.145488764447415875e-01,4.044754041887601015e-01
8.398928262828038172e-01,5.427522826839920045e-01,-9.642247278543989442e-01,2.650861637168380192e-01
9.537390656699749349e-05,-9.999999954519089851e-01,-9.492065336550441490e-01,-3.146537088079141009e-01
4.505411307865477832e-01,8.927556717655613649e-01,7.879056889516021789e-01,6.157959283055556288e-01
-6.931824688254487610e-01,7.207621417035273703e-01,9.985410754621761864e-01,-5.399741303840843720e-02
9.842494206217973218e-01,1.767854009969612172e-01,3.683110918432523639e-02,9.993215045200679603e-01
6.515099245721633903e-01,7.586401111093282745e-01,3.176544434939651551e-01,9.482065463434321551e-01
4.640180886391263027e-01,8.858257240652316344e-01,-9.858529054186107032e-01,-1.676127944927948421e-01
9.421297603346699967e-01,3.352484372696423187e-01,-9.727963223945853555e-01,-2.316620709904189113e-01
-5.534423647421765624e-01,-8.328874767389575773e-01,-9.293612637459657266e-01,3.691715609963766576e-01
5.198591866205556355e-01,-8.542519687341753043e-01,1.371190584272263535e-01,-9.905545738706327263e-01
-6.995828589740693548e-01,7.145514841001082695e-01,-9.945299483357571413e-01,-1.044518159884075814e-01
7.052226154209410014e-01,-7.089859397046232026e-01,-7.717315497037425809e-01,-6.359484375260779920e-01
2.282698703969936460e-01,9.735978976296835175e-01,-1.642092494719983586e-01,-9.864255280495547451e-01
-4.561748628522880322e-01,8.898901586722353096e-01,9.876636558148018663e-01,1.565902391036574914e-01
5.840326780416826846e-01,8.117301466494023510e-01,-9.030962960849296950e-01,-4.294380979811652788e-01
-7.265589571332199403e-01,-6.871041273413279749e-01,7.467543874411660676e-01,-6.650999059069012675e-01
-8.759116443126675478e-01,4.824715446090876991e-01,9.940374222301342488e-01,1.090394571064516455e-01
-7.572002409890139507e-01,-6.531828190071896634e-01,-8.277231640006220692e-01,5.611366712101423238e-01
7.328982346386632429e-02,-9.973106846798721614e-01,8.944813009012575478e-01,-4.471053593259579073e-01
-9.590519673882610396e-01,-2.832301605562264624e-01,-6.037032286627111999e-01,7.972091392490544548e-01
-6.953243861993927410e-01,-7.186960400311369623e-01,-9.665659937824507830e-01,2.564179784323700750e-01
9.183781133156750931e-01,-3.957039815098415403e-01,9.932819888566847277e-01,-1.157190157792090390e-01
-3.034203144737577795e-01,9.528568165074151608e-01,3.130545855731233784e-01,9.497351348937449478e-01
-6.333676083444892413e-01,7.738510662265586371e-01,9.171166590818898845e-01,3.986189077734179076e-01
-2.015359190976483694e-01,-9.794811245314868353e-01,6.346244030850691775e-01,-7.728207211306641344e-01
-7.652587141120855696e-01,-6.437228444567719698e-01,6.774862777648132939e-01,-7.355354127711175583e-01
4.341018091898394826e-01,9.008638183755124373e-01,-9.846498117644624237e-01,1.745415371543655725e-01
-7.121857283474584133e-01,7.019910885034084114e-01,-9.960184079437093274e-01,-8.914780444452101438e-02
-9.796512813706511613e-01,2.007071670589801737e-01,5.133958730306641405e-01,-8.581518965515849695e-01
-8.744533162177037244e-01,4.851096760072516334e-01,-7.182090464249837880e-02,-9.974175442894179788e-01
4.355621383004520952e-01,9.001586658357169091e-01,-9.504032555404816340e-02,9.954734233110297259e-01
8.893751483900823596e-01,-4.571781331451876262e-01,9.943720040942258809e-01,1.059448794120452092e-01
7.732380163849048027e-02,-9.970060329306795754e-01,-9.918768212579793797e-01,1.272020890204495214e-01
-9.931463953843910897e-01,1.168770179932338421e-01,6.321434143795197080e-01,-7.748514074689435427e-01
-4.254323023827749628e-01,-9.049902519305338400e-01,7.933584785502741932e-01,-6.087547326406539394e-01
7.988640326182471219e-01,-6.015116436021102908e-01,9.624146295498337000e-01,-2.715843898836169390e-01
6.557600846101880876e-01,7.549693446968817057e-01,7.270873102991326498e-01,-6.865450044985927924e-01
-2.343944574608162849e-03,9.999972529581424574e-01,-8.761748076255122530e-01,-4.819934714105540419e-01
-9.642229868744710553e-01,-2.650924962779475091e-01,-9.400384567684174630e-01,3.410684679011710130e-01
3.030973700108026136e-01,-9.529595921614592013e-01,1.555025688450750176e-01,-9.878354878635322578e-01
9.741664410954579134e-01,2.258312313286398310e-01,-6.390897274281118201e-02,-9.979557320858268854e-01
9.949624558664769136e-01,-1.002482489430565615e-01,-9.714182060133950136e-01,-2.373745332290666810e-01
-9.601297995971306287e-01,2.795545884538003789e-01,8.532063908668446883e-01,5.215734412179870993e-01
-6.336943047150802588e-01,7.735835625009563898e-01,8.940704836432079583e-01,-4.479263000516940929e-01
-2.652329910997052176e-01,9.641843498171414062e-01,-9.613430211748306142e-01,2.753535829410054814e-01
4.575881630588768401e-01,8.891642553704027785e-01,-6.534227376005425914e-01,7.569932139633832602e-01
2.582560460367089861e-01,-9.660765056068205681e-01,-6.865260107845105875e-01,-7.271052444566096229e-01
9.610164446458848708e-01,-2.764912170760274734e-01,-4.604838517667692033e-01,-8.876680811328298004e-01
-8.563762553539258082e-01,5.163523111848999925e-01,2.445010602915221321e-01,9.696490249138197681e-01
9.556463789220411842e-01,-2.945165503892617775e-01,5.194890486705596722e-01,-8.544771081259912027e-01
4.472462274888579503e-01,-8.944108742613680052e-01,-2.483070331467830960e-01,9.686813806870876453e-01
-9.929208125153321518e-01,1.187781969634692653e-01,3.874156145207364177e-01,9.219051695405120483e-01
-4.594337663496279589e-01,-8.882120323086123426e-01,-8.319923426275230849e-01,5.547871139537816632e-01
-9.177151425827329012e-01,3.972391182579507185e-01,-1.218411217335485935e-01,-9.925496164196078164e-01
-9.326992948049400711e-01,-3.606549950719767361e-01,9.765407122030266285e-01,-2.153328526026754286e-01
9.342251356526076744e-01,3.566838879384191530e-01,3.639219899111513223e-01,-9.314294311750664912e-01
-3.312580021661075125e-01,-9.435402142998035036e-01,9.305800535236019577e-01,-3.660884646967316747e-01
9.454226638349616518e-01,3.258465692733392149e-01,6.344865135336732465e-01,7.729339325866628752e-01
4.091361539926676172e-01,-9.124733461839245052e-01,9.016541155730278811e-01,4.324579238148156257e-01
4.536933665678887784e-01,-8.911578587053448075e-01,-9.349884912326096309e-01,-3.546780529756080602e-01
8.110660899471569540e-02,9.967054318992037976e-01,-2.504998702752338491e-01,9.681166329487842503e-01
-4.464883315626535509e-01,8.947894555583442155e-01,4.710086521930037518e-01,-8.821285901496050963e-01
-9.931129756157085486e-01,1.171606489556674402e-01,-4.707711668837053498e-01,-8.822553533025200290e-01
-8.211626909320237644e-01,-5.706941694298949264e-01,9.831342719395589347e-01,-1.828852190251401555e-01
-2.325511999490970649e-01,9.725841554344976103e-01,-3.010670907147545983e-02,9.995466902895959738e-01
-8.358542570650498993e-01,-5.489514194773829070e-01,-9.960135270465884094e-01,8.920232026250664303e-02
-2.957638426148369581e-01,9.552610896512565564e-01,-9.999696257702965774e-01,-7.794070618944828714e-03
9.398318705592461075e-01,3.416373151181066325e-01,6.795180059475602885e-02,9.976886051248308185e-01
9.998738985539893376e-01,1.588039641969236221e-02,-8.440133321645081343e-01,-5.363221933955033549e-01
8.047448279032762830e-01,5.936208907736707507e-01,-9.371782507720604061e-01,3.488508653849393681e-01
2.623618469530953901e-01,-9.649695649414858911e-01,-9.444897335319610843e-01,3.285409308636065284e-01
9.707804810003202167e-01,-2.399692849278568241e-01,-6.505779799475026604e-01,7.594394590798050348e-01
-8.965469852634534442e-01,4.429486462503445798e-01,9.943480162543366641e-01,1.061697818169810292e-01
-9.968259837689373848e-01,-7.961129369059470606e-02,-9.903787958781754552e-01,-1.383829493647799613e-01
6.036903486291113063e-01,7.972188927591103980e-01,-5.103811434758633858e-01,8.599483056464906072e-01
-9.490340759002268145e-01,-3.151734804519606969e-01,9.999656134267433938e-01,8.292886353786759618e-03
6.146189161733106587e-01,7.888241805890239267e-01,-3.560813887723420224e-01,9.344549451792527606e-01
-7.656274015344871620e-01,-6.432842933101579064e-01,-1.789086791704700696e-01,9.838656841853352653e-01
9.133545411940122705e-01,-4.071651778827303225e-01,-7.841413708733602217e-01,6.205822350702986379e-01
3.346050963103996412e-01,9.423584400445025322e-01,6.760183858553198144e-01,7.368847548874707387e-01
9.137888858099842138e-02,-9.958161972581593968e-01,-9.988348005466135549e-01,-4.826014107943340375e-02
9.891165730637309084e-01,1.471339691935930338e-01,-3.538254010890746204e-01,-9.353114911857736136e-01
-7.093125115459200103e-01,7.048941487659114991e-01,-6.836966890807434361e-01,-7.297662895338680178e-01
7.675069190403931430e-01,6.410406611324459547e-01,3.313672187877370057e-01,-9.435018634390077708e-01
-6.002968228330789469e-01,7.997772968123757487e-01,-9.548800118800137016e-01,2.969918566426105744e-01
4.621620509275406463e-01,8.867954886457470876e-01,-9.928137969740098434e-01,-1.196693968316445145e-01
-6.995360920924356130e-01,7.145972682987554725e-01,3.704714978399269998e-01,-9.288438347150940189e-01
-8.687025022697126841e-01,4.953341927934510891e-01,-8.985829384992300994e-01,4.388037176666678696e-01
-3.125472061598892348e-01,9.499022286117911884e-01,-2.994443745359277043e-01,-9.541137597576020424e-01
-5.536255502909708248e-01,-8.327657233970546802e-01,-9.167595316978589537e-01,3.994395586833162093e-01
8.728091350355585698e-01,-4.880616905663463512e-01,-8.693658449861106918e-01,4.941690273292992375e-01
-8.112101426008985205e-01,5.847547387934790564e-01,6.407989436437784569e-02,-9.979447715872107327e-01
3.543965305021511414e-01,9.350952353466666089e-01,4.549032670210125806e-01,8.905408568132117120e-01
-1.298373404978251655e-01,9.915353069923691365e-01,-5.283042296053152009e-01,8.490551460188757726e-01
6.079344059359355068e-01,-7.939872530962452934e-01,1.615690351544019632e-01,9.868614121948814377e-01
-9.003924389271300566e-01,-4.350786778536203658e-01,-6.331050314892325837e-01,7.740659010078003721e-01
-9.603130224834003359e-01,2.789245397034765261e-01,1.229963802640440945e-01,9.924071193023268345e-01
5.896303380713556752e-01,8.076732411228311204e-01,-8.780996886292574688e-01,-4.784777286658189466e-01
-9.505256594037972961e-01,3.106460539182436253e-01,2.980661561531892101e-01,-9.545452145163489943e-01
-1.780658490785931025e-01,9.840185737027120627e-01,2.280229431645337534e-01,-9.736557591831846992e-01
9.369086792840833899e-01,-3.495742076900906770e-01,-6.589566208923933743e-01,7.521809435116516562e-01
7.462344582279308858e-01,-6.656832079550050185e-01,9.975074120292217739e-01,-7.056176689089004028e-02
8.642316477369308414e-01,5.030940856836915165e-01,-8.311051223908144658e-01,-5.561153437334285243e-01
-9.945305465064669947e-01,-1.044461203949107048e-01,-8.067964727563313732e-01,5.908294606296661255e-01
1.560723722571706884e-01,9.877456224241234484e-01,5.119550188573260829e-01,-8.590122575765697377e-01
-8.469340773998321747e-01,5.316979109784946145e-01,-1.261185541084053618e-01,-9.920151764512502579e-01
7.152693701283902028e-01,-6.988488593080308675e-01,-4.553177286986620498e-03,-9.999896342345721001e-01
-9.850936367656027981e-01,-1.720189722208532168e-01,3.319937720752096921e-01,9.432815779518191057e-01
-5.047913940166618429e-01,8.632413616867041783e-01,-9.802599635399494860e-01,1.977129330131363050e-01
2.615186494044753895e-01,9.651984231305287265e-01,6.462322335460832790e-01,-7.631408129081030944e-01
3.109576000657667261e-01,-9.504237849303533991e-01,-9.996781594851756880e-01,-2.536882828062195921e-02
-7.092449367214559430e-01,-7.049621406394657175e-01,-4.060511176956712598e-01,-9.138503651135103656e-01
-9.799371102146774426e-01,1.993069492619541916e-01,-8.512130737369515421e-01,-5.248202578972072097e-01
2.028835593995306497e-01,9.792028703621007413e-01,5.482705118737528638e-01,-8.363010497480515282e-01
-5.049599636363266697e-01,8.631427663627840863e-01,-2.154495426838028693e-01,9.765149740568960235e-01
9.683380366179321630e-01,-2.496426382630345941e-01,-8.896468200922450498e-01,-4.566492477818797080e-01
-9.920437177723424593e-01,-1.258938522265042326e-01,7.149062863648988353e-01,6.992202812533038214e-01
-8.115917372315691880e-01,5.842250012259349035e-01,-3.668928816015576966e-01,-9.302631957839164745e-01
-9.909552676418748041e-01,-1.341926135553680455e-01,-1.130571691465733497e-01,-9.935884844866929022e-01
1.811347391720025124e-01,-9.834582890316653225e-01,9.639959863035501009e-01,2.659167884708401597e-01
-5.364045850616050437e-01,8.439609713279917491e-01,-4.495568130830792652e-01,-8.932517404464350719e-01
4.331210965224134846e-01,9.013357397480820099e-01,-8.597493850852081509e-01,5.107161587864696983e-01
-8.609462768660737231e-01,-5.086958898501598991e-01,7.111078490263745833e-01,7.030829446467059540e-01
-5.079371646833921172e-01,-8.613941239255098470e-01,-8.760266839367439884e-01,4.822626349104728871e-01
-2.321132386725837105e-01,-9.726887705905338244e-01,3.432686795970788518e-01,9.392372509689327353e-01
7.374604597443265019e-01,-6.753903096089598490e-01,-8.625263124507838164e-01,5.060122136174706187e-01
-6.899061899424663302e-01,7.238987837253696433e-01,-7.473581740974069021e-01,6.644213720296707759e-01
8.899919660483579520e-01,4.559762059245837662e-01,-7.287284367539380303e-02,-9.973412398244954069e-01
9.659506220109786989e-01,-2.587264884711329427e-01,1.515644728448443945e-01,-9.884473736983999670e-01
-9.177843862830616928e-01,3.970791108771952183e-01,-7.822786706815222368e-01,-6.229286326672988094e-01
-7.148059280241937374e-01,-6.993228762606520377e-01,9.898575625518122312e-01,1.420633867644482129e-01
-5.019649236859949903e-01,-8.648879785202897574e-01,9.075432207334765966e-01,-4.199586914217969813e-01
-9.575968332144129125e-01,-2.881116190259044862e-01,-3.900244243697467139e-01,-9.208045114979876988e-01
2.774368834925395877e-01,9.607438658029240353e-01,9.770070318008624577e-01,2.132070819922934346e-01
3.230911314868124828e-02,-9.994779243222662313e-01,4.191327062792520874e-01,-9.079249828741525752e-01
3.313495926284790172e-01,-9.435080537361305586e-01,3.074261117657040021e-01,9.515719551377188612e-01
-9.451132078920951862e-01,-3.267430554241561591e-01,-8.786535972355016266e-01,-4.774597952342301554e-01
-9.974182944475231682e-01,7.181048601279615973e-02,-9.781053898538186742e-01,2.081101783645128989e-01
7.545063462495638085e-01,6.562927498221607925e-01,-8.758182331787154329e-01,4.826410906996143058e-01
8.640763376589537526e-01,5.033607878032313465e-01,7.693654308086637084e-01,-6.388089181254432702e-01
-5.335162708097075379e-01,8.457898017718721295e-01,-9.235456612758199402e-01,3.834884764091464060e-01
-3.730625317122868712e-01,9.278062014410223268e-01,8.900228446727587173e-01,4.559159308037067371e-01
9.579043188670411935e-01,-2.870876449725237034e-01,9.443186235566082276e-01,-3.290324257640163674e-01
2.096900205188937383e-01,-9.777679148421601907e-01,8.779218386281079090e-01,-4.788039737302129395e-01
-5.362283532064123781e-01,-8.440729549141703369e-01,-4.004167121664271023e-01,-9.163331580914382268e-01
-9.938584206306775304e-01,-1.106591150402675416e-01,-9.797199717033718835e-01,2.003715974022872159e-01
4.961814839218994799e-01,8.682188289901698885e-01,8.345651882992527471e-01,5.509091998496965514e-01
9.908527172132247651e-01,-1.349477409635639336e-01,2.532400136377504496e-01,-9.674034812283610618e-01
-7.072875755827811028e-01,7.069259405526379103e-01,8.896392551850800245e-01,4.566639854791880726e-01
7.826818494812317617e-01,6.224219810487403581e-01,9.085347624350039730e-01,4.178092692212210801e-01
-9.992410505182781622e-01,3.895282992451210013e-02,-9.725400390510912096e-01,-2.327356277893481429e-01
7.026410802417205614e-01,-7.115444556433195844e-01,5.351462981069442515e-01,8.447593974750642332e-01
7.595524715564329066e-01,-6.504460338510137385e-01,9.988206753192320209e-01,4.855160712925175870e-02
9.976272730849730097e-01,6.884637969450971284e-02,-8.855626033553930521e-01,4.645200485860849771e-01
7.554701580043731157e-01,-6.551830586674592949e-01,6.507980253714752417e-01,7.592509006728860310e-01
-1.345797279072608321e-01,9.909027686087105158e-01,5.330896764710506552e-01,8.460587431378453482e-01
9.701687073546807483e-01,2.424307721180373187e-01,8.854923417335319735e-01,4.646539709625495118e-01
5.764964547340749590e-01,-8.170996497851670259e-01,2.784253755262278696e-01,9.604578649077111230e-01
6.559540688714544654e-01,-7.548008078499804929e-01,-2.151733110983928277e-01,-9.765758783581305336e-01
-8.227081021905443547e-01,-5.684640521528453450e-01,3.618496127014520503e-01,-9.322364816868138337e-01
-8.926160925653480183e-01,-4.508176031316546428e-01,-9.558551511179419480e-01,2.938382719818782851e-01
3.862811414432538171e-01,-9.223810924803786948e-01,-9.991522713835054859e-01,-4.116720283407480224e-02
2.261657679469666615e-01,-9.740888282949141663e-01,9.790248087123171183e-01,2.037410707879266647e-01
7.709355002795988954e-01,-6.369132236094997568e-01,9.066478689578604255e-01,4.218881862699765395e-01
-9.455806020011594537e-01,-3.253879609314469512e-01,-4.753150684318101227e-02,9.988697391838520234e-01
9.794098106140635140e-01,-2.018822004856401509e-01,-9.622016848802465994e-01,-2.723378739977506680e-01
9.997069480211637771e-01,-2.420781027293011228e-02,-6.560491671450442708e-02,-9.978456768974263147e-01
7.436577662718076853e-01,6.685604884104544565e-01,-7.901432229904440385e-01,-6.129222521350269348e-01
5.854636772465351413e-01,-8.106986385981937993e-01,-7.789662977505965591e-01,6.270657915791044701e-01
-9.999993763929019286e-01,1.116787270384989083e-03,7.361364694759978677e-01,6.768331391911992512e-01
-7.606765997652936706e-01,6.491310426789888011e-01,1.921514072062013856e-01,-9.813652921866946599e-01
-7.580656852444345173e-01,-6.521782094296665333e-01,-6.555712396840883693e-01,7.551333323983702162e-01
9.388084198825679128e-01,3.444397636127339846e-01,-8.751312068055454307e-02,-9.961633669779021982e-01
-9.991760790552488558e-01,-4.058525648285575549e-02,-9.966767658969266641e-01,-8.145811390673683705e-02
6.886153966534581672e-01,-7.251267720142461348e-01,-7.117817897417415274e-02,-9.974636167990892366e-01
2.275666792674450878e-01,9.737625000415592869e-01,8.350806996081446831e-01,-5.501274626320445948e-01
-8.949371816140341274e-01,4.461921569959845790e-01,8.794046157464243674e-01,-4.760751220174014309e-01
9.285708382797256411e-01,-3.711552212976232390e-01,-9.757701859611704887e-01,-2.187979528910241611e-01
-9.009481731451949305e-01,4.339267096023658454e-01,-9.973868295398252704e-01,-7.224619201380425015e-02
-6.294878568037494126e-01,7.770103204826962484e-01,-9.835145084205158816e-02,9.951517432619326753e-01
-9.310124623319174786e-01,3.649873901693865275e-01,9.197388907487560328e-01,-3.925307285350380648e-01
-9.925397778428025619e-01,-1.219212426107938452e-01,-9.652490361979795264e-01,2.613317778588581941e-01
-6.753729178247902531e-01,-7.374763873296751315e-01,6.955009995933044697e-01,7.185251279981197392e-01
3.131539993143305223e-01,-9.497023600652155784e-01,-9.119323526288639625e-01,4.103405710245883742e-01
-9.550551013406480827e-01,2.964283275991085875e-01,6.979258410946970193e-01,7.161700359078559952e-01
4.114051801477220938e-01,-9.114525647271065623e-01,-9.998734856858542130e-01,-1.590637049800587566e-02
-9.776387195527199703e-01,-2.102915453158259729e-01,-9.267963991441712235e-01,-3.755641550166869402e-01
-5.277415003360719226e-01,8.494050322567153755e-01,-5.238680795317103289e-01,8.517994102180146410e-01
-5.466530799970852339e-01,-8.373591882398498942e-01,9.003626644163299497e-01,4.351402906249054459e-01
-2.014196450069096478e-01,-9.795050416436306140e-01,9.376542207986958699e-01,-3.475695070318892688e-01
-9.342192221042124878e-01,-3.566993762974645654e-01,1.462059765226939867e-01,-9.892541697809746903e-01
9.373951562656347436e-01,3.482675997128160117e-01,5.298776570649899043e-01,-8.480740937815026692e-01
4.823984326340782225e-01,8.759519120318105534e-01,-6.700719987480117101e-01,7.422961110593564449e-01
-2.199684432226005626e-01,9.755069881790829900e-01,6.800085202363861936e-02,-9.976852630584753800e-01
-2.035600401211680732e-01,9.790624648437240563e-01,-9.957797247339171820e-01,9.177548588182042610e-02
-4.628089335471271548e-01,-8.864580593739169734e-01,3.025353206091671576e-01,9.531381745496864122e-01
9.933616913040576035e-01,1.150328224879413469e-01,7.096640036240414728e-01,7.045402770319781904e-01
3.569207556179899293e-02,-9.993628348813512474e-01,-5.623477017690070578e-01,8.269008781680642350e-01
-9.625037655194770836e-02,9.953571544996340226e-01,6.491990367962134911e-01,7.606185710478470252e-01
-3.682521738922421295e-01,9.297259469454629555e-01,9.999408531614845108e-01,-1.087612884635544459e-02
-9.846633389204160203e-01,-1.744652085262214380e-01,9.526188272635479626e-01,3.041666811848770524e-01
2.124639235154112127e-01,9.771689112965258328e-01,-9.323976001218357013e-01,3.614342475292586232e-01
7.479101663407579093e-01,-6.637999571287571676e-01,-9.550389270127046526e-01,2.964804342455364394e-01
8.595602130337510749e-01,5.110344804114224093e-01,-3.127907417041436711e-01,9.498220632856302359e-01
-9.395591362663061608e-01,3.423866665898553929e-01,-9.011786932718813814e-01,-4.334477624729239920e-01
5.848446641377980093e-01,-8.111453130170611647e-01,5.879020370849749044e-01,8.089321323765898963e-01
-7.465940377697821706e-01,-6.652798980629228698e-01,2.114690633718834534e-01,-9.773846915297058624e-01
-2.628396807322372908e-01,9.648395214918259466e-01,-4.951732997808222514e-01,8.687942237285949387e-01
-8.785977838647133220e-01,4.775624924426274398e-01,-8.397778415833992982e-01,-5.429301767129240952e-01
-2.687521008863871241e-01,-9.632093792468765514e-01,-2.142217826029681749e-01,-9.767850469056160723e-01
9.859198719212788342e-01,-1.672184384292866588e-01,7.666629413765344569e-01,-6.420497911532099256e-01
7.829333309730819312e-01,-6.221056174407963990e-01,5.132937831438839638e-01,-8.582129643543259245e-01
-5.486699101155528835e-01,8.360390718942454225e-01,-7.772420585938955018e-01,-6.292017024394669367e-01
9.999358948593813912e-01,-1.132281642384752422e-02,-7.640386861535486407e-01,6.451704317936146627e-01
9.997575596788330632e-01,2.201867082783337537e-02,-9.997972869455524769e-01,-2.013417533231946430e-02
9.849688284579369846e-01,1.727321827749510041e-01,1.174425131839433867e-01,-9.930796826524240783e-01
4.474872969991695593e-01,-8.942902878955898416e-01,7.183254054347963935e-01,-6.957072745824464111e-01
3.122260303715711505e-01,9.500078452088754899e-01,7.948226304510929152e-01,6.068418130969596147e-01
9.279863181954737250e-01,3.726142687042581225e-01,-7.495135136176841462e-01,6.619890428885311096e-01
8.066330673171064058e-02,9.967414062569619482e-01,1.633599769208003982e-01,-9.865665299109004360e-01
-8.941234084415791150e-01,4.478206454338756748e-01,-9.091971224245276595e-01,4.163659358964880708e-01
-1.218025213855734867e-01,-9.925543540704040435e-01,-4.939721424748774736e-01,8.694777297083459144e-01
-7.100527876820597051e-01,-7.041484493378763476e-01,-8.487518382864495115e-01,5.287913738000769026e-01
7.769978850870973286e-02,9.969768015684726814e-01,-7.983822084161916743e-01,-6.021510186693075362e-01
-9.997888801919618817e-01,-2.054738534468044178e-02,9.999992505258528119e-01,-1.224315209652448305e-03
8.944438089129128633e-01,-4.471803581300956010e-01,-9.990308420134658141e-01,4.401564160461044622e-02
3.971927355338117360e-01,-9.177352182624177734e-01,2.578409294544068975e-01,9.661873809453772610e-01
-4.438271185299939581e-01,8.961124309244697939e-01,5.206406209492914217e-01,8.537759330278268388e-01
9.937975374767005210e-01,-1.112045615307482166e-01,9.648061017516265103e-01,2.629623281438427385e-01
-2.570763886846042512e-01,-9.663910856278022932e-01,-9.324865155910607717e-01,-3.612047871233745044e-01
9.240012585614479912e-01,3.823894273863494564e-01,-9.610403173573911495e-01,-2.764082278326839281e-01
9.756959852520730170e-01,2.191286023388695492e-01,2.775793604339792386e-01,9.607027108638046542e-01
4.904952536293648580e-01,8.714438628890933680e-01,-3.367898346793188891e-01,-9.415798464584280714e-01
-1.386872036021828680e-01,-9.903362356073853734e-01,-5.584703441226710613e-02,-9.984393365384574004e-01
4.044072338161622815e-01,9.145790229592847265e-01,-5.713457998572180757e-02,9.983664857004441728e-01
-9.973966233633703160e-01,-7.211085704210785929e-02,-5.573961543656489326e-01,8.302466664181107348e-01
8.331757192184686689e-01,5.530083371024233641e-01,9.982084316307555660e-01,-5.983249135099801691e-02
8.789754361574928510e-01,-4.768670492199532096e-01,-7.038313583598345691e-01,7.103671015674573042e-01
-5.566700500825955134e-01,8.307336849683180091e-01,6.781681444310878881e-02,-9.976977897533846340e-01
8.379811146602675898e-01,-5.456992316952036237e-01,-9.562085338317491967e-01,2.926862481008232209e-01
9.406158038345467931e-01,-3.394729879926964289e-01,2.689893816788450631e-01,-9.631431422919609631e-01
9.992586806528912513e-01,3.849791085037001376e-02,1.192421331660999256e-01,-9.928652041833262443e-01
-9.747170181870346006e-01,2.234429109561904825e-01,-4.940607006127122336e-01,-8.694274116394513641e-01
9.880240991405645490e-01,1.542996419875168335e-01,6.118060176043838005e-01,-7.910078361325281193e-01
8.398984322228617572e-01,-5.427436075621516753e-01,9.279576667745237373e-01,-3.726856164039364372e-01
-9.933190642597505837e-01,-1.154003317938619433e-01,-8.763571633490991886e-01,-4.816618339112206382e-01
8.911661731928178787e-01,4.536770346368312334e-01,7.865385367570301711e-02,9.969019868081120395e-01
7.694037671996726280e-01,6.387627439190172174e-01,-8.039235698179476586e-01,5.947326238665300302e-01
-7.438830258818532881e-01,6.683098411701402508e-01,5.216265283942041892e-02,-9.986386021222862786e-01
9.303171659885706157e-01,-3.667560097217145709e-01,-5.832852843175704294e-01,-8.122673679882572717e-01
-3.510688621499889472e-01,-9.363496430440458873e-01,4.382550304111973438e-01,8.988506707564279941e-01
6.735647253732451878e-01,-7.391282437661713667e-01,9.486209898342823355e-01,3.164146293170188029e-01
-6.681493726452549797e-01,7.440271606828289253e-01,-4.088693089078311305e-01,-9.125929477227141540e-01
9.633644366547777782e-01,2.681957534876768801e-01,-6.779655989816517694e-03,9.999770178682406696e-01
9.870085658836788012e-01,-1.606676410240832353e-01,-9.999978535750290165e-01,2.071918274155099948e-03
9.941843239589391867e-01,1.076918288186581169e-01,-2.043920776413674090e-02,-9.997910975728752092e-01
9.463935786613609791e-01,-3.230157802159863700e-01,-9.234780060798277734e-01,-3.836513681545075660e-01
-6.784658169976915953e-01,7.346319725996512950e-01,8.661219922896156165e-01,4.998326664717574475e-01
9.979909004253268989e-01,6.335741999359935372e-02,3.937993683525679023e-01,9.191964194257495890e-01
-3.730427854359373296e-01,-9.278141409971057962e-01,1.915260090459423026e-01,9.814875383105654549e-01
9.925344685699886149e-01,-1.219644567096919291e-01,-4.939245777752479527e-02,9.987794476833689039e-01
9.767668546435095411e-01,-2.143047168632203903e-01,-9.167450732436438487e-01,-3.994727408516207667e-01
5.308466284903561316e-01,8.474679091389961672e-01,-9.996895694400428356e-01,-2.491515106881286162e-02
4.186722561540392462e-01,9.081374025591537613e-01,2.900739973805979699e-01,9.570042194492356380e-01
-9.164045842808865583e-01,-4.002532172375077302e-01,9.112614181375211508e-01,4.118283960753480466e-01
-6.503800545093861851e-01,-7.596089682832660728e-01,4.738485609053643133e-01,8.806063486756811054e-01
-6.644023078617515565e-02,-9.977904067152979506e-01,9.951886135777765485e-01,-9.797766788989713260e-02
4.197985573725296904e-01,9.076173043898749793e-01,-9.805355856330464359e-01,1.963414508127577784e-01
9.670128310956088713e-01,-2.547276673164016736e-01,6.722942199229310356e-01,-7.402840548453125669e-01
-6.435075370019437413e-01,-7.654397754374226981e-01,5.814257939910115747e-01,-8.135994383490697812e-01
5.726738225643785984e-01,-8.197833207314617621e-01,-9.973817463028463726e-01,-7.231633385262702107e-02
-9.684803941862059062e-01,-2.490897952083370448e-01,-2.687924790335025071e-01,-9.631981121321948613e-01
-8.584202180903566237e-01,5.129471017304850777e-01,3.519931928890016049e-01,9.360025599109257355e-01
9.897409674582574590e-01,-1.428734311717634875e-01,-3.774720979248390451e-01,-9.260209583417756685e-01
-8.698077500971238551e-01,-4.933907962973969052e-01,-1.401832200133880935e-01,9.901255803314435999e-01
6.700961975334125409e-01,-7.422742660575413209e-01,4.930668196402612224e-01,-8.699914432739198622e-01
9.572451226815386072e-01,-2.892780238843009610e-01,8.647950605432807025e-01,5.021249876872724283e-01
-4.520040450511316754e-01,-8.920158873346452078e-01,1.448729528082609574e-01,-9.894502653214134469e-01
-9.530960285196762305e-01,-3.026680697067672954e-01,8.092499451663581755e-01,5.874644893508426113e-01
9.997567029155156604e-01,2.205753783850926061e-02,7.340632994028167824e-01,-6.790810500005507455e-01
9.685524638289906285e-01,2.488094146345586621e-01,-3.340310361335719902e-01,9.425620758865340676e-01
3.039260175532048636e-01,9.526956365252488013e-01,-5.652317884603196285e-01,-8.249321337624984096e-01
3.913249134043512711e-01,9.202525806261436792e-01,-9.969184569293163545e-01,7.844482286085444067e-02
-2.989593695360412418e-02,9.995530165797440469e-01,-6.674314658675042367e-01,7.446712283752842110e-01
-3.383514875227535690e-01,9.410198036657569931e-01,-6.107111297348079004e-01,-7.918534687794419602e-01
-6.377410082220122955e-01,7.702508723993575224e-01,9.461321197449986675e-01,-3.237808085523839474e-01
-8.779292356999007785e-01,4.787904104129364624e-01,9.665682951102205767e-01,2.564093034344140931e-01
8.131832330436841172e-01,5.820077572478061789e-01,8.728116024705112608e-01,-4.880572779836995223e-01
9.647859672324070601e-01,2.630361903454139227e-01,-7.741784158623501444e-01,-6.329674402470177874e-01
-4.598898248964490842e-01,-8.879759844481794895e-01,3.523831435270569079e-01,-9.358558223134532117e-01
-9.726116723886393256e-01,-2.324360874162488266e-01,-7.454176358796436030e-01,6.665977408599604859e-01
-9.390457357651987857e-01,3.437922427007281123e-01,-9.843911744279794096e-01,1.759943627173989333e-01
-6.639473712722513410e-01,-7.477793044613277873e-01,6.792654666536186436e-01,-7.338926527850252457e-01
4.689257404151336295e-01,-8.832375954272546625e-01,-8.602553807815173093e-01,5.098633933088809744e-01
-8.985601590704660468e-01,4.388503623460494052e-01,-9.763811385344404181e-01,-2.160552529196870519e-01
-6.319886254551059235e-01,-7.749776624492901167e-01,9.919604569192383980e-01,1.265482196973774787e-01
9.577522537462402896e-01,-2.875945417493129264e-01,5.432435848094178121e-01,8.395751351507576565e-01
5.338332301688770709e-01,-8.455897837411842088e-01,-6.292235020027652226e-01,-7.772244106610241010e-01
-8.938437075477154714e-01,4.483786641638450865e-01,-2.060046328390583159e-01,-9.785510161707691168e-01
-6.143118954325302861e-01,-7.890633023592542594e-01,-8.683171176431389027e-01,-4.960094587887526885e-01
4.423586299122010956e-01,8.968382477025610422e-01,6.212624904605261733e-01,7.836025254852007071e-01
-9.285636726664534546e-01,-3.711731480107196002e-01,-9.417406104398953204e-01,3.363400402097455055e-01
9.931261555295631815e-01,-1.170488752746899758e-01,-6.133774306245876051e-01,7.897899262464539438e-01
-9.933859157056471600e-01,-1.148234404538239495e-01,-9.996284534151614887e-01,2.725720313627824631e-02
8.984095259609419237e-01,-4.391586543182721680e-01,6.860527008118399994e-01,-7.275518481240907942e-01
-8.352374516446926522e-01,5.498894428610897611e-01,1.617780883880421683e-01,-9.868271632446640185e-01
9.999736596370635278e-01,-7.258101133101346226e-03,8.639566366753602678e-01,5.035662120760282523e-01
-8.786570602065258973e-01,-4.774534223871744198e-01,7.717501414255576453e-01,-6.359258755622637649e-01
9.649394013727794484e-01,2.624727636886197146e-01,-9.843072164894571818e-01,1.764633207405345294e-01
-8.550772781718501969e-01,-5.185005770047130813e-01,-3.855572221307301817e-02,-9.992564517102846544e-01
-1.537821269235121469e-01,9.881047805971190368e-01,6.372340409485237611e-01,7.706703426604757379e-01
9.792466024092980614e-01,2.026723752015702484e-01,-4.777870578371514187e-01,-8.784756839909221293e-01
4.306243532174231503e-01,-9.025312550909668774e-01,8.581050463704453790e-02,9.963114760424752747e-01
-1.609608075200180122e-01,9.869607988377774310e-01,-9.259834620191719212e-01,3.775640714726293812e-01
2.883212681413240830e-01,-9.575337311747188496e-01,9.943922788358435794e-01,1.057544126344518859e-01
-2.378271069769966328e-01,9.713075039280568701e-01,5.795680931598482521e-01,8.149238156975517899e-01
3.427172868850207887e-01,9.394385883442144536e-01,8.372515922441289282e-01,5.468178593322194914e-01
9.866200278705273830e-01,-1.630365621716790281e-01,6.439467470194137899e-02,9.979245091037854953e-01
-6.453552749496621610e-01,7.638825623711055224e-01,8.089501797286827722e-01,5.878772037738254630e-01
-8.039042385218417852e-01,-5.947587538545505703e-01,-3.569400160306991365e-01,-9.341273066108303214e-01
-7.705873598259763702e-01,-6.373343870186444216e-01,9.833997434515701075e-01,1.814523204023195391e-01
-9.286772112249297439e-01,-3.708889825156408415e-01,-7.386132549744229836e-01,-6.741294086272220376e-01
8.597673203732820735e-01,-5.106859649707893301e-01,6.339908916033167863e-01,7.733405132049085973e-01
-4.571167769544468018e-01,-8.894066855082541911e-01,9.412239226351993837e-01,-3.377832551492276902e-01
-8.225797975438136067e-01,5.686496959225235681e-01,9.129329717512417730e-01,-4.081095307505650527e-01
6.488763695413460875e-01,-7.608938539972854853e-01,1.533115205084474852e-01,9.881779079089897388e-01
4.197270515982624017e-01,9.076503744045002486e-01,-7.525106954628753009e-01,-6.585800279495118703e-01
-9.616205661871507493e-01,-2.743827375873045815e-01,9.845584841431077594e-01,1.750559661988868310e-01
9.521194358653252143e-01,-3.057263152682394569e-01,9.095546185616228962e-01,-4.155844028031137061e-01
-7.053379531643962919e-01,-7.088711955114693763e-01,-9.895875995936116443e-01,-1.439318683633121487e-01
4.084681424744459610e-01,-9.127725765947811709e-01,9.633485073903056417e-01,2.682529651446006191e-01
-5.695397707781401087e-01,-8.219637762711832218e-01,-5.490227812801369289e-01,8.358073854874835673e-01
5.324850050201641594e-01,-8.464394363619146544e-01,8.856708826247364774e-01,4.643135661066994380e-01
9.397859274212049252e-01,-3.417636765676917987e-01,-7.821733491164986063e-01,6.230608733758523643e-01
-1.435240912090417487e-01,9.896468234893792681e-01,-4.821591823516929720e-01,-8.760836277855823528e-01
4.836186660523876801e-01,8.752788046363907393e-01,-9.821573987977254561e-01,1.880607454704084081e-01
-9.949451825416298911e-01,1.004195386227338671e-01,-7.447774007148758590e-01,6.673129875735922534e-01
-2.978668532724533247e-01,-9.546074259723558164e-01,7.325840479231218172e-01,6.806765845308424545e-01
1.428215258371541563e-01,9.897484588305995867e-01,3.179355498608076730e-02,9.994944571438838521e-01
9.996679674655832848e-01,2.576732083918495397e-02,8.084874815052760511e-01,5.885133747411828153e-01
-5.513057883489604905e-01,8.343032588531170690e-01,3.534673889935674440e-01,-9.354468477246957736e-01
9.809190711343114266e-01,-1.944165010615089839e-01,6.601807848102648757e-01,7.511067376660276462e-01
-3.389302772190755930e-01,-9.408114939690099821e-01,-8.257596906691597738e-01,-5.640221035260706284e-01
-8.138839643622775011e-01,5.810274456116018005e-01,-5.502847309208072080e-01,8.349770744849314141e-01
3.530275360468807522e-01,9.356129321427041345e-01,1.503598597087781319e-01,9.886313329994941279e-01
-6.183025388461586003e-01,7.859401824925320579e-01,-6.399938616908300570e-01,-7.683800212121985052e-01
4.826375085854992530e-01,8.758202071808929290e-01,-9.637275510013469937e-01,2.668880054272691482e-01
7.850997442613157906e-01,6.193693498719617940e-01,-8.095538908661347177e-01,5.870455670418629479e-01
8.331843805714438389e-01,-5.529952874770086568e-01,-8.345910377756089460e-01,-5.508700388155377548e-01
9.998910235890384746e-01,-1.476282310619827891e-02,-9.984951777761539304e-01,5.483958385843862998e-02
5.138228004306293339e-01,8.578963397506866873e-01,-3.297617458700564108e-01,9.440641879452542629e-01
9.418926971929808545e-01,3.359138981562563298e-01,-9.319315374913222927e-01,-3.626342640030865150e-01
-4.802724639266693352e-01,8.771193535624476345e-01,-4.845121147581357146e-01,-8.747845509910421313e-01
-9.711230593355431040e-01,2.385791349359270286e-01,9.859682641456848362e-01,1.669328670380551272e-01
2.800694719336601635e-01,9.599797346250600327e-01,-9.770969388397060529e-01,2.127946712445490940e-01
-3.175192905399903953e-01,9.482518126188745899e-01,9.350363451041274754e-01,3.545518767885950107e-01
3.038091714172237445e-01,9.527329045240223726e-01,3.890283006590501413e-01,9.212258036368345948e-01
1.518440074492977132e-01,-9.884044705492471827e-01,-9.285950386689310054e-01,-3.710946700768504303e-01
-2.329691353449467317e-01,-9.724841294214666698e-01,6.668968224370499520e-01,-7.451500709409922818e-01
-6.615403450637536986e-01,-7.499095757842606513e-01,7.409223440600916089e-01,-6.715907087449164425e-01
-7.592534582632404216e-01,6.507950415571016611e-01,9.049767833596630284e-01,4.254609518863011752e-01
8.410837535121445940e-01,-5.409049080734266157e-01,-8.735839842930411825e-01,4.866734247795904134e-01
9.817326516280908688e-01,-1.902656057391287903e-01,-8.670504074134518513e-01,-4.982204241138324941e-01
4.615914318003906947e-01,8.870926389551799796e-01,6.025790736811174053e-01,7.980591832449560608e-01
1.687551560727510169e-01,9.856580021989683749e-01,9.681160850723312394e-02,-9.953027240283441879e-01
-9.870603372505281081e-01,-1.603492769764607306e-01,-3.621301995710927285e-02,-9.993440934861155256e-01
8.400916136312677196e-01,5.424445415951871796e-01,8.211767492218704501e-01,-5.706739406503519296e-01
-9.213308392595891405e-01,3.887794807203963088e-01,9.985788689086119163e-01,5.329392619424092731e-02
-8.708292288758496813e-01,-4.915856528983458262e-01,2.078036613899113816e-01,9.781705568626296587e-01
-9.903976247855483805e-01,-1.382481277238288842e-01,4.661892758891997279e-01,-8.846850055505086630e-01
-4.867484526246352305e-01,8.735421820768148882e-01,-4.785567233787287877e-01,-8.780566396930296058e-01
-9.646472140705885101e-01,-2.635445927843181879e-01,7.877995330466488477e-01,-6.159317297651437650e-01
9.666821048148160900e-01,-2.559798980990439232e-01,9.361536060696322714e-01,3.515912766876103657e-01
2.728467319383763856e-01,9.620575143257017459e-01,-8.200816927122709377e-01,-5.722464655008158152e-01
-5.629594420644026265e-01,-8.264845228983640490e-01,-9.073614523493187534e-01,-4.203512754715214572e-01
9.630554313991916970e-01,2.693032418158325947e-01,9.749836245398922907e-01,2.222767011610849441e-01
9.141838984384866862e-01,4.052996420376049347e-01,-9.963929240816272737e-01,-8.485953594066206196e-02
-9.474441474247699002e-01,-3.199212207881043102e-01,-7.724309188356912603e-01,-6.350987920210915405e-01
7.903891717558135799e-01,6.126050580685397096e-01,3.605578148167638552e-01,9.327368665248308988e-01
9.901588384799590026e-01,1.399481138851765838e-01,-1.460597180446073229e-01,9.892757748801543904e-01
4.734014702021166476e-01,8.808467789635575640e-01,-6.357408732321639944e-01,-7.719025470239139208e-01
-9.181305852234932230e-01,-3.962779687002114248e-01,-9.802309339118552289e-01,1.978568073185555942e-01
-2.889859550613113615e-01,-9.573333368149788969e-01,6.277581611903930714e-01,-7.784084346015633926e-01
2.941690539982067532e-01,9.557534031693531995e-01,-5.484017569087663579e-01,8.362149921039315759e-01
-4.913082079145870695e-01,-8.709857891124038742e-01,-1.044846700786131871e-01,9.945264972430666317e-01
4.116498943852983650e-01,9.113420677509476153e-01,9.954823419637174320e-01,-9.494686323640416648e-02
-7.564853527818549139e-01,-6.540106352548958890e-01,8.481301901766213902e-01,-5.297878636878803338e-01
-8.508614074366610547e-01,5.253902029300739907e-01,9.834534641505503494e-01,1.811609335653861230e-01
-5.683059192459473108e-01,-8.228173443419983801e-01,1.298738302092485586e-01,-9.915305281365669465e-01
9.995169166711556086e-01,-3.107946730859875370e-02,7.691707522743653769e-01,6.390433114004769877e-01
