-4.237273787512372270e-01,9.196493912834634576e-01,8.786494768669466104e-01,-3.690888225196672923e-01
7.616226494840645511e-01,-6.158182873182552752e-01,9.893924528804676211e-01,7.055790952621637802e-02
-4.091029308854597923e-01,-9.251421219584232691e-01,7.683312634899938098e-01,-6.172768462471159845e-01
1.018113014064637278e+00,-5.707968332226125152e-02,9.384342479137612880e-01,3.715366946075861487e-01
1.168603971167966882e-01,-9.702949261541098380e-01,9.297503737913542787e-01,-3.071499051824860271e-01
9.115599167358426902e-01,-3.347146189466548294e-01,-2.005956876031752267e-01,9.710006902559692454e-01
1.746074483492421892e-01,9.756129350748838913e-01,-7.537105106022039536e-01,6.820522692924303465e-01
1.022642956710841933e-01,-9.858715821926083978e-01,8.263558017282371937e-01,5.091628522068849527e-01
9.544110530424375627e-01,9.340661647810949431e-02,7.554961556365343833e-01,6.517830490010556588e-01
-4.699337542218870456e-01,-8.699005944223292541e-01,-1.670723324067173998e-01,-9.594117433430554565e-01
-9.939370043836777135e-01,2.045379190057406427e-01,9.348094530834640814e-01,-3.320611785141261985e-01
-5.772559124390602703e-01,8.319448846494649219e-01,-7.677159049500819066e-01,-6.180277422716691227e-01
6.258411049367007539e-01,-8.108430999768923009e-01,-2.404514663546840625e-01,-9.468422407950479736e-01
6.048944610014705958e-01,-7.903635272811441181e-01,4.534370778320011286e-02,-9.953195483112373676e-01
9.612765105399861953e-01,1.149032823388021068e-01,-9.180847475566863980e-02,1.009346414683651938e+00
-7.568870082247511899e-01,-6.186515004837875864e-01,9.149841201985915440e-01,2.801878888300480819e-01
-6.801193445780010505e-01,6.948993107638419264e-01,1.000382742793359592e+00,4.685229904395891466e-03
-8.483844052997641105e-01,5.077596186775805709e-01,-6.066138497717717959e-01,8.327900168643744827e-01
4.301405569799571782e-01,-8.718748178395153703e-01,3.746927120331040861e-03,9.727681953644741197e-01
-3.523482341117842309e-01,8.941163171076800253e-01,8.840589303440890001e-01,4.489790200375477491e-01
8.982209190793712938e-01,-3.035755264040105317e-01,4.235898305220560101e-01,8.887206244382318543e-01
4.438868717158590549e-01,9.416397374727658587e-01,6.769224050198365816e-01,6.904486812794279338e-01
-4.973596491577870204e-01,-8.452259622871955980e-01,8.915115655424926677e-01,-4.951332600273101181e-01
-4.189904810904996335e-01,-8.775518469548501121e-01,6.424015604722317363e-01,7.806796309069345963e-01
-1.782130619394765164e-02,1.023886126300052268e+00,-9.654489515285694656e-01,-2.120650581915443367e-01
-4.258862712280366281e-01,9.038321730518114050e-01,-8.195240357024381472e-01,-5.807699791116361920e-01
4.923889433200906440e-01,-8.375376018305007442e-01,-9.226424830989324866e-01,-3.247337894119293189e-01
5.804921932594130085e-02,-9.965824085752117423e-01,7.876243772639184293e-01,5.597203397982780659e-01
-4.633386037683291936e-01,9.237455972741214216e-01,-4.763892643577483654e-01,9.031953851234295616e-01
-9.642258562297156832e-01,-1.896782825904010650e-01,9.575836756690058182e-01,3.664050860023003175e-01
9.266556119055614493e-01,4.150191122999269955e-01,-8.110050988249519754e-01,6.112152936151509230e-01
2.220226048474311653e-01,9.920670897113131881e-01,3.728894214991733125e-01,9.366178928777328938e-01
-1.004895008413877466e+00,1.055566004806080260e-01,-9.147134123851092813e-01,-4.057678303502100792e-01
8.311226979044363805e-01,5.135127999602129290e-01,-3.330108942734617550e-01,-8.834503621648999161e-01
5.619540590250173828e-01,-8.044348172821390586e-01,-1.025310734011161351e+00,-1.435277835119923573e-01
-1.825448422891417510e-01,-9.812655040449479449e-01,-9.204964534407890087e-01,3.702367011510522832e-01
9.147146892065420865e-01,-2.927815833206902640e-01,-7.876917470850074432e-01,6.217329222255373322e-01
-3.676418910209170998e-01,-9.714549932102063412e-01,5.452041226855250944e-01,-8.077936874064216566e-01
9.134390934749181401e-01,-4.046118845539374842e-01,1.995329837638319392e-01,9.799583768708455267e-01
-9.135599053369499734e-01,-3.487067658106484669e-01,-1.063530967744571037e-01,-9.993160130229097327e-01
-8.056921081401047235e-01,-5.999963540322221789e-01,3.131192237495369207e-02,-1.051217973061751021e+00
9.735625355437351747e-01,-1.239664845333496718e-01,-8.498318094790360266e-01,4.728307298839456441e-01
-5.903140835461311298e-01,-7.797830487323775817e-01,-3.306727044660610626e-01,9.094364250146604878e-01
1.015797700382254920e+00,1.816862506201537830e-01,-1.017249017638506503e+00,1.201530042252451080e-01
-1.750493418279425728e-01,-9.750385643607937247e-01,8.136076777180897279e-01,5.229840197439765692e-01
8.131976310825902443e-01,-5.244917233864377915e-01,9.192578489848854950e-01,2.664525582423243333e-01
3.167267275585018416e-01,-9.452964010314734988e-01,7.691185334152836894e-01,6.268170313821461725e-01
-8.635879477350029143e-01,-5.179260152962673613e-01,3.604422957003232675e-01,8.924830886271286623e-01
-4.523886947294987748e-01,-8.819310065891893258e-01,-9.907621914751820746e-01,-2.195188218540978370e-02
1.010569469772437445e+00,-6.879045254948963628e-02,5.697682103399065445e-01,-8.352471878350150591e-01
8.021089645289634085e-01,5.076069973962166193e-01,7.975671209405027495e-02,9.506047415871687889e-01
-5.359374048754281805e-01,-8.383675899485695249e-01,9.244975164052917638e-01,-4.089899870353993494e-01
-1.440742349840190561e-01,9.314561142629854684e-01,9.877193181810347555e-01,-2.826986203946490472e-01
-6.147875863813989650e-01,-7.677942924669205471e-01,9.139073946515158253e-01,-2.526509641103450998e-01
-7.704562360741820104e-01,-6.878308969327143751e-01,5.778061959149221050e-01,-8.436341690714594943e-01
5.890779163008881270e-01,7.886343033719953599e-01,-6.362277140850064461e-01,7.857804765461738894e-01
2.756058885747487142e-01,9.630325854063270796e-01,8.722507386821259923e-01,4.348629359108051595e-01
-7.364000893212836463e-01,-6.758007187212229372e-01,-9.319941125661382886e-01,-4.030853341170274606e-01
6.688880004019190917e-01,7.138919573543242025e-01,-9.153745541987340362e-01,-3.803102204386727414e-01
-7.684455062615530574e-02,1.011091309229281698e+00,5.800004302079782015e-01,-7.762548988241854131e-01
5.125682781049250014e-01,-8.287867224129507049e-01,1.050396333226640166e+00,-3.200954168177665149e-02
-4.474226616775480170e-01,8.669353071487064799e-01,-1.027891557574009518e+00,-5.675841695058673336e-02
-1.035717359362401835e+00,4.843729608226457484e-02,-5.464193464414345280e-01,8.118349418636934267e-01
9.524812951556502760e-01,-3.529869408860659141e-01,4.442867209649518645e-01,9.348165860036833363e-01
1.745903209115840793e-01,1.001074623699854449e+00,1.008350507066238855e+00,6.308861185673782235e-02
-7.501018035732918143e-01,6.451727216412926902e-01,-9.925456528800842282e-01,-4.201229363627489999e-02
-8.034923753006653069e-01,-6.403026549668147105e-01,-8.994658632532749332e-01,-2.890825664662164951e-01
7.273312070426966869e-03,-1.018354465668627196e+00,4.859530128181189790e-01,-8.760956736004138490e-01
8.342067210039693093e-01,-5.539961146559994054e-01,-1.006393668913208916e+00,-1.942345995286552315e-02
8.693822303410077001e-01,-5.307566071390005247e-01,8.743114800710629630e-01,-4.660801653130082212e-01
1.571557607395391853e-01,-9.817097082949961528e-01,-6.874303299185984262e-01,-7.287221660470879492e-01
1.548717570255647435e-01,9.715155899262198913e-01,5.752923969981682539e-01,-8.254869015310408731e-01
9.613861669547995037e-01,2.032654719276099919e-01,6.011376357761057942e-01,7.822563987240742645e-01
-7.137610301395912460e-01,6.810585157841919646e-01,5.644690099606465283e-01,-8.037228342187341390e-01
6.377875035197291265e-01,7.156141223158037912e-01,-4.507794505783101480e-01,-8.869493451194323530e-01
-2.797954474598333130e-01,-9.615330238269552687e-01,4.806811361347026468e-01,8.433250594915997489e-01
-5.038131991754778438e-01,-8.244210604053920921e-01,3.613125739574103434e-01,9.236133147957302780e-01
9.826127556278463349e-01,2.671063923594603762e-01,8.406473584387810227e-01,-4.318004028594409904e-01
4.946388065618320118e-01,-8.666249470526273813e-01,1.020807921458034562e+00,1.972471970645402473e-01
7.945267257770066358e-03,1.014380615209049097e+00,-9.581318933693868667e-01,2.072398417730503539e-01
-9.124013103317905049e-01,4.140989392667092095e-01,-3.806456117054721200e-01,9.296954330770830222e-01
-4.199248857269958779e-01,-9.032281544317412036e-01,-4.809086297801489218e-01,-8.275274560339611618e-01
-8.893317479104538847e-01,4.106918776952404038e-01,5.809308062001055095e-01,-9.075557706890015064e-01
-9.520453348277201355e-01,3.937207887624285529e-01,-6.497183748464794295e-01,8.141396783475529642e-01
8.734313219994299660e-01,3.693193251435984426e-01,-9.114015394006984572e-01,4.551125053072507809e-01
-8.205929406345033872e-01,5.665563690812782660e-01,1.033717231715745477e+00,-7.057417142852032144e-02
8.143943782260723574e-02,-1.043998317441497292e+00,1.504875498779078558e-01,-9.706128315429558562e-01
8.798538617179383348e-01,-5.063060568059370992e-01,7.965620373201508508e-01,-6.246557406628631126e-01
-8.373761925434356490e-01,5.646002012502713274e-01,-9.895717611876794217e-01,3.731529114385460644e-01
-9.143758715404169957e-01,4.197438229654401609e-01,6.793314634930702756e-02,1.005734913097778627e+00
-2.818258442870827940e-01,-9.147351859733526824e-01,-8.502953213626412987e-01,4.761874924009315002e-01
9.293120776458390075e-01,-3.910780717446936117e-01,-2.455670659679935475e-01,-9.609740146294272201e-01
-1.015010365526246572e-01,1.010874406949368920e+00,7.626807866830598304e-01,6.570160398828417403e-01
-9.417993894805382071e-01,3.988582385025340460e-01,-1.185116132650914922e-01,9.858877536517783868e-01
2.908554414118064146e-01,-9.590747362505649409e-01,1.002508234534765119e+00,2.957869378958176143e-01
-7.717846860922277230e-01,-6.426830663420917134e-01,-8.871665656254562604e-01,4.324036660990984715e-01
7.604162987198741508e-01,6.075803968172777125e-01,4.421236386278011299e-01,-8.891326583559290286e-01
-6.567184862648582921e-01,-7.262173870437573786e-01,9.712167474688346847e-01,1.045594090248660318e-01
4.298525729884799529e-01,9.381472223756504025e-01,-4.296696804051837182e-01,-8.647340254919216873e-01
-1.002598672398625768e+00,-6.175258030698496658e-02,9.534855997182577481e-01,-4.064599992666733108e-01
-9.667140516386395488e-01,-1.572273920053696705e-01,1.002224314429346202e-01,9.930046221126510586e-01
7.114747872075520840e-01,-6.797509921653484000e-01,-3.248528856721984437e-01,-9.049067005276060227e-01
-9.567782281567078773e-01,2.503504811479996262e-01,9.751702184936869022e-01,-1.722351362276452746e-01
-1.618650763665232528e-01,9.667015349307208627e-01,9.714580786422815084e-01,-1.958066471527590002e-01
1.538209895295490903e-01,1.001391041272408300e+00,8.617732509451719869e-02,9.920312296094117022e-01
7.283098624295081258e-01,-7.114548662936924783e-01,7.920061377065799046e-01,6.238450843135885382e-01
4.813133148140126272e-01,8.630258050796614233e-01,6.100239947228157655e-01,8.300901530359795499e-01
-9.219646505383013446e-01,4.434530402318996867e-01,-3.038030091379533282e-01,-9.421418298950657855e-01
4.024513726467521257e-01,9.074976475712815960e-01,-1.939335710447322447e-01,-9.592469838271719951e-01
1.142324089979483981e-01,-9.816309653816465142e-01,-4.619912680028367968e-01,-8.842251651268576706e-01
-9.403723188415097356e-01,2.462395957267126401e-01,-5.610503072192469798e-01,8.850949556931075879e-01
-5.980018346624467185e-01,8.344023425759976575e-01,5.100497646621989789e-01,9.154937860298394403e-01
-6.346744849678451761e-01,7.409363368961702223e-01,-8.477618678218061810e-01,-4.826021188265400275e-01
5.923709185168323232e-01,-8.142276550021382286e-01,-9.662914924183495513e-01,1.476974486941159126e-01
-9.772631021751343461e-01,-3.138930348709922380e-01,-1.431272543667497510e-01,-1.032659849469399704e+00
-1.963468437638689335e-01,-1.003247413557350809e+00,-9.775022618323629953e-01,3.380605185834541504e-01
7.688781076723277819e-01,-6.210227283126447118e-01,-5.660826379013057519e-01,8.377034466160796500e-01
7.952322726114446905e-01,-5.682757586594989752e-01,-2.530152665064321904e-01,9.702729360069867193e-01
-4.801811431225305182e-01,8.733605488866479361e-01,2.160614936661907348e-01,9.478503294372284671e-01
9.755986370100510063e-01,-3.440918628862737472e-01,-1.010587164249742986e-01,9.859613002245990465e-01
1.004751611848036630e+00,1.153692966628149241e-01,8.280318546797695856e-01,5.709004210557351300e-01
-7.690745761683226434e-01,6.685261293687364548e-01,-5.742907564414871935e-01,8.350045274036719256e-01
7.983819606689397386e-01,-5.930853822751582793e-01,9.431964197124639293e-01,1.828334800299372676e-01
-1.517910391917461077e-01,9.532804321156493899e-01,3.645108881675032664e-01,9.476083212146226842e-01
-1.391700546312307774e-01,9.734369344196003304e-01,-4.002864227018129717e-02,-9.822364139519873527e-01
-3.186503648757640361e-01,9.114923514767206969e-01,-5.116924330323902037e-01,9.428763134956074099e-01
-7.957348201950120714e-01,-6.336343967906171715e-01,-4.487132450130560390e-01,-8.667429737035152737e-01
-9.428477252496675343e-01,3.375198406383256300e-01,-2.472936906188465400e-01,-9.677790815653107837e-01
-1.046302313747261986e-01,-1.000517154847714085e+00,-8.884084695181224678e-01,-4.685441706265215944e-01
7.704143363892904661e-01,-6.055890739749816287e-01,9.676979109180545713e-01,-2.681852145309273072e-01
-4.589062935089624484e-01,-8.388550645208481260e-01,1.008034526849746371e+00,1.651960864703992948e-01
2.562293930893366767e-01,9.903431166228044980e-01,-5.316761640557435276e-02,-1.039863280322323336e+00
9.271365994030104085e-01,-4.249862048042083451e-01,9.229486088028862056e-01,-2.523971653327204967e-01
-7.569317897226787717e-02,1.000143774422888709e+00,6.452706590916879037e-01,-7.706845806098401308e-01
6.580698075014240755e-01,7.751870809873459001e-01,5.179974334692696303e-01,8.702874549695317485e-01
8.202764391797116028e-01,5.342846225300157403e-01,-5.035390748842429876e-01,8.689173258961752078e-01
-9.230675273671926639e-01,-4.316682598323472453e-01,4.825161281118480749e-01,8.563718574655212468e-01
7.141803775923137865e-01,6.249084883097700827e-01,-7.426285570859565421e-01,-6.503494410395090908e-01
6.556635541099168352e-01,7.443339371785040459e-01,-2.452517388710989676e-01,-9.548331191521026717e-01
-2.935105987836635344e-01,9.317493593033937538e-01,-4.474670702009649892e-01,9.300942717279706562e-01
-1.819537300625732879e-01,9.722300886453417723e-01,-9.568527150891549260e-01,-2.582924692319904514e-01
-8.164606593789510702e-01,-6.090124372766575478e-01,-3.480638763374404032e-01,-9.231455676337029237e-01
4.215853513903521921e-01,-9.348512263376836939e-01,-8.356005031118829418e-01,4.646782083927072926e-01
6.788900543126275000e-02,-1.034745827163916942e+00,6.025261576360388949e-01,-7.788810600332832790e-01
-5.680031587699919948e-02,1.041091773641612983e+00,1.496994869446417742e-01,-9.830168779007649738e-01
1.684092194128245998e-02,9.808539963915346993e-01,9.460227675198215058e-01,4.221116839328574177e-01
9.465350481866479093e-01,-1.928401252344896233e-01,-7.057195726415376180e-01,-7.211791169308192639e-01
1.013943698234288426e+00,2.204885774173736060e-02,2.337891904548924926e-02,9.912251862859455809e-01
7.350556694158060234e-01,-6.890799181377283977e-01,-8.543306785913421519e-01,-3.428694696954447951e-01
3.147995314067258965e-01,9.626755162794504717e-01,9.510572442685325534e-01,-2.412946816168693720e-01
9.558535393525193768e-01,-3.162871301089258402e-01,7.072733834963590427e-01,-7.330657926596420015e-01
-5.621879905545429379e-01,8.444635393625044006e-01,-8.379435576908675909e-01,5.728430159843351799e-01
-9.371583298244343663e-01,3.782440431491891908e-01,-2.855130384611303529e-01,9.716282032296879034e-01
-2.842957359847054777e-01,-1.007423483541336262e+00,9.315485567208819928e-02,1.038645880977849600e+00
-8.933286575161308862e-01,-5.200278905239715810e-01,-9.566508842178585992e-01,-1.378411345163939039e-01
-4.279672135175854875e-01,8.923928723369981553e-01,7.202350874631204825e-01,6.900126223414713156e-01
-9.678713412980110009e-01,-3.422968398875119167e-01,-1.004736455798934225e+00,-2.796855461823803957e-01
-8.817364032568383858e-02,-9.687457156246411794e-01,9.545713321741686741e-01,2.554773163284299736e-02
9.175326852266868505e-01,2.645137966029917909e-01,-4.417395663604006262e-01,9.030356644346336781e-01
1.012643085204805615e+00,7.008208820974383413e-02,1.322953598799049835e-01,9.973413737924915479e-01
-9.627312090811434020e-01,2.349121983300522798e-01,9.393157459647171192e-01,-1.363066593777324809e-01
7.109068683494473850e-01,7.567817183534727432e-01,-1.616275868647198410e-01,-1.060966967133757155e+00
-4.909605626816615498e-01,-8.482687577164622628e-01,-5.966161960680129717e-01,8.421011890940248712e-01
2.479282607939269079e-01,9.795801654057554320e-01,8.356063249607067478e-01,5.522749662375712187e-01
-8.930823218778868311e-01,3.852560007596818603e-01,-9.823881175631257179e-01,-1.313967332154840351e-01
3.606946942811883328e-01,9.614796351852140655e-01,2.081891657669342477e-01,9.760219977386015433e-01
-9.780999886134263965e-01,-2.574099328072189108e-01,-9.280281973901491899e-01,-2.072130872201041474e-01
7.897347546756625647e-01,6.705547008833255829e-01,5.325895180144524232e-01,-8.249494778152131058e-01
9.893167993702297602e-01,1.466857214645942153e-01,-7.204077357370072265e-01,-6.467580840398257092e-01
9.274732350991463647e-01,2.539347451645490583e-01,-6.719663148303356426e-01,-8.043492418517983467e-01
9.309604900459860222e-01,-3.081844960988452398e-01,-9.830324040141275033e-01,-2.317553374203978611e-01
6.556327082401143258e-01,7.939754507116119076e-01,9.152640714118776000e-01,-4.227080770823220535e-01
-3.285419212895972496e-01,-9.658727371336776057e-01,8.590542161512713104e-01,-4.005351232178847587e-01
8.511114790938038022e-01,4.088513099153057717e-01,-9.813171114409833251e-01,-1.114637948849881710e-01
8.050238018264255224e-01,6.428010458221324885e-01,-3.324554009044429770e-01,9.589908993529527859e-01
-1.008602244450076180e+00,-5.144643639279698755e-02,-9.676503439044789046e-01,2.508475967424473319e-01
-9.947424628733463337e-01,1.837997005470647371e-01,3.786201308531484400e-01,9.105150809662319045e-01
9.332454891852300927e-01,-2.754651111107420669e-01,-6.880987990902573959e-01,-7.605198108542681190e-01
9.735104780918502065e-01,-3.140031716363895775e-01,-9.656068584704742275e-01,-1.728558311954906529e-02
2.071425406198703634e-01,-1.012802512104060471e+00,7.888538633448425319e-01,5.992951846644070102e-01
-8.174672244133754928e-01,-6.086486811557743071e-01,3.090876816537105332e-01,9.186067066387120228e-01
-9.360074083445749649e-01,2.740714170491818646e-01,-9.861262241642763104e-01,1.322582449861569309e-01
-6.171937629095682887e-01,7.882190659871647354e-01,7.521327421515513478e-01,-6.089149582778485836e-01
9.667542187059288139e-01,-3.258483395351933209e-01,-9.268905885140493739e-01,-4.085119895270625801e-01
-7.863307342883602002e-01,-5.600587450211449436e-01,-4.558583215877733408e-01,-8.902350559906123673e-01
-8.472389870514505095e-01,-5.186785946032559380e-01,-5.357856132404960059e-01,8.174815307294804878e-01
1.256476902249312466e-01,9.834079649186523442e-01,-9.046956182001848479e-01,-4.454098585039710234e-01
9.776268686771492078e-01,2.956954996902411703e-01,-9.393106161541897592e-01,3.291735926928139877e-01
9.574697178110916918e-01,-3.450305921843428436e-01,-4.923420658157727225e-01,-8.763021201345526645e-01
-4.386459523221585277e-01,8.697377826465892969e-01,8.911285498246042103e-01,3.314894852093981381e-01
-9.200506528088849834e-01,3.871036759375034442e-01,-1.028992506968828158e+00,6.316286114442513921e-02
7.532120415384609968e-01,6.643237406169798520e-01,-2.672841948698141401e-01,9.371497210725400206e-01
5.925704027702344279e-01,-8.168630875210378672e-01,-4.756472273448396071e-01,8.567588123372176234e-01
9.824809203644275790e-01,1.778987337626365683e-01,1.000132861879066581e+00,-2.761502517103630039e-01
5.116457303338262097e-01,-9.071883932140988316e-01,4.227372756101783757e-01,9.088664236624773851e-01
6.908063670247308607e-01,7.279373988231390147e-01,-3.366314211052893746e-01,8.786887914844992986e-01
7.190445159306650957e-01,-7.013312200535848362e-01,-9.909896966544085029e-01,-9.530538881506567250e-02
-1.648769849855355463e-01,-9.862010114590802345e-01,6.647369117919316173e-01,-7.571247225520212343e-01
5.062365604911016614e-01,9.114013711697794839e-01,-8.619123451183343665e-01,5.227638350227008512e-01
-9.116599425474554153e-01,-4.329040120803439029e-01,-2.298693517680015092e-02,-1.017801100701915207e+00
-3.861634402192967719e-01,9.321390628655534805e-01,5.648088888551960896e-01,-8.303456327710176943e-01
4.615146767702332786e-01,8.812758219765958190e-01,-3.856477520377291079e-01,9.344450054907806891e-01
6.225507821771570915e-01,-7.619703025032327215e-01,-7.828578563234294130e-01,6.296309551649129643e-01
-8.416742677754931456e-01,5.752100498802621420e-01,-5.893553488656233519e-01,7.680701665344813467e-01
-7.777225727478956907e-01,5.937051756935217695e-01,5.181681870203413975e-01,-8.638804429007800323e-01
4.814327641804290181e-01,8.858526861433857480e-01,9.957472461568066535e-01,2.817240171367071389e-01
-7.284871215120726218e-01,6.599598392624133059e-01,-3.144629177738698100e-01,9.514894097615124169e-01
6.941145583895448334e-01,-7.254451154502272736e-01,-4.014866336131676650e-01,-9.203801004882248282e-01
-7.028609175308574430e-01,7.598817551095234935e-01,-8.829947815641325803e-01,-3.547065329945244261e-01
9.510877493466551869e-01,-2.981865981069718452e-01,-9.062511919025343365e-01,3.822249773844292875e-01
9.582370584353357978e-01,-3.334035893080810609e-01,-9.400656884728084695e-01,-2.279311763435549198e-01
6.363207543968379953e-01,7.839588498215094292e-01,3.778737372851408982e-01,9.599408878623972852e-01
4.479965568627966577e-01,8.759881287568115349e-01,-9.094799022360984253e-01,4.249351554891147020e-01
6.280062865153664964e-01,-7.679610104425093065e-01,-1.004631057859853849e+00,-9.118700212017931406e-03
-8.312982028565722992e-01,6.201373512716894520e-01,8.027158291656467659e-01,-5.823148917498681687e-01
1.028896750385836611e+00,8.551438403178518444e-02,-4.884438110298178898e-02,9.627779126529962817e-01
-1.591963240028840265e-01,1.005624384552386008e+00,6.882036452036708329e-01,-7.103219230492004987e-01
-8.204361943575204652e-01,-5.859468096811361049e-01,-5.671132370416837043e-01,-7.855656553461979330e-01
2.758790222135015791e-01,-9.107594552842713798e-01,9.495391404751005737e-01,2.862865463617828010e-02
6.906282710980697903e-01,7.691289734345193585e-01,-1.470149169748873608e-01,-1.024152699466308825e+00
7.666759415567478975e-01,6.321754583993848264e-01,9.599616272146573870e-01,2.614548533985432410e-01
8.529686709581130177e-01,-4.612517764444484247e-01,1.033628522448430287e+00,-5.668153948614801721e-03
4.231027703891966640e-02,-9.840338861566232387e-01,7.086699522049594302e-01,-7.071554207282574334e-01
-8.277228834942771396e-01,-5.455588840397381789e-01,-3.299147273730638208e-01,9.830585851072360937e-01
1.531127863844384818e-01,-9.856169742255599386e-01,-6.205564668990123933e-02,9.548686430216164478e-01
-8.993124116746539221e-01,3.941373035477757636e-01,-7.772408438531746011e-01,6.773324032314392840e-01
3.150703219678370470e-02,-9.888247148304099010e-01,-6.231885273294429650e-01,7.684860977537257831e-01
-7.409707925232572601e-01,6.970501071838725027e-01,-7.182584305584707174e-01,6.841872169790405023e-01
2.779204193245089771e-02,9.668710071552284457e-01,-4.205864770738662051e-01,9.161826565568668146e-01
-1.548422562060369767e-01,-9.792895014448633750e-01,-7.625701741587249671e-01,-7.211698707395555186e-01
-8.785142984418723433e-01,5.029843755880093470e-01,5.375455450084408726e-01,9.039710699509332370e-01
9.825132566771461740e-01,-1.203496127713670344e-01,5.379713222063059463e-01,-8.590518468599674939e-01
-5.787019574595283489e-01,7.889748539660945692e-01,4.169651049573201984e-01,-9.654655115904507978e-01
8.952363156512262998e-01,-5.006534611807373913e-01,-1.012302992348787845e+00,1.624676681043799864e-01
8.934836239609670328e-01,-4.234485872263709649e-01,5.786097848476033922e-01,-7.483412286806689906e-01
3.370651579694085298e-02,1.000147841408721261e+00,1.222760922732538114e-02,1.006100096920322429e+00
2.809854620872545561e-01,-9.601292977602859935e-01,1.005055467165546279e+00,8.573995547468207801e-02
-8.820801994453233430e-01,4.417434399637604758e-01,-7.152167004786101900e-01,-6.789348612740271349e-01
7.841436595415915978e-01,-4.833260854283529251e-01,-9.762986036258415323e-01,2.544271042944503680e-01
-1.004949390678042676e+00,3.222314217455578556e-01,-9.532299327242141906e-01,-4.062437906245002228e-01
-1.020228484530779148e-02,-1.012630705492256089e+00,8.409564877815862705e-01,-6.122606412687399136e-01
-9.615603657392338688e-01,1.691677471880724815e-01,1.011356649320332757e+00,-1.630703876890352566e-01
1.522738218585892311e-01,9.791673105846082636e-01,-7.035295331511494110e-01,-7.588804444241339375e-01
3.442938205260634987e-01,9.534617082977738800e-01,4.428411254527096080e-02,-1.027906630822311040e+00
-8.567980489231579178e-01,4.653714973388365372e-01,8.296353262417678343e-01,4.526508055364635297e-01
1.684286081254374873e-02,-1.051754720706314039e+00,5.276186544851826365e-01,9.160528122498882153e-01
-8.350365477579960727e-01,-6.185221154431733703e-01,-6.823440725385637728e-02,-9.732553039632675373e-01
-3.803243524651543916e-01,-9.307098784447614959e-01,-9.411321451510996638e-01,4.104323645789089703e-01
-1.948350344547911395e-01,1.010692625122433519e+00,-9.604545080209377916e-01,3.276573673589190383e-01
-1.020045440966121264e+00,1.227523160399445201e-01,-3.378138820820376642e-01,9.507657612434983196e-01
9.282576056397293662e-01,2.794931397615235680e-01,-8.001465615275602516e-01,-5.959488446442109399e-01
4.071385631064843857e-01,-9.542865099425004161e-01,3.899806251049954819e-01,9.311301439958111770e-01
1.004883680255369560e+00,-7.793871746026895253e-02,-7.150916226458881031e-01,-7.434926509206766232e-01
-8.448212928151268564e-01,5.280835888278770929e-01,4.881329227067994214e-01,8.620735776138820361e-01
1.001086072623717849e+00,7.036773897844157688e-02,9.473995980054076282e-01,4.211714839349405826e-01
5.025748363621242998e-01,8.856579729765533537e-01,-5.133743101983420098e-01,8.449974719331683204e-01
-5.987805582859665465e-01,-7.969848457714581169e-01,1.202951353290000053e-01,1.017550137937401900e+00
-7.337638288099584960e-01,-6.679635014577451901e-01,7.673662253499904384e-01,-6.426603415972829136e-01
2.264042256077370419e-01,-9.869560812330416821e-01,9.744809621164493008e-01,3.399323349812880535e-01
-2.402984500560829267e-02,9.770022053321820721e-01,4.640261767638668156e-01,8.671424303841546166e-01
9.841046324673358159e-02,-9.826981895099443642e-01,-9.651763715159222823e-01,-2.923736659493776924e-01
-3.746218150770769251e-01,-9.261520688940149126e-01,-9.925667805104764208e-01,1.204249777497314461e-01
-4.380393605193331763e-01,8.988599379272658174e-01,9.275725700407572161e-01,2.798238617775008485e-01
-9.519415548542724537e-01,-2.791841097714470310e-01,1.025931006022395398e+00,6.308668288714819328e-02
5.769436833898804462e-01,7.941188404796333256e-01,9.883873425035484273e-01,-7.502408114004029127e-02
-9.559964116587159610e-01,3.109448438685459837e-01,-5.369800826254689241e-01,-8.055861656428066064e-01
7.409126830689052312e-01,-7.025301703416180210e-01,-6.764370695272415857e-01,7.654943561269189622e-01
-9.255319506137655861e-01,4.371232302834953121e-01,-9.824900513999357266e-01,2.116019332012178400e-01
5.704850194825892284e-01,-8.519226326501151414e-01,-7.380325994838980719e-02,9.966416826126228701e-01
-8.867774601306896987e-01,-5.373986146833324984e-01,-5.789280718921332447e-01,8.534907560556608264e-01
3.564095192983759985e-01,8.979172018470832350e-01,-6.350390245372178333e-01,-8.060667434937193176e-01
-9.413731471908658444e-01,-5.024850558652232957e-01,7.474809793269607816e-01,-7.014513278431215859e-01
-9.711865782919848478e-01,-3.907584126749803766e-03,3.734094751133154588e-01,9.071422715298254058e-01
-7.758430049993245703e-01,5.946331478078565880e-01,4.983117449884684191e-01,-8.471613385980832911e-01
7.064380551096386407e-01,7.141889424242902074e-01,7.393724497909301974e-01,6.827719336013498008e-01
-8.621378120611968843e-01,4.627818870942280172e-01,1.968764645596091101e-01,1.019827961982852527e+00
8.988143167088564756e-01,4.677189294928270069e-01,9.794047793363226395e-01,2.686247907155332459e-01
7.570179952436124626e-01,5.761883694294247515e-01,6.799945260651456547e-01,8.007923380927463031e-01
-8.261818114699110982e-01,5.038849260593645241e-01,8.528303469428596406e-01,-5.255776632385085190e-01
-3.720098460165789378e-01,9.628872780133004294e-01,-9.531881480702568687e-01,2.502215143717624324e-01
9.069240396578313046e-01,-4.469124302522165526e-01,9.104859980376445172e-01,4.957895587957995565e-01
-7.403752022821464829e-01,7.117018771713896630e-01,9.209645882247091686e-01,-2.465905167671329501e-01
6.644180712985452153e-02,-1.035929209252139938e+00,7.128435643248706155e-01,-6.888794553112070895e-01
-9.753802577191391654e-01,-1.967868317680011303e-01,-3.731727251131390644e-03,-1.001094383439913527e+00
-3.312235376388816821e-01,-9.652534376152076545e-01,9.014208471927194211e-01,-4.097326098138556194e-01
-7.933367742519734089e-02,9.553482236550993045e-01,1.762234420052656847e-01,1.008759971136059974e+00
9.697861238487993640e-01,-2.879929614289452600e-01,5.642624610759503501e-01,-8.901763235244585237e-01
-9.937322402193651261e-01,-1.885717852920120174e-01,-3.705953461970832308e-01,-9.277899373685930540e-01
5.571063795485777792e-01,-9.028655277531612011e-01,6.632672063797246942e-01,-6.835210559584556922e-01
-6.789452142605038043e-01,7.610504010776157902e-01,3.197613887235907226e-01,-9.431169526475918774e-01
8.136582648147099306e-01,6.154000303426150342e-01,-5.950810349838916435e-01,8.077284932373690607e-01
-4.460420554561645989e-01,-9.458195847057909722e-01,1.927573245116293021e-01,-9.796934842657636366e-01
1.003138952985511700e+00,2.630208690719074149e-03,-1.145666502144014887e-01,9.856681427000018036e-01
-9.651430538934626657e-01,9.589585607181407012e-02,-4.516908990966697623e-01,8.703532337767460048e-01
3.453820408826457355e-01,9.432836699311546447e-01,7.864494530268780759e-01,6.070848488260860432e-01
-6.788038268628554528e-01,-7.831670141678056529e-01,9.052092710259573849e-01,-3.923604066605541063e-01
9.818971824487265909e-01,-1.806079841495438210e-01,-2.333565262479427860e-01,9.316956147590144122e-01
-9.770005829813619425e-01,2.261303340305943488e-01,-9.910562786982773931e-01,-9.615652964495435828e-02
4.099982765370078774e-01,-8.993206874432251308e-01,-7.774050332229719418e-01,6.482815564041086720e-01
-9.594004964042015526e-01,-4.500074049667035503e-02,9.905790200715394178e-01,-2.079751705068905165e-01
-9.612815152766537308e-01,1.524010442536027563e-02,-4.800002640491687900e-01,8.676191850580581288e-01
9.375485555601686949e-01,-4.072909442066260932e-01,1.861936115610000331e-01,-9.716869364448459390e-01
7.775938558068934414e-01,-6.292663993261912170e-01,6.104797543500639634e-01,-7.956676721874660352e-01
2.729058593947608080e-01,-9.613042878604577401e-01,-9.354726477835489939e-01,3.858032006493555266e-01
-2.566915125021466126e-01,9.372454918773017729e-01,-7.629645238155907672e-01,6.530487771866941848e-01
-1.009168934844655308e+00,-3.157682909598843457e-01,-4.755413341114633763e-02,-9.607295354141044408e-01
1.619684333335664195e-01,9.763087707166118179e-01,8.131223189607700297e-01,-5.244227312003629793e-01
-9.876795267136381229e-01,3.346882527200458202e-01,8.935945518251833808e-02,-9.807496599665668224e-01
-1.001016916206293628e+00,1.187703971114519585e-01,1.284774311483055098e-01,9.670494948161724169e-01
5.389454301734027952e-01,-9.035958684581166800e-01,7.536788174006192609e-01,-6.369268073230046623e-01
7.676249695820094310e-01,-5.893917135252388917e-01,-7.694086486026748828e-01,6.678310745962521278e-01
-8.429545892857069900e-01,5.042231222497326470e-01,-8.391010134420416877e-01,-4.796731833102657050e-01
1.031960997351365705e+00,1.442344530236692179e-01,5.397134741508000655e-01,-8.670037859833729099e-01
6.236731442388382396e-01,-7.046359230946754870e-01,3.680190642085281461e-01,9.030119326689306503e-01
4.526574665833678623e-01,8.611806740180064645e-01,2.300162677746391826e-01,-9.937099637935481455e-01
-7.289524196268732936e-01,-6.657531546911867881e-01,-8.053158272117539873e-01,-5.676703522165643667e-01
9.925486932816603991e-01,1.566004206100743423e-01,7.715341706162390789e-01,-6.211783136860786758e-01
-7.933109796010279213e-01,5.867236400941718832e-01,4.827377153139006949e-01,8.585453072109170414e-01
9.790354486182136773e-01,-1.088639374578157931e-01,-8.943438596857574696e-01,5.143903038515973414e-01
8.269778356261382468e-01,5.608533696807372904e-01,5.097011172176894034e-01,-8.786058705432759908e-01
-9.065444307549925806e-01,4.192792687540620733e-01,1.020190976438060337e+00,8.197673853931622401e-02
-3.528859044121026023e-01,9.094604983685397048e-01,7.835616613062765801e-01,6.385656843620740597e-01
8.235894887248530472e-01,-5.644737896171921898e-01,1.006799164008637337e+00,-5.887806838127744580e-02
6.802951331214115438e-01,-7.464594198735723385e-01,-2.343419691560889029e-01,9.501910416455754405e-01
9.753038858117417387e-02,9.883669252896016832e-01,9.694403835509941558e-01,-1.928121726516257572e-01
8.240607169431255485e-01,4.683956661525591758e-01,4.364450203699241082e-01,8.957326411926482823e-01
-6.862181350258680368e-01,-7.335959449035006630e-01,-6.246422344385591519e-01,7.561653487215389546e-01
-5.512585904098470380e-01,8.487274131363408136e-01,6.988804988309585409e-02,-9.492251672865230638e-01
-4.564784036953561941e-01,-8.864162823849720541e-01,-5.389665250285000653e-01,-8.278068895051040599e-01
9.785766311669238382e-01,2.129157282179401645e-01,-8.669994692610394349e-01,-4.968562812927465600e-01
6.350247219414617561e-01,7.304127997262236383e-01,-9.597978757000702466e-01,-1.876486538539468563e-01
-3.807291825326448720e-01,-9.291474681151531412e-01,5.239898834657458204e-01,-8.392963221883453784e-01
2.053236850272576741e-01,9.414630309606447645e-01,1.285216822377551749e-01,9.836527842066755678e-01
6.047056267515168448e-01,-7.343350321006807402e-01,-9.123342269513394776e-01,3.431406016952476268e-01
9.450914841185389381e-01,3.532109037342087143e-01,5.401438773637770030e-01,8.420973586385119836e-01
2.060165524542584836e-01,9.787077547069433781e-01,-7.948597636199475902e-01,-5.412004570643795809e-01
9.844041715794890068e-01,4.697345920502488809e-03,-3.531294631448552573e-02,1.012730448020966900e+00
-9.086879042819882013e-01,4.189289561379945792e-01,-5.111764529203658425e-01,9.233537505945526025e-01
-3.167284899572910817e-01,-9.291768077048546681e-01,-1.012902627970341474e+00,1.939175893458923716e-01
4.268619741886736096e-01,9.133789259164076801e-01,9.718807169314559458e-01,1.714033616010852690e-01
-7.634884898896934224e-01,-5.861744972776005147e-01,8.130740032837125986e-01,5.303482139568439502e-01
-1.415152438059305851e-01,-9.959920400639258320e-01,-3.946117196097144175e-01,-8.897915147399322322e-01
-4.738760942954900468e-01,9.021475093553138480e-01,-9.513212960799740658e-01,3.978122602717676370e-01
5.436648901350298324e-01,-8.627096802981897294e-01,6.872298584263076826e-01,-7.532592015150582077e-01
-7.747557298863040343e-01,-6.549735547744186537e-01,-3.113164048901377878e-01,-9.633632976060736430e-01
-7.820131135113794763e-01,6.559441315853916654e-01,1.007653010061418275e+00,5.327053139468970050e-02
-9.736714888657725941e-01,-3.514892115325099486e-01,-7.157911506493055409e-01,-6.844008626081240498e-01
-8.487469740597211043e-01,-4.884973582183848029e-01,8.317424920789595610e-01,5.988531684562090618e-01
4.868757205400047194e-01,8.922526374747891120e-01,2.489745168243621964e-01,-9.763351021318159573e-01
-8.338907521156637692e-01,5.519594944662101765e-01,1.035466828079065316e+00,-1.723254716405625553e-02
-5.129185056750622529e-01,8.316543592028050602e-01,-9.515020743520217206e-01,-1.961557833865853195e-01
-8.373078922123964318e-01,6.149752900671702216e-01,-3.637124397154453681e-01,-9.409839726267988924e-01
4.036135303580613842e-02,-9.964337157172349357e-01,1.066594197711648179e-01,9.647641926261848466e-01
-9.875681152723182477e-01,9.279902305301093723e-02,-9.042971331755277342e-01,3.595542320816941806e-01
9.523300779885692791e-01,-3.707506918902420678e-01,5.918310888024244099e-01,-7.841172472846366093e-01
-3.257952237153594610e-01,9.467711968228715858e-01,5.054197872417703907e-01,8.182918806926441357e-01
-9.356876145908937792e-01,4.390813961394895992e-01,-5.993111823903078672e-02,9.930691201582687588e-01
2.150689006479804266e-01,-9.464349862448793171e-01,-9.532368564928181964e-01,3.437641552981656745e-01
-9.577494546653215757e-01,-2.984857592575560492e-01,-2.266617158269512988e-01,-9.501349895919972699e-01
-9.618891458090252922e-01,-3.042284220045938792e-01,-7.207083382510809377e-01,6.381908340013952019e-01
9.523662924887704717e-01,2.947172996405439949e-01,9.164751602811653797e-01,-4.411849789574228131e-01
-8.008415768789332034e-01,6.146837192189650301e-01,8.027940918792645375e-01,5.696997575631720379e-01
-1.223382262879073035e-01,9.863013300119202187e-01,-7.144679653618405402e-01,7.423318454080294337e-01
1.019882760502061725e+00,-9.652255993436898059e-04,-2.853142469763920719e-01,-9.818426127102272138e-01
-3.602014741404471199e-01,9.529999368345022370e-01,1.055316889171906969e-01,9.726966572481826612e-01
7.366290330126094021e-01,-6.660346728186765652e-01,-5.915150771000887708e-01,-8.381897805066779172e-01
-4.558495376206158078e-01,-9.238387970688931583e-01,5.099343324781483444e-01,8.429245740191562142e-01
-5.266658790013264424e-01,8.161943876636418294e-01,9.413167696958968378e-01,3.216679370791202808e-01
-9.797812653282151896e-01,-2.617298017573441160e-01,7.312221565350922603e-01,6.773932870966363762e-01
5.310485456762978895e-01,-8.836224238963665822e-01,9.444521109612357135e-01,-4.064266914153138455e-01
7.617127146703160934e-01,-7.140698334033425132e-01,-9.644380889449666316e-01,-3.289206844975980926e-01
4.791312646732340252e-01,8.708163924232845687e-01,3.282123349403829327e-01,-8.995952543300151927e-01
-5.631346669564715191e-01,8.490795323384096038e-01,-4.588965172336841869e-01,8.609786003527736264e-01
-5.262805569473160139e-01,8.072622384695061770e-01,-8.032326646407539350e-01,-5.504003233507851478e-01
9.446846851769989950e-01,2.691398073999265450e-01,-9.951705566046832319e-01,3.646920131578862412e-02
-8.216143622471818730e-01,-5.329163825839587920e-01,9.386618096850281034e-01,-2.885823337264867283e-01
6.279647368805164609e-01,-7.809174953089774718e-01,-1.844147576034876196e-02,-9.723434503849275323e-01
-7.325094547856986216e-01,6.509449038110470820e-01,-1.492510305460694742e-01,-9.805897130916637616e-01
-8.822294128780211464e-02,-9.998005831039898927e-01,9.877806435300713339e-01,2.957414709961156407e-01
-7.154276621661659341e-01,-6.791320254691269875e-01,-9.362036496782960571e-01,-2.782623921259168021e-01
-7.741025871358554467e-01,7.135741399850524802e-01,-9.547562686118729047e-01,2.539939808098196639e-01
5.908869174668754942e-01,8.088458166259424598e-01,9.454695113413317253e-01,-4.950495239174096951e-01
-2.392694645264963338e-01,-9.500535218385837144e-01,-5.536146257471823845e-02,9.850778177972246974e-01
6.296307795849547251e-01,-8.092163529965108459e-01,-1.304381019007314624e-01,1.015218421111432345e+00
-3.426159945472727619e-01,-9.046611424349366715e-01,-8.450555580348692031e-01,5.140636681200879687e-01
9.651205906104683985e-01,1.434731123417893051e-01,3.730819027787611597e-02,1.031670652703380986e+00
2.012581361328001639e-01,9.592174658100131035e-01,7.001748185093056298e-01,7.232847828412689584e-01
8.721248258604993309e-01,4.742101080370551003e-01,6.070958767714316195e-01,-7.545354452748147533e-01
-8.799864150213503322e-01,-4.635867419582521132e-01,-9.620526594338899562e-01,-3.665604312799150555e-01
1.621145344824604859e-02,-9.503530837424155608e-01,6.383375059440108412e-01,-7.398679940800225729e-01
7.827125239839813897e-01,6.476894941846704778e-01,4.891295484610094224e-01,-8.378673866509999124e-01
5.036487180108597528e-01,-8.010624917356738983e-01,-2.363693664664648364e-01,1.001900568776557421e+00
-9.795262970184750451e-01,-3.506722869326589498e-01,-9.527147583809137954e-01,-3.092281682332609360e-01
-3.734426206556412664e-01,-9.689239642046375556e-01,8.384664396732200986e-01,5.134600379168923201e-01
9.847386203090034984e-01,-1.982480634829884292e-01,8.989929933316784805e-01,-5.421743557807804370e-01
8.547065050262044883e-01,4.875921620667528766e-01,-8.070765253971976527e-01,5.672706999966242725e-01
8.104549676572463390e-01,-6.336946320376034558e-01,-7.605692506161354505e-01,6.132986826330376617e-01
7.054612300519591539e-01,6.908219013159160315e-01,-3.510490273414388906e-01,9.879595541098885603e-01
-8.323712119506144758e-01,5.931808228744337441e-01,-9.277482081661461155e-01,2.627666233638451532e-01
5.858712653325794939e-01,-7.684208410126305289e-01,1.581474895286413829e-03,1.006517796167921475e+00
8.378625872287999155e-01,-5.423926224852658740e-01,-6.921507453920768826e-01,7.698580361357841850e-01
-1.004709687175860733e+00,-4.466245179483232380e-02,2.737251005457723707e-01,-9.526267699064958627e-01
-7.775530012445949213e-01,-5.295834354030805047e-01,4.896362570309693574e-01,-8.622643239942597848e-01
-2.966069192006141053e-01,-9.930263471836113798e-01,-3.296747758978353371e-01,9.286267008781925458e-01
4.673317639370948573e-01,-8.539739582390186712e-01,-9.834338367843383777e-01,1.491351078239496752e-01
6.637574768402649816e-01,6.753195354577951059e-01,6.569326385566822690e-01,-7.651778351678436563e-01
4.004531188118355955e-01,-9.323790454194036403e-01,9.382260367755499431e-01,3.196200596689221518e-01
-1.025262077617622447e+00,1.289953422030578889e-01,7.633818723450921384e-01,-6.629713866988126147e-01
-9.694414978552949869e-01,2.705805744727070028e-01,1.809256897263362696e-01,9.745381190457792497e-01
-9.000704096182909897e-01,4.616987836992154093e-01,-4.362859889906489097e-01,-8.943556994783488090e-01
-9.716577065477443043e-01,-4.107694594011868094e-02,-8.414777304225290466e-01,-5.197120524695838517e-01
9.266062842545487177e-01,-3.199573825908743063e-01,-9.261974260226186750e-01,-3.457254303124037698e-01
-9.371897736162074777e-01,-3.249440177589760781e-01,6.479242644171306909e-01,-7.738129183419928392e-01
9.178886155201937402e-01,-3.022430132864001306e-01,8.648791186322709601e-01,6.014819641484182577e-01
4.891786400311570193e-01,8.647720106822227581e-01,-5.513478793172476022e-01,7.481882255514328284e-01
-1.618007597743161829e-01,-9.689756919356292686e-01,-9.475620333295800002e-01,-2.606425389703206918e-01
4.105531821360647315e-01,-9.395963450282059926e-01,3.710016751573452787e-01,-9.390179113207060002e-01
-4.628591768087734204e-01,-8.580961722671877068e-01,2.106433947980467236e-01,1.008600508928994444e+00
-7.531536871631301366e-01,-6.497759540954463064e-01,3.608596567888607831e-01,-9.309721073812844416e-01
-9.476546054603119940e-01,-3.833759401630251751e-01,-8.366060858756214635e-01,6.350470015781136679e-01
6.649291295404401447e-01,-7.687853217681499540e-01,4.102258124009386941e-01,8.825089649557119609e-01
4.139285455005741743e-01,-9.075112844684947166e-01,1.196516184347727607e-01,-1.028676257995323029e+00
6.707722387748271675e-01,6.541161796107094473e-01,8.669130843227290661e-01,5.237850652297391107e-01
5.760845046780116441e-01,-7.926305729362219665e-01,-1.000168589879183445e+00,-8.688044311613103698e-02
-8.426141720170408078e-01,5.018915879991276974e-01,9.158340992452962404e-01,3.974970708881324644e-01
1.323605440786201209e-03,9.773245295886862083e-01,-7.053342569277147867e-01,8.038800357978513889e-01
7.097192615436741514e-01,-7.243069386751668226e-01,-7.974352233351506003e-01,-6.092022588032139918e-01
-8.960269107958521717e-01,4.383586422669406013e-01,-9.368858711750177592e-01,-2.748796406052865793e-01
3.143341878867452199e-01,-9.289017578871620051e-01,-8.590687006920465496e-01,5.887520299837522009e-01
-1.288370211055639702e-01,9.587366980016823748e-01,-9.201685652476573329e-01,4.387008823838093874e-01
9.828571889052812871e-01,8.131705366173035826e-03,1.403284626797955958e-01,9.825167711819241534e-01
-9.575326265271624226e-01,4.792227536216454864e-02,-9.710040594631893507e-01,3.329584814912026069e-01
8.220758082496784080e-01,5.615457169653289560e-01,9.644302660415635664e-01,-2.743611920235851098e-01
8.047606693423713098e-03,-1.029383686231892803e+00,5.925299341607300763e-01,-8.175269622575908057e-01
-1.212778615793319859e-01,1.007566614537696914e+00,5.936311617233848148e-01,8.030951398708542355e-01
-9.021337886264712003e-01,3.073197134637107308e-01,9.536234510307288748e-01,1.857123666729203204e-01
8.551744973660980742e-01,5.185215128766177406e-01,9.052450639395612786e-01,-4.148600959925225484e-01
-2.174398773458824374e-01,1.005653881335200728e+00,-9.995086784283522263e-01,-9.833316118098467395e-02
2.520127869912373031e-01,-9.429024988710742461e-01,-9.542703431024596172e-01,-1.787291933486464812e-01
5.714808998505207516e-01,7.912976104900215635e-01,1.769379464667210355e-01,-1.009791998929379098e+00
-5.986852492322969344e-01,-7.899202424117305332e-01,-3.896745051669842641e-01,9.181774733331604654e-01
8.721657877108646151e-01,-4.467655060415712809e-01,-9.760124797135129038e-01,1.395190707284005016e-01
-4.213121796851918566e-01,-9.500736453235339996e-01,9.293874808513331587e-01,-1.367316328828646343e-01
3.590473278872199359e-01,-9.448339744555285247e-01,-4.629328807527983702e-01,-8.671669173658744789e-01
7.937553454356701677e-01,6.826070766051712813e-01,6.110236433184931260e-01,7.996921238764196360e-01
2.279459078704888786e-02,9.891285427637687144e-01,6.657398213511579455e-01,7.117619642964647664e-01
7.405010281503732195e-01,-6.160863996614542870e-01,2.563921753891526545e-01,9.852302578984079018e-01
-2.254435953229370071e-01,-9.673353419585362101e-01,1.434790377609591883e-01,-1.036491781317499639e+00
-6.600714377168404035e-01,-7.636084472324746741e-01,-2.724278296489218709e-01,9.908335677371037375e-01
-4.911754377394080273e-01,-8.540307735197071315e-01,9.995625669778458455e-01,1.433477095529045731e-01
-8.997330830414368430e-01,5.089367316063463376e-01,9.461369132783556957e-01,-3.306479000234362475e-01
9.349290657618842815e-01,2.404372514037048103e-01,4.766989752410717984e-01,9.310687245397439860e-01
1.915517682705392133e-01,-9.434811881362211716e-01,1.043008651854655078e+00,6.130541129288441526e-02
-4.523047660085482424e-01,-8.868541746698141992e-01,8.628017189612574578e-02,9.724402892095385109e-01
-1.004065300548572237e+00,1.828700827927275396e-01,1.203230044699226814e-01,9.864514764556472359e-01
8.061734119294229339e-01,-5.700995054541035945e-01,-8.871841431000331291e-01,4.622107960798806925e-01
-5.366582169641654909e-01,8.351610408496876747e-01,9.529516767224673890e-01,-4.851537870311296574e-01
-2.362966264855205778e-01,1.009091958049614490e+00,7.202621724884009646e-01,-6.778533502587691384e-01
7.001464139118286356e-01,-7.624168142406357873e-01,-1.007431561344862780e+00,2.689217084214327036e-01
2.789467351440203524e-01,-9.032466691384399837e-01,-8.540336618908229704e-01,5.862103453829915489e-01
-1.009044747889525917e+00,-3.991099643177564715e-02,-9.265413330403017289e-01,-3.228635097724641412e-01
6.667034583017549254e-01,7.484344698179399291e-01,8.898268324134339657e-02,9.950590280048827729e-01
2.081078893761788284e-01,9.690369547479562584e-01,9.925362908942465534e-01,3.462308891335661443e-01
-5.147493659270151456e-01,-8.225245085363309672e-01,9.290827041321073620e-01,-3.606649177355591984e-01
-7.200216694320215050e-01,6.541297573849033098e-01,4.260302729490218487e-01,9.322863618479056980e-01
4.489448198137283574e-01,-8.310109410541171027e-01,2.825811456217587336e-01,9.721981006661285507e-01
9.764612231267911779e-01,-2.999575040020100447e-01,-9.696928510494036146e-01,2.032472610562580106e-01
3.284857319320724223e-01,-9.170819361392075209e-01,-9.657252961619670062e-01,1.024401361867855742e-01
-7.495928783362950654e-01,7.072593662418535931e-01,9.661118195178189927e-01,8.717898832590031954e-02
2.508395736501548012e-01,-9.684124806008906905e-01,6.305099599970274138e-01,7.916081340701771607e-01
-5.988799112683659276e-01,8.096402169219626410e-01,-7.453532525259238817e-01,6.725061488983610225e-01
5.291994990680026767e-01,8.518610978991876248e-01,-3.710178145058900534e-01,-8.973852101812150872e-01
9.343099986448173411e-01,2.232770841046732568e-01,1.499597442001561198e-01,1.002779379303414764e+00
-7.570933276921846256e-01,6.313450849837920487e-01,-8.472068573246687162e-01,4.621983731992341249e-01
7.969787348386339065e-01,-5.566113354709436578e-01,-9.567911767794637923e-01,-3.794012075245542515e-01
5.852690898877535575e-02,9.787913228667826093e-01,7.390507045609394643e-01,-6.214103054717134977e-01
2.666299529913610522e-01,9.983132971770972697e-01,-4.841360872808375126e-01,8.390827738799732094e-01
9.862823877512807424e-01,-1.360060316795144997e-01,6.830942980564002065e-01,8.350104499352779541e-01
9.970738873539854996e-01,1.631206657932744164e-01,-1.058676061263110757e+00,7.945457377478004624e-02
2.277060239940042474e-01,-9.863535318393326090e-01,-2.446500447337522297e-02,-1.001713523028612496e+00
-4.386397206303712659e-01,9.602191829705771786e-01,7.605878099638708756e-01,6.415324479950029746e-01
9.609665274128197376e-01,2.555247595539034688e-01,-8.851035983236766880e-01,4.478465355833222694e-01
8.151114418155211983e-01,-4.869265856553047223e-01,9.850089155747161485e-01,1.097973547742107092e-01
6.057177582576377395e-01,8.096075327078980921e-01,1.002077587341203335e+00,2.497553930046959303e-01
-9.151095047511712544e-01,-3.028809904169100231e-01,-1.026569671530283445e+00,1.590277099963013918e-01
-1.767929208680003861e-01,9.810107961594035642e-01,-2.782360836253645053e-01,9.758881790744565743e-01
9.334539011673279596e-01,3.869404760015880962e-01,5.454787295491151378e-01,-7.550328158580307258e-01
9.500952314052655279e-01,3.039793711147287247e-01,-8.211640568000445617e-01,-5.917633388820860985e-01
7.533927844266460339e-01,6.634727581520105666e-01,-9.476076185797043250e-01,3.352902847566138766e-01
8.843103942251446803e-01,4.347535052465372751e-01,-8.556252142609371836e-01,5.550675460249141491e-01
5.021541663413922607e-02,-1.012658280645322151e+00,-1.041120974580106662e+00,2.007162387896013755e-02
-9.837379233872740603e-01,1.431743913483877195e-01,9.811698344917940684e-01,2.386439164661492418e-01
-5.895276870068529851e-01,7.999181003054515182e-01,7.449452336121391571e-01,-5.706979620015490973e-01
-8.631851463848821959e-01,4.742245392307083973e-01,9.728013490980441658e-01,-3.486942746132869198e-02
8.847604389978289685e-01,-3.945383730156472590e-01,4.164595246791880645e-01,8.678361197342367994e-01
9.121821590998745455e-01,-5.640725914275235287e-01,7.106123669662687270e-01,7.233459658194186792e-01
-2.022540695045269565e-01,-9.901230978626135437e-01,5.851257395244958692e-01,7.573103607941118476e-01
7.231569440508552882e-01,-6.626086930387915519e-01,-5.249644328363344270e-01,-8.519716033331133920e-01
-4.248860634065201869e-01,8.760552994769543744e-01,-5.198722258548901243e-01,-8.129350816641141009e-01
-7.383254815251121261e-01,6.742950379531966743e-01,5.795306594265068334e-01,-7.849950493518315087e-01
-7.807374840831450280e-01,-6.141952749642806131e-01,2.338612781478177985e-02,-9.991231567004310588e-01
-6.788785222853476187e-01,-7.344007544605749560e-01,-9.356903660551251223e-01,3.230386173372401526e-01
-1.019848432335013433e+00,1.277555077618466317e-01,-7.509430008664287337e-01,-6.561984174119456226e-01
-7.870418462846703322e-01,5.682688475259901617e-01,-3.704800255687145105e-01,-9.294783347833631693e-01
9.788508025251817513e-01,-7.250258913072971101e-02,-1.002673774794568873e+00,-1.215922140381393846e-01
3.812281662008931704e-01,-8.794864785225274817e-01,-1.022834673394074079e+00,1.602933861245662006e-01
-9.161513382425280350e-01,3.868411530368884299e-01,-5.570947091924547401e-01,-7.854495109938184338e-01
-1.208250645354230213e-01,-9.817853859347897005e-01,-9.420477523737522674e-01,-3.538650190680294738e-01
-8.135750385582851685e-02,1.023224303866877793e+00,-5.629485577897542781e-01,-7.797970598220811400e-01
7.835941595304151130e-01,5.761892027836998942e-01,-7.925430250342050398e-01,-6.294518620750393367e-01
-6.166414765084269334e-01,7.135499918808319020e-01,-1.226698051413759871e-01,-9.974636169414257125e-01
-8.361584491401556907e-01,6.198401802109264613e-01,-6.579187964900679031e-01,-7.494816797177697998e-01
9.779956171446795299e-01,6.628617060748505374e-02,-9.440838482306231905e-01,-9.762553908368647171e-02
4.219628854396982320e-01,-9.078767264693039518e-01,-3.985964364564599238e-01,-9.444177686019458173e-01
-6.303548529173104154e-01,7.474712976561139754e-01,-9.893205361315452473e-01,3.237314243910786038e-01
-8.422890567824078412e-01,-4.948948952364042309e-01,4.631228941097851465e-02,9.664477059190992314e-01
8.941491900525301295e-01,4.696690241539326904e-01,1.022342217699043765e+00,2.432669296818497709e-02
4.365209612331719669e-01,8.726138693497171861e-01,-9.073678479593533241e-01,-3.449543114667905641e-01
7.644216922139626114e-01,-6.509563730742091714e-01,-8.091087417894079481e-01,-5.494764849593972711e-01
-7.546508825817785926e-01,-6.349178416611748199e-01,9.549971956722713706e-01,-1.291290183743258879e-01
9.550015463525803883e-01,-3.274167234400472970e-01,-6.838810331292994871e-01,7.280821087644322454e-01
9.894243953689531024e-01,4.658291721414189318e-02,-8.033378247626635771e-01,6.581306035469167703e-01
-6.967175291298225437e-01,6.875191877060826684e-01,2.848628486502180479e-01,9.182674153465024691e-01
-3.260599367489636080e-01,9.283074082048176079e-01,8.495589855332952300e-01,4.715915840697407768e-01
6.353982334740782001e-01,-7.964619074793498621e-01,1.490656843910778406e-01,-1.013377038902596450e+00
9.244326922236052457e-01,7.488140805232967878e-02,7.365219891598444486e-03,9.833425522355685455e-01
-7.408736409096536857e-01,-7.696735423798668485e-01,-7.280972184494819421e-01,-5.896369620391386235e-01
3.011386316827595055e-01,-9.915775089359165628e-01,-3.384005995450644066e-01,-9.118162380965021407e-01
2.166642858383127923e-01,-9.675563893258553039e-01,-1.026326464852813647e+00,1.458628023702503995e-01
-6.290195705507656276e-01,8.070451047755525797e-01,6.740541850877304064e-01,-7.060323022678309801e-01
-8.980723617571373385e-01,-4.274848800870099108e-01,-9.192112218580164029e-01,3.172866951237139910e-01
5.394030313711709601e-01,-8.997851797907694404e-01,-1.866977912459092115e-01,9.604854746162674317e-01
-3.744817889816978718e-01,-9.189584880863841398e-01,7.996402343663054912e-01,-5.887801338856573086e-01
1.002240936119503045e+00,1.547437535910216599e-01,6.581042076976437727e-01,-7.999659112711755560e-01
-5.106075369260351104e-01,8.392928167820252749e-01,4.828578217745246315e-01,8.494599884878224483e-01
6.206880548425015576e-01,7.951916576635815748e-01,1.016586814181961840e+00,1.993620907707389645e-01
1.162937205884023439e-01,1.008904306482303337e+00,8.470715897408243045e-01,5.574448960746810622e-01
8.425758309504570720e-01,-5.610778079447413802e-01,-1.667699098267713120e-01,9.583054007990355894e-01
1.014380242351007988e+00,1.914417734965673246e-01,1.007855248990797925e+00,-1.327939971932915186e-01
1.346809830354595006e-01,9.859809346969633514e-01,-9.129384932094565253e-01,-3.523153683412676984e-01
-3.549143191512034723e-01,9.346211304289685495e-01,-7.302837334912368750e-01,7.817482711116111593e-01
-7.564685717152853650e-01,-6.578683989064780802e-01,7.470555225587671710e-01,-7.079731912399758187e-01
-1.003274786879587932e+00,-2.535652533584293322e-01,-9.260948972527213163e-01,2.730562219015945646e-01
1.835137045765233288e-01,9.500958669805679158e-01,-3.958644499621143398e-01,8.968989341028122952e-01
5.412007511169355523e-01,8.668456023457269399e-01,9.164004881473870601e-01,-3.369474578098464179e-01
8.307983376889918614e-02,9.971694532511136133e-01,5.439720318027357893e-01,-8.128047068378824180e-01
-9.907814181392449182e-01,2.181563965697566262e-02,5.338825387728708405e-01,-7.673366729096935401e-01
-1.169251394021613849e-01,9.481958486944391806e-01,-1.020922087432212688e+00,-3.692929840052700668e-02
9.814483950544621305e-01,-3.227964106041400494e-01,2.495097626021326176e-01,-1.002386190330427418e+00
-9.369703494013279510e-01,1.971649948382673267e-01,4.533386735496354181e-01,9.413211774399082854e-01
9.338963506729155428e-01,3.884414779585929067e-01,-8.437744530368584961e-01,-4.364365694258197648e-01
-1.348618333867229457e-01,-9.934168537645289287e-01,9.738440253373735755e-01,-1.229731816355378593e-01
-4.628733358798295394e-01,8.751428513093286732e-01,-2.452555189661518309e-01,9.249372804828135397e-01
-5.725294635786092323e-01,-7.925782785867756530e-01,2.434412873122049348e-01,-9.609537523303975926e-01
-2.373197369271824175e-01,9.458472601630364407e-01,-9.753728479016345876e-01,5.104466173190726208e-02
-8.513049835902071205e-01,-4.177748109894325323e-01,9.838896515751307525e-01,2.170675980942710359e-01
1.278497319862230419e-01,-1.011045589700806602e+00,5.158473660519007076e-02,-9.778831626558811552e-01
9.238750543606152332e-01,-4.257856734647459396e-01,4.661972450360328812e-01,8.812922067260962056e-01
-1.239415097951492573e-01,1.034967567221235729e+00,-7.144761754459909575e-01,-7.669583683598309998e-01
-5.050074689046996079e-01,8.669721989393851524e-01,8.565530765390233503e-01,4.812381343493575270e-01
-9.428534055169126571e-01,1.749657692977801549e-01,9.028482039657437230e-01,-3.307004476097040180e-01
8.613783136638982763e-01,-4.072009648198458565e-01,-2.924825164512532827e-01,1.009860551903470460e+00
8.433781096127371812e-01,-5.457898507558015533e-01,2.006997767171789238e-01,9.913830210136461707e-01
8.160937308716336158e-01,5.322681665021381514e-01,6.724689653308769666e-01,7.051897672572741138e-01
6.799235867987175608e-01,7.284012626606671814e-01,9.217249936863223247e-01,-3.397457583586630525e-01
-9.840785483760104979e-01,5.525740339782447136e-02,-2.824122574017207121e-01,-9.800620946606769524e-01
7.798816485153708955e-01,5.874764266393938117e-01,-5.575711276181736370e-02,-9.944427828029537286e-01
-5.504272399830311135e-01,8.272054017026220230e-01,-1.024903485622891797e+00,6.063513606043415688e-02
6.194074181831076276e-01,8.186415818013220713e-01,-9.590058604768386674e-01,1.650403330012751302e-01
-6.200219361332036661e-01,-7.528096793276817245e-01,7.704775692963102829e-01,6.554890947428398951e-01
9.946465065738750999e-01,-2.692745782954981681e-01,-9.133796983019466520e-01,-3.525878946753748244e-01
1.019471319020568867e+00,7.349379679166635759e-03,5.609708324054930861e-02,9.931224701458551962e-01
-6.709066566602260862e-01,7.157334717653154321e-01,1.008113512941649859e+00,-1.040298993175910180e-01
-7.915233199982123491e-01,-5.568535275320557476e-01,2.775045741056539339e-01,-9.151074943146488838e-01
6.388528896324938700e-01,-7.816835131324639807e-01,-8.231165708739167641e-01,5.930356830637242282e-01
7.067379395490124283e-01,6.501092018802971939e-01,6.568785747354992655e-01,8.260072860864535738e-01
-3.652706677127670609e-01,-9.320282365073248032e-01,2.543474286923135264e-01,-9.016221381673947821e-01
-8.592220759495895477e-01,5.392076830086385275e-01,7.101571856128158222e-01,7.146197283165559577e-01
3.066337898207017743e-01,1.008112823077071951e+00,3.936938862729422728e-01,9.994661424641357872e-01
-8.353171787036006712e-01,5.501025861950736839e-01,2.809735752868960934e-01,9.743881422445553886e-01
8.493438241384052567e-01,4.504209658937383676e-01,-9.295613075304677286e-01,-3.681645682561993649e-01
-3.650212819610721970e-01,-9.476153455144814552e-01,2.006341398815594812e-01,-9.550569260149796014e-01
-7.219654271930575629e-02,1.002408453896343365e+00,-3.785034155076407725e-01,9.168955149563621232e-01
-3.454088958698051104e-01,8.877338464449251454e-01,8.419716300017031640e-01,4.979222667333993435e-01
7.444546417614668066e-01,6.956625885785001628e-01,-9.146723993906210604e-01,1.981873040689098309e-01
6.202578165081693573e-01,-7.009359585360315226e-01,-5.233361539697716641e-02,-9.806146389863734658e-01
-1.026825495437345470e+00,-1.733466643884185032e-02,1.665044916997737157e-01,1.009627501631840563e+00
-9.335493231698076544e-01,-4.216554552352624885e-01,2.094183618766580768e-01,9.462389013835823537e-01
-9.127793898414229279e-01,-3.779565599027381317e-01,9.639251216970067260e-01,-3.329337937936759917e-01
-8.342407858435605394e-01,5.138311253313798677e-01,9.902884588002504040e-01,-2.526137971142062844e-01
3.567178472744597650e-01,9.420341008745122258e-01,9.699633572596575437e-01,-9.810109459522833864e-02
-4.122627643450839374e-02,-1.002003857884052662e+00,3.844605051657424832e-01,-9.090057323780195153e-01
7.031387673556144247e-01,7.498479631591189465e-01,3.520295431954533205e-01,9.559797614888022599e-01
7.721213941477966802e-01,6.423551429907465860e-01,2.362344137519079845e-01,9.150989921094538904e-01
-2.271605633309688732e-01,-9.459179765425224096e-01,-5.499318305340246127e-01,8.330707042627185643e-01
2.512493914238475567e-01,9.123028373601952401e-01,-4.820003897743065369e-01,9.465664841546338470e-01
-3.724987618712047310e-01,9.895104862033968773e-01,1.001678135992928986e+00,-2.254450454489536348e-01
-1.006299323756498776e+00,1.095421475212565998e-01,2.123165461208674776e-01,-9.826380581781974932e-01
-1.016896617154394944e+00,2.994471842418772178e-01,-1.682854792410076183e-01,-1.023297089238684787e+00
-2.867486572637158448e-01,-9.725622164742387943e-01,4.016609596481741096e-01,8.949517192237828045e-01
-7.057757145850254155e-01,-6.962356346443748789e-01,8.440526624536902611e-01,-5.567782635221204535e-01
-6.536042921037249487e-01,-7.398536097449697202e-01,4.878082849065212279e-01,-8.542353547408314540e-01
-2.263028590441873156e-01,-9.792414998635525780e-01,5.302423037028218822e-01,8.044875751456104229e-01
-2.960747860295200873e-01,9.418117091924381734e-01,6.770352455460584284e-01,-7.487902394619412316e-01
-4.295876541141632199e-01,9.007909180285369466e-01,-9.994476343471023205e-02,1.060196064308090103e+00
-9.607812735394658521e-01,3.839575147600404748e-01,8.777759482531752866e-01,4.861337981159180588e-01
-3.839279369243817075e-01,9.095925513677314278e-01,-5.457788433259980199e-01,-8.601935444068617986e-01
1.000028862100555527e+00,-1.014516422764697723e-01,-5.642736527808699387e-01,-8.497920785457530046e-01
3.961266197983148163e-01,-9.450146813456986594e-01,8.318645862522235923e-01,5.996039187489012878e-01
5.182875357712075637e-01,8.687370404134352464e-01,-3.961325416970712943e-01,8.681869535897516199e-01
1.047988039913202218e+00,5.293109341835858933e-03,1.023855051042741771e+00,-2.401245887615729643e-02
9.385758097163275915e-01,2.941175094885720154e-01,-4.206264656803625490e-01,-8.471311867656253769e-01
4.275993238352601006e-02,9.962351546388511503e-01,-1.394205265168023677e-01,-1.041470398599219305e+00
7.440499563792273285e-01,6.501635478060776574e-01,2.383053072721386112e-01,9.327377549260614797e-01
-9.848998690083946572e-01,-1.916464970599392748e-01,8.990688862936189185e-01,4.224439846858317749e-01
6.476429558494640748e-01,-7.854534785974088829e-01,-1.734561052061178443e-01,9.188876231265811212e-01
-4.092118191978193903e-02,-9.915373341770590265e-01,-3.638329904763926148e-02,1.010585568291639591e+00
2.241477290796896893e-01,1.011314127851376199e+00,8.820268374314986504e-02,9.956275184640465126e-01
-8.245977858175511654e-01,6.082496777729032855e-01,3.298249513342384476e-01,9.107567031504137933e-01
-1.000687234981438634e+00,-8.424402513463111197e-02,-8.463991262146146610e-01,-3.981251804073369094e-01
3.565007047448717770e-01,-9.685081338920191740e-01,-4.617596949131849149e-01,8.683526621747014174e-01
5.643749970421854112e-01,-8.695303839928483214e-01,4.431368925262871294e-01,-9.006785446863694311e-01
8.242556917235289715e-01,-5.305324740080432644e-01,4.280509373374907223e-01,9.175638125802699774e-01
-9.955623673272988583e-01,-8.273653374051496978e-02,-9.430484136393032513e-01,2.499658903486496053e-01
-3.546312155176477021e-01,-9.428418972645647989e-01,1.036309897741184649e+00,5.365560565877582760e-02
7.803408951561616735e-01,6.303032736584265328e-01,-9.431056058268504350e-01,1.166335079589262275e-01
-8.813925078576945182e-01,-4.203414479705904205e-01,9.037792259711807663e-01,3.370644112569465278e-01
1.564737460629568935e-02,9.855243304219644118e-01,1.011663112096124806e+00,-1.454475652481872217e-01
-9.682239228800991748e-01,4.316256666715920232e-01,2.273363490002449361e-01,-9.778760594523614458e-01
-6.218574319030688580e-01,-6.960229178916030879e-01,-1.014343611792733801e+00,7.842945024984895874e-02
-5.949643757091472446e-02,9.909249482096204042e-01,8.384928646900450255e-01,4.688416818522328500e-01
9.494123502391204061e-01,3.301930460754826657e-01,-8.549693435082520443e-01,-5.179769311596943426e-01
9.856024092786850321e-01,4.623856466008589849e-02,6.992430291084561489e-02,-1.042106550465265125e+00
1.015960845350627695e+00,1.274109698990532613e-01,3.919045716813053803e-01,9.678503289292007539e-01
1.016725665123273892e+00,2.947882920740151069e-02,-9.449323497013172313e-01,-4.561176676683116327e-01
8.002761589497247030e-01,6.353296054129142778e-01,3.756486231769504136e-01,-9.234472936632556195e-01
9.655292779223340061e-02,1.019840181004002089e+00,1.268027118796918040e-01,-9.753969925020514742e-01
1.849315237775207010e-01,9.922392661671053382e-01,3.330905310466137914e-01,-9.450812003125300675e-01
1.017863886983328969e+00,-7.264839605022434255e-02,7.011481509939371248e-01,-6.726848835448406838e-01
-3.376875619498610481e-01,9.560094901356805952e-01,9.213701425924357702e-01,-3.586726280323360161e-01
6.945337043490259488e-01,7.382488755214358100e-01,-8.418242687676302793e-01,5.484217526323097447e-01
-9.422774202228809681e-01,-2.917650909311663709e-01,-8.457203069212628765e-01,-4.027514479184579055e-01
6.281880016886166596e-01,-7.554458450846510686e-01,2.391093425889788959e-01,-9.414443338721020238e-01
-4.114600962724025424e-01,-8.641250020206824312e-01,-3.385223974052657958e-01,-9.799249324516993154e-01
-3.027668700793536560e-01,9.504110269553531776e-01,1.046747403554213918e+00,3.392453083253331447e-02
-9.162444756031248305e-01,-3.772814113523023649e-01,9.864152026246948424e-01,1.091531252760806342e-01
-1.571400868304193288e-01,-9.252206980712885942e-01,-5.813898050703268927e-01,8.214051919554429260e-01
-1.136048675882030401e-01,-9.918889087539315419e-01,-2.145488848069332932e-01,9.804679838902569111e-01
-4.887550485222656449e-01,-9.067265387601602944e-01,-8.163052925158209572e-02,9.736526728385964669e-01
7.169184047898943257e-01,-7.410174724980441718e-01,1.810257955218967929e-01,9.653471052358850724e-01
7.302079025713792415e-01,-7.766069443555132512e-01,-2.405629382343631717e-01,-1.003316273538954917e+00
-8.939084017706229179e-01,-4.700573496670585882e-01,8.687310401166810081e-01,5.142229645207726518e-01
-9.001514461151950419e-01,4.084463467950161242e-01,-5.733774153471279944e-02,-9.977159406330131652e-01
-6.242666723200644974e-01,-7.786219921121780851e-01,-3.273966670779780430e-01,-9.348437479898923375e-01
4.212803805365186727e-01,-9.203734042653494152e-01,-3.481224618353531697e-02,1.004342690759106427e+00
1.033512255860768558e+00,4.805676011481284371e-02,-4.092040660041079692e-02,1.022879782421291628e+00
9.892599534171776510e-01,-3.005491601419704728e-02,-7.001767063999443375e-01,-7.140588133983630792e-01
3.945966808060284436e-01,8.984766551092252529e-01,3.210972660243242849e-02,-9.825974725777680829e-01
-9.721119568767615515e-01,1.979028345559749602e-01,7.214617692788078962e-01,-7.220297051779405173e-01
7.211004680312008697e-01,-6.921067350347671621e-01,5.763187703199914580e-01,-7.859955743596188649e-01
1.809257546531757022e-01,9.744351136932490887e-01,9.673851659364741673e-01,-2.037575958225948947e-01
-1.032097393721299605e+00,1.145040470634421381e-01,-9.000692822635896206e-01,-5.401547577565278813e-01
7.033092041325119670e-01,6.837603814585661022e-01,8.494736270188519844e-01,-5.199880735503983331e-01
-7.987508232486785209e-01,5.936287127863314472e-01,3.660072761228049809e-01,-9.331228290705618766e-01
4.703709183372069003e-01,8.226912108610545671e-01,7.628951449363938764e-01,-5.986762267381717795e-01
-6.533933298408182155e-01,7.770501855246941814e-01,1.004741984947586486e+00,6.917719142213010763e-02
-7.087984295222575781e-01,7.796423171545733277e-01,1.020542182023499000e+00,-1.985914062226231125e-01
1.001298254373216512e+00,-2.767932892666697189e-02,-9.628212381592041735e-01,1.773923261305586085e-01
9.782222988294185795e-01,1.787543410903064817e-02,3.051012434389951955e-01,-8.975747682083303758e-01
7.562903796892801456e-01,6.533576764225469402e-01,7.363857804837594667e-01,7.253479265967899270e-01
-1.466467520585629236e-01,-1.022564788575388128e+00,-7.750964585075948987e-01,5.942748474214292198e-01
9.349482163963324099e-01,3.055574203992812432e-01,-1.220185768847122931e-01,9.475070535628561386e-01
9.760984218745827334e-01,2.162854888688724442e-01,-2.939947278200253367e-01,9.708271402722714605e-01
7.710134511713766514e-01,6.031482109320239759e-01,7.616167419185185805e-01,6.526437356052174898e-01
9.982274982168460875e-01,-2.286785580412558916e-01,3.283288909845283876e-01,-9.706757279983337927e-01
9.530780870689972151e-01,-3.684866699762878728e-01,9.893316492059680556e-01,6.114438574250875835e-02
3.402534355365166574e-01,8.820042858980260414e-01,-3.965940766702378828e-01,9.491866684948006005e-01
4.843231386433779484e-01,8.190914393187883613e-01,4.452190482189388732e-01,8.688006351240891156e-01
5.864624357197702198e-02,9.673234127603378418e-01,-8.585154184742583849e-01,-5.320757053862148478e-01
-9.768826498490684740e-01,-6.233062642562891414e-02,-3.411118727271917478e-02,1.053031495716391097e+00
-9.108159212979930475e-01,-4.006613470854372694e-01,-1.891863603136603733e-03,1.002341303421173002e+00
1.386985843602944191e-01,9.866844927710523017e-01,-1.014612031474418030e+00,6.544797568114124608e-02
9.772911232171110907e-02,-1.033710248595250958e+00,-5.655368150244493020e-01,-8.436513163975853935e-01
-3.742123406097456195e-01,9.518681402938820035e-01,7.323291616738498711e-01,6.841366978680848421e-01
8.643050103815123064e-01,-4.610380567635660176e-01,4.994128860340061316e-01,8.669734387847030099e-01
-4.990423822489047367e-01,-7.991980200846281468e-01,5.647168591484545697e-02,1.008563944020046010e+00
-8.879773448284105086e-01,3.608155326391010997e-01,9.675372299841140666e-01,-1.425431044706205741e-01
2.565198797741948256e-01,-9.729162157786478415e-01,-8.691377154649961856e-01,5.898509908754439035e-01
3.806887663590629023e-01,-8.963725180717029284e-01,-8.181360884937612932e-01,-6.004062454597597354e-01
-1.768864808879518913e-01,9.971825032973253844e-01,8.296982101951505539e-02,1.060860236416380831e+00
-5.116281037374984519e-01,8.234874524855779754e-01,-1.023310783925734269e+00,8.719309875887312766e-02
8.618894556604697055e-01,-3.938323156865101704e-01,8.321128441624354721e-01,4.518473782476938871e-01
5.345916838918290948e-01,8.678136189364279440e-01,1.002795692660718219e+00,2.721209676716040970e-01
9.610758705792299406e-01,3.411453207722544567e-01,-9.747514437055363468e-01,2.220312448337196654e-01
-9.758997399302113962e-01,3.304751774330517700e-01,-7.745805828325261766e-01,6.361874550768241710e-01
3.177791672991469030e-01,-9.841791702963825772e-01,6.654224035044449259e-01,7.098851456682071515e-01
1.262182550185211583e-01,-9.853434578449312697e-01,-3.148741282085070758e-01,-9.151156729188931749e-01
8.788277912265800573e-01,-4.861182903575106407e-01,9.610559713322777142e-01,-4.214702299132891405e-02
-9.754113735270880658e-01,-2.344854586714216482e-01,-8.261968349540527168e-01,5.960734265764725537e-01
8.106141857270291462e-01,5.751757464744792214e-01,-7.387804477440930162e-01,-6.969634244651468080e-01
-8.334755963117067568e-01,-5.254236946216361837e-01,9.571442905290010739e-01,-2.137162793062288568e-01
1.720820688405260701e-01,-1.017749790067387528e+00,5.194844294505824855e-01,-8.616236184840502244e-01
8.295662110027999248e-01,5.089398419444758348e-01,-9.949543495901703727e-01,2.840903682089432891e-01
4.244043798383687061e-01,8.771206025009619101e-01,-7.898688705125943288e-02,-9.878500700222599962e-01
9.546843751673174117e-01,8.207292597000881429e-02,6.453641163467307429e-01,7.236522990509796083e-01
-8.502572927124256719e-01,-5.795452419357962626e-01,-9.735035251414522195e-01,-8.263968364415916201e-02
7.706680921171749077e-01,-6.387669462010570065e-01,-1.456679150719882299e-01,9.492107695962106462e-01
-4.521104063243051585e-01,-8.778414032775980758e-01,5.189469066686930310e-01,8.157259112500065967e-01
1.010792190545975355e+00,-1.386837273870773213e-01,-8.799894766940500324e-01,5.013179038421385902e-01
9.503018641221270268e-01,4.251244732242287494e-01,6.595551227857263665e-01,7.548852200665638890e-01
7.876012049226926992e-01,-5.790286985805978004e-01,-2.658376153427890465e-01,-9.662545377822767678e-01
4.231941320402798357e-01,-8.913445373919046677e-01,-9.320479455559496085e-01,2.356738168957259183e-01
-3.779186493428161042e-01,9.152087555102274008e-01,-9.501349492212944892e-01,-2.412391735698918294e-01
9.965976593315561960e-01,-1.591704174813013406e-01,5.497788703175390257e-01,7.703872613549572756e-01
-2.878698950314866334e-01,9.511851147762120373e-01,6.540589205674881557e-01,7.751222659074799015e-01
7.725113839197792487e-01,-6.701847344052027644e-01,-8.340845348473233667e-01,-5.009788441505368395e-01
7.331333223451893533e-01,-6.545193323029790955e-01,9.675355806261130009e-01,-8.758472400010781922e-02
6.006985242925196727e-02,-1.014269688799654068e+00,8.410855059362573050e-01,5.820564109905708161e-01
-9.243898551703232380e-01,-3.920466050148097015e-01,-2.078216594241151238e-01,9.971994244884638814e-01
7.307354130627267130e-01,7.162351415132939270e-01,7.006868259852301328e-01,-7.818629734732337466e-01
-1.019616573667896819e+00,-1.661060565942540923e-01,8.916788927284989841e-01,4.432946810017722727e-01
-5.895701225940720436e-01,7.830061503270525636e-01,7.120847784004404879e-01,-7.277256311491514529e-01
2.726199985158294092e-01,-9.484403177968910859e-01,-1.004720894896923067e+00,-1.780737110893180208e-01
1.253183209763735761e-01,-1.001322997627632549e+00,-8.577753971132061617e-01,5.649697704381430041e-01
8.449474998860463382e-01,-5.632755046964877943e-01,-3.525984440983587209e-01,9.063898825144905969e-01
1.040239106629947008e+00,1.070289136685626252e-01,-2.995696580475786797e-01,9.595895434495679277e-01
3.884219196785089201e-01,-9.265775693307898297e-01,-2.834716481405940569e-01,9.712794022375929037e-01
9.399638741731184410e-01,-4.035868660830228549e-01,7.451387340094118850e-01,-6.486983744283867370e-01
2.211622425663612168e-01,-9.330928427152884730e-01,-1.914526188708899068e-01,-1.004494620078734135e+00
6.677558653971373825e-01,7.508375024489811755e-01,-5.060391356872963042e-01,-9.263645999816274568e-01
9.031729607969815055e-01,4.762149383831579263e-01,2.713188196527070994e-01,-9.748008151694533829e-01
1.039979755644054205e+00,1.120212290659210741e-01,-4.817632180545786125e-02,9.863635501764292934e-01
-7.251287723646618888e-01,-7.445508230062589661e-01,-7.741226903789453218e-01,-6.485018498910262164e-01
-6.831924482993407821e-01,-6.573567833176044983e-01,-9.887323499893443390e-01,2.240008775395004870e-01
1.039991459166436982e+00,-5.221467196803034061e-02,2.133081312953147013e-01,-1.010788810565940832e+00
-7.523861325294965985e-01,5.956486682332365890e-01,-3.759529168927621123e-01,9.638062498899927499e-01
-4.928453024663055904e-01,8.375122450307934674e-01,-6.207696936363568119e-01,-8.051833533095005269e-01
-7.947518623577806141e-01,-7.294791862338653177e-01,7.234910693943016335e-01,-7.070259213533175435e-01
4.736609049472427224e-01,-9.112475524683265604e-01,-8.033565721024616968e-01,5.419262103988941037e-01
9.478340150203923287e-01,-4.229890098203337168e-01,8.474482186099930869e-01,4.414666452971355848e-01
3.034232394725563942e-01,-8.951273239993851050e-01,-9.789540313667834948e-01,-7.833325756821955810e-02
-8.661695117873630112e-01,4.477802345948157514e-01,-5.636186835248985227e-01,8.598629196952266573e-01
-6.585671169948374981e-01,-7.703451515694369478e-01,-4.528906277416513970e-01,-9.427241102639011272e-01
6.566502929165539681e-01,-7.472216068121969590e-01,9.869224031657795049e-01,-2.700434074470152157e-01
-1.000640155812100529e+00,5.595019972709862344e-02,-1.030684752069022325e+00,1.397315430725230845e-01
1.940741211394622356e-01,9.877845796773505604e-01,-9.703372240333557608e-01,1.729360307455164447e-01
4.339417526838211803e-01,8.756261961575236841e-01,-5.770699304796843565e-01,-8.281404047682163760e-01
1.030126118602102236e+00,7.351852750890845029e-03,8.173544795506902938e-01,6.180129059484062992e-01
-2.071894533249567516e-01,-1.008480445363837408e+00,-1.454286245106160488e-02,1.002129568542476923e+00
7.919783366530408486e-01,6.384537125529329282e-01,8.647912672487172436e-01,-4.938530820977195535e-01
1.272170590533349896e-02,1.040164929995667897e+00,-4.498444894499120661e-01,-9.104335927145424945e-01
-2.735664017751304744e-01,9.029241153564986355e-01,1.024295297334329780e+00,6.468039396290795051e-02
-9.187183659035764727e-01,-4.249031064830550708e-01,2.473545258352804199e-01,9.728879471544287227e-01
-8.212259409074126326e-01,5.743686164729796539e-01,-3.701114895533648141e-01,-8.497542852288116899e-01
-4.293188428260243383e-01,-9.209496709932667446e-01,1.402162745319526505e-01,-1.040062524989366244e+00
9.309038421323626578e-01,3.440597065079285533e-01,5.894873607197479437e-01,-8.189932376707493855e-01
6.986904633809946086e-01,6.756576764769266497e-01,-2.335749139383475337e-01,9.500095602652915971e-01
-9.938589982749150842e-01,-3.377873036523539041e-02,9.236567143916273315e-01,-4.061039039702865616e-01
-5.547374437425266480e-01,8.835634809709705939e-01,-9.294856275827572123e-01,-3.056471021869229809e-01
-2.946028756472487964e-01,9.639156908268887713e-01,-3.278317872206976680e-01,-9.483021052828033426e-01
9.174407744736380321e-01,4.443383541546699345e-01,-7.904940067892766153e-01,-6.045053101426726139e-01
8.207805544168550460e-01,-5.756485327918908768e-01,7.128010003841523945e-01,7.113724483528968134e-01
-3.435078317985076346e-01,-9.579564649493917949e-01,9.624637121271131246e-01,-2.084577644937504193e-01
7.079508607708170365e-01,7.195072173664524007e-01,7.533825826499006562e-01,7.299449688964106953e-01
9.736225663611534076e-01,3.948472616545524727e-01,-2.565873658891679523e-02,1.008596926944008265e+00
9.858548723561147975e-01,-1.418943309594603852e-01,3.408335286136160991e-01,-9.153503198027077570e-01
-4.580512024183272524e-01,-9.351592986459811296e-01,-7.142510603926870427e-01,-6.837247120996263750e-01
-8.487683804949047728e-01,4.894555341926023484e-01,5.572576776128802534e-01,-8.572623486473357479e-01
-3.539337606609089248e-01,-9.479878100481908820e-01,-1.056444555947268382e+00,-1.397907566444688554e-01
1.480633762913541665e-02,-1.027703590411731982e+00,-7.313191338238627104e-01,6.687294410360504759e-01
1.473920983291638342e-01,-9.387334489198563281e-01,8.626580734661711825e-01,-5.346393058925105191e-01
-1.000560545993743666e+00,1.067499436945258395e-01,9.491459922224257939e-01,2.459017078215208763e-01
-9.171856463738701226e-01,3.938539050363774607e-01,6.311213948197962331e-01,-7.532659199967608465e-01
1.012781364156381425e+00,-1.427880692243532756e-04,8.870541931449962836e-02,9.940872963083539071e-01
8.884974708630488660e-01,-4.545059354115018602e-01,5.535540144429553777e-01,-8.534038988160136396e-01
-7.398528415532586999e-01,-6.037050989664322076e-01,6.594624582948478420e-01,7.674625975930250421e-01
2.914212794539365325e-01,9.552370096052522630e-01,-9.073257512162309357e-01,-5.257838392990695775e-01
8.860247733975423756e-01,-4.786241541554068224e-01,7.894127268944418629e-01,-6.257451235906118514e-01
8.376619557719595655e-01,-4.773835309856696574e-01,-9.645788242303893201e-01,1.850252851235658913e-01
1.061295651740390200e+00,-1.010886555606074072e-02,-2.061955865459545040e-03,-9.837853257050339639e-01
7.334886161624177836e-01,-7.277982924382356833e-01,3.206829118401502421e-01,-9.225354353030121857e-01
9.756846476256192391e-01,2.841008146370845033e-03,-8.032285757859017328e-02,-1.020611970825693327e+00
3.411288570021026728e-02,1.036346294590937411e+00,8.942743656104717997e-01,-4.496962454757957306e-01
5.570097485213937327e-01,-8.236857503025604155e-01,-9.540772189049202545e-01,3.377764754024079052e-01
4.132532922128872577e-01,-9.191574907329016497e-01,4.454752418604968622e-01,8.988810629856069934e-01
1.240001000685395927e-01,9.890386379924804849e-01,9.747493034077978624e-01,3.066208625385286601e-01
8.065486708855372777e-01,5.505417202332970605e-01,-9.373309806838744929e-04,9.582758606111954069e-01
9.956266509246068930e-01,-1.533232828205015608e-01,6.078102114467397454e-01,7.795551946607097715e-01
-2.556462153249114966e-01,9.847410927729953745e-01,-9.359906663671050397e-01,-3.203264772724092047e-01
6.317180578269422364e-01,-6.720395867890613939e-01,4.170447941570915029e-01,9.205251227707254014e-01
9.744589390140097063e-01,1.354160134795181700e-02,9.874580926689009441e-01,2.600683444537964517e-01
1.010187178801653429e+00,1.111192700227936758e-01,9.482480286741529207e-01,2.297282728811153585e-01
-9.553273235773890315e-01,2.128873085862002246e-01,5.322634873439245906e-01,-8.705763350412162316e-01
7.082828922472275690e-02,1.016448431639825234e+00,-8.049354715040453190e-01,-5.816491427621114374e-01
-4.006654467417300469e-01,-9.382669631944888788e-01,-5.387835436506590581e-01,7.707322573149617551e-01
-9.197843068556489365e-01,-3.829144752216121494e-01,8.147973983355840666e-01,-6.119313676604677399e-01
9.167314757190410113e-01,4.340891902933025626e-01,8.826378015051659087e-01,4.597682228131227400e-01
5.221205106053351530e-01,8.173629379581802690e-01,9.549690780172394033e-01,-1.462561532080185467e-01
-7.625826818085073011e-01,6.600359261932153832e-01,-7.540236286999475457e-01,-6.564917665449987449e-01
3.813028822191547040e-01,9.538639865669943374e-01,4.781430522022173113e-01,9.027778738319998109e-01
2.757609301186922379e-01,-9.537504809815984252e-01,-4.271424617344443120e-01,-8.838493097789392738e-01
-8.506060232413966693e-01,4.899219842392420476e-01,1.212056961265273597e-01,-9.907651276288254039e-01
8.216975260012426840e-01,6.229932066595901263e-01,-9.063472735030767558e-01,4.367210677135215380e-01
-9.902040364780867465e-01,9.454483131174026833e-02,6.579810440727196230e-01,-7.878280892629364596e-01
8.583627007567430356e-01,4.905452193400937078e-01,5.473507281538154690e-01,8.633390779779479551e-01
6.538783833599615125e-01,6.689601329078181946e-01,-2.150226549702745071e-01,1.032832969691807934e+00
1.456876307079846972e-02,9.708423739106709638e-01,7.911347676490714242e-01,5.464720178309739884e-01
6.228053741588244208e-01,-7.859956978722375531e-01,2.958294176404280829e-01,9.360340174826008441e-01
8.870090811426701860e-01,-4.465837549424266917e-01,4.304254040004178161e-02,1.011252622406909163e+00
4.497120852538818436e-01,-8.768067734027843452e-01,8.659919615354323419e-01,-5.527141558655948028e-01
-4.671099213592257993e-01,9.222250341547376662e-01,8.769685567925998848e-01,4.459206253711440193e-01
-9.798274825224412288e-02,1.043525112555569789e+00,-9.025658260494400231e-01,4.342344379942212340e-01
-9.549420811701778700e-01,-3.513183476971152297e-01,-9.875838259313531875e-01,-1.536707399225897552e-01
-1.807013485161816091e-01,-1.013811347681795594e+00,8.182077154445109857e-01,-6.132751210390270380e-01
9.972541229856499712e-01,-7.750702862223132761e-02,9.705827603757606337e-01,6.384108707846542982e-03
6.805959896573932078e-01,7.137443967544399026e-01,2.466662428118014672e-02,-1.016941618954080973e+00
9.302594865426887516e-01,3.376984135176692714e-01,1.005343709295492438e+00,-1.830986408993232895e-01
-3.384615381699043746e-01,-9.397396413749133925e-01,2.447788136240682533e-01,-9.955593144912795456e-01
5.183502489827490622e-01,-8.594861446644693759e-01,9.659526535323185170e-01,-2.429430929371088066e-01
5.928568576455178762e-01,-8.265427610905653477e-01,-2.850247924811467604e-01,-9.750507156602054026e-01
-4.127436472822891278e-01,-9.462159520523774070e-01,8.669719621875865423e-01,5.107232809817131569e-01
9.537934444660399746e-01,-2.772096788084825736e-01,-7.853190919232488909e-01,6.032142901752669539e-01
-1.010053919728951533e+00,-7.277700482145252336e-02,-5.793624177782938922e-01,-7.697010219528368502e-01
8.544376637375515893e-01,-5.169511545862671698e-01,-5.838623253455212936e-01,8.450068470604519266e-01
1.009806055440075623e+00,-1.812596410525129653e-01,-1.768988263980650899e-01,9.814544268488679668e-01
5.669574803998118639e-01,-7.792750787660506218e-01,-8.908159519311570351e-01,-4.319269361475469582e-01
-3.828512333894642516e-01,9.164532002836069946e-01,9.275896859030835495e-01,-3.614267138314161132e-01
3.255531171316446981e-01,8.709736018524227852e-01,9.317114036024369828e-01,2.264575083487233298e-01
-9.963427900900114764e-01,-3.222372375622431506e-01,1.208883808366577051e-01,-1.061968962536823158e+00
-9.674764738966964428e-01,2.580103683177253360e-01,-2.129142563459802406e-01,-1.008037099502185452e+00
6.890210928616217201e-01,-6.814707822633706558e-01,1.008295222895245091e+00,-2.348607813419984758e-01
7.920434460761955897e-01,5.762338138579697899e-01,8.753846563725984353e-01,-4.581731908728577385e-01
-9.514418648314834637e-02,9.612230062351803106e-01,1.229313865188060018e-01,-1.016570705627819038e+00
-7.187715858923569845e-02,-1.016536248127416719e+00,-1.036761461525409267e+00,-1.261988620905359071e-01
8.257604473569566395e-01,5.635942442341052017e-01,2.822558967346233683e-01,9.484604989122095153e-01
-4.712883798099270494e-01,9.006606423241387827e-01,-9.310674404321500619e-01,-2.291280720839105056e-01
-7.657276320761049471e-01,6.474280107561252162e-01,1.104604188681283378e-01,-9.531272117977451774e-01
-7.314669847085396581e-01,-6.767498920434327214e-01,7.694584172746070649e-01,-6.002521176674158188e-01
5.731417691352805877e-01,8.014816486608303814e-01,2.320873858801219547e-01,-9.420333104013237646e-01
6.577689961033014177e-01,-7.387933699619545491e-01,3.611506062729066269e-01,9.318022406052838269e-01
-8.839850901955933482e-01,3.275377258290411708e-01,-8.965797726448268001e-01,-5.941734521390155122e-01
8.538719649307812132e-01,-4.755796648808763294e-01,-5.064335476652966905e-01,9.007216469976474515e-01
-9.639101923674704420e-01,1.722313857923545855e-01,9.943583633331598559e-01,3.587901619341746229e-02
-1.514599055369364733e-01,9.655506295156890406e-01,3.098012536161430797e-01,9.437846192641341503e-01
6.242238393176625655e-01,8.357809249650087757e-01,7.472641039669430940e-01,5.981847839668854583e-01
1.028447530662414122e+00,5.203078156077224625e-02,4.942148152752525170e-01,-8.548699194591637962e-01
-9.673336036461337439e-01,-1.858566335538974768e-01,-5.355449031279447408e-02,9.990761290985673559e-01
7.552369432217433953e-01,5.556975972365281180e-01,-1.583372016964175455e-01,9.489381085708843422e-01
-7.723964630542271559e-01,6.245302884285363065e-01,9.938539041051583922e-01,-2.458269454125428521e-01
-8.424320104920671737e-01,-6.064480936765334063e-01,-7.485927318227540983e-01,7.097747300194399145e-01
-1.421775954924888452e-01,9.600952432425351457e-01,9.535651258982680289e-01,6.377121278977981866e-02
3.705399341220886322e-01,8.591645323336996043e-01,-1.612904767559505403e-01,1.018334577754540504e+00
1.684845466150991233e-01,-9.792699423575905726e-01,6.768294494508372283e-01,6.603886502831732841e-01
9.362869094957450011e-01,-3.484705309074744295e-01,7.886153091274727966e-01,6.387074735962641192e-01
7.920663082275002376e-01,5.803810427934832372e-01,9.047146188782201337e-01,4.277209189134311140e-01
5.352534312468397726e-01,8.082992343551169689e-01,-8.316060063496701904e-01,-5.627593787852039897e-01
9.597426384733965810e-01,-2.674128408675660040e-01,3.416523029983993265e-01,9.454846195642045981e-01
9.623994389501312474e-01,2.526853804142199511e-01,-6.748545373780304724e-01,7.467013859711675305e-01
9.838861123852674639e-01,-1.436936619721082276e-01,6.684720075534612560e-01,-7.745439314571005429e-01
1.020689758010130399e+00,3.978024579385368298e-02,-8.921323210848350893e-01,4.307921506087145636e-01
7.225691602040107409e-01,-7.391908955626799171e-01,8.623433719829950439e-01,-5.068229308065376193e-01
-3.583031206624426868e-01,9.248229906316204341e-01,-1.023161825993747831e+00,-3.276665684803991424e-02
9.661712098295991424e-01,-3.902582021464699458e-01,-8.083214548901018759e-01,5.898876908861028223e-01
-3.773550505844132097e-01,9.674966758142760082e-01,6.963681829206305393e-03,-1.004436556811158843e+00
-5.974507045799699601e-01,-8.654430300187322400e-01,8.459909387072290787e-01,4.212404302621715613e-01
8.170852640547096035e-01,5.124389177978753152e-01,8.580433489404585279e-01,5.259411041024829592e-01
7.954445938237693359e-02,9.685500001085881605e-01,-6.008940127740585169e-01,-8.709254514730040420e-01
1.701297155751263501e-01,-1.011866309319585433e+00,-9.961916429134046735e-01,1.103115872410278808e-01
-9.450376037042227395e-01,-1.800884161870300593e-01,2.620811916435213385e-01,-9.934890574992297774e-01
9.469207775952895867e-01,-4.419888105639653286e-01,8.670493986005324283e-01,-5.136568441351954117e-01
-8.675479501680163352e-01,4.385084942822785603e-01,-7.424152104025534271e-01,6.553055168514192452e-01
6.774547343524409682e-01,-7.034927074532918434e-01,-8.123039685275764699e-01,-5.965621804681823237e-01
-9.769797061593111787e-01,3.194606018267205916e-01,-9.743303597170203112e-01,4.198063956849014400e-02
9.412576446356648585e-01,-1.292921984860888052e-01,1.007177953451455998e+00,-1.069261436462773107e-01
9.968644493226065384e-01,-2.311612287494684004e-01,4.598463375610911119e-01,-9.016990439563246085e-01
-4.681580708563141680e-01,9.069153070999038668e-01,8.541832225300189929e-01,-5.711953726669819487e-01
7.243256794791003150e-01,-6.373935160487465001e-01,-3.712478368693863245e-02,1.002963670471166413e+00
6.057043178694174745e-01,-8.517418354209991271e-01,1.293521132943646346e-01,-1.004785453332979195e+00
2.545965418479168019e-01,9.914923233783577983e-01,-1.389253746877216755e-01,9.951211954140553040e-01
-6.856705105386986521e-01,-7.563946360826833137e-01,2.545139036641591024e-01,9.322095096822528015e-01
8.793815281754640001e-01,3.701330767814400291e-01,9.786910507756547695e-01,-3.531342995821307729e-01
4.954389012174973406e-01,-8.459384764309628713e-01,9.631797289115002769e-01,8.883832867106984665e-02
4.992383236107036382e-01,9.408508419515768662e-01,9.597049192266570161e-01,-1.855776735835580060e-01
9.127033834064806062e-01,3.904267189809698668e-01,5.652861892192572180e-01,8.501426024617553256e-01
-8.501706681759728657e-01,6.511704898754371307e-01,4.064257004062505341e-01,-8.616241981091271596e-01
-8.940991504632841425e-01,-4.420991889447121181e-01,-1.227098530109628494e-01,1.026068499838556969e+00
5.959706722643489663e-01,-8.147189423080541948e-01,-5.936460117707486051e-01,7.696418339595187952e-01
9.936982702408799772e-01,-1.843429854703619031e-01,2.379677409322751847e-01,9.621453870564975475e-01
-9.778635602601063459e-01,4.107008689818687497e-01,-8.539083545133794306e-01,-5.109949579680288512e-01
9.596851401884144428e-01,3.953794508199904301e-01,-5.996055094547801945e-01,8.032739500791925558e-01
-3.702783327683754899e-02,-1.041394667359149206e+00,-5.332236198066785393e-01,-8.243484591368285264e-01
-8.958078844722558998e-01,-3.619069446411354307e-01,1.017070688357900821e+00,1.225726155655005867e-01
-1.005637197794970961e+00,3.129095403857228841e-01,9.465826249218253219e-01,3.605068746574816574e-01
-3.612573251838403499e-01,9.461465729166896876e-01,8.227890850178627424e-01,5.964898937176367211e-01
-9.829510719856778822e-01,-9.958954445208459405e-03,-9.146101395151829960e-01,5.016198844766179832e-01
-5.207519072231525659e-01,8.077498566451490891e-01,4.349867916358236553e-01,-9.031672397602320546e-01
5.010695610126084110e-03,-1.022138215760694413e+00,7.472157208073362256e-01,-6.621730030916197496e-01
-9.539232288211056954e-01,-2.999174755389777403e-01,6.449947117176980937e-02,1.029040540331847220e+00
7.327807356519154824e-01,-6.975988479016567156e-01,-8.662893253017878159e-01,-4.582613744509144160e-01
-9.832921811387178579e-01,-2.365414007525893092e-01,1.241138639690857609e-01,-1.012692885343626115e+00
6.187015373926223888e-02,9.764578712161903207e-01,-1.843786266887156022e-01,9.705019295255170597e-01
5.977829135757093404e-01,-7.845716766932927522e-01,-8.753374796188253537e-01,5.720872867668768125e-01
-9.532545401538191632e-01,-3.000758449782433557e-01,-9.975170891895093206e-01,-1.207241347125402597e-01
1.972627969916781465e-01,9.302275447007195552e-01,6.535992316943810554e-01,6.921666376962520850e-01
-6.967141051680152408e-01,-6.915967007032246539e-01,9.586865359589540336e-01,1.620761336394243302e-01
-6.035003576577268047e-01,7.201104802759789036e-01,5.374218803522148313e-01,8.097778087980870287e-01
5.596614399695857278e-01,-8.308313321620145464e-01,-6.736771230276750178e-01,-7.018000241619787305e-01
-9.375598202810208059e-01,2.499325400452216406e-01,8.990094782026669673e-01,4.375529936914429596e-01
-1.061405469591582551e-01,-9.841331772960959512e-01,3.509789602847996348e-01,9.531785479113680237e-01
8.411104668043450916e-01,5.416343766693362261e-01,-5.342473369071156775e-01,8.421040011321719865e-01
-7.593746390698481452e-01,6.135558742570934587e-01,9.032263469639827402e-01,4.560352880222003913e-01
1.003928475654421337e+00,-6.824773252843799320e-02,3.479665711280834905e-01,9.369100385868629477e-01
3.205625206334772326e-01,-9.549418431077879577e-01,8.391190102018812880e-01,-5.590707007271304985e-01
5.735220714696602773e-01,8.204323583820286592e-01,1.014905202008170804e+00,1.262462170203636769e-01
-1.726908337470495769e-01,1.026846770746199455e+00,-6.341274659905681288e-01,-8.270506469800344984e-01
-5.112889604786556852e-01,8.214008175653120247e-01,-7.814331879360800759e-01,6.645804817391183228e-01
-6.064360249996101349e-01,-7.850115159379832397e-01,-4.731505696499517244e-01,-8.933851327112652951e-01
3.487868309144639967e-02,-1.001819494519468501e+00,-8.605371931874660207e-01,-5.529390391012222183e-01
2.499664336089883754e-02,-1.017643025509557431e+00,1.548989123473121232e-01,9.983110668466378401e-01
-9.890631018685562825e-01,-8.726435787372231745e-02,5.948594103136084499e-01,-8.039943063900714115e-01
3.779457562774557466e-01,-9.400625244706086736e-01,-1.010219132900665784e+00,4.491223998895605557e-02
-9.576941402663181613e-01,3.840208863964515440e-01,4.653682398356602246e-01,-8.731469621878288345e-01
7.012934740618104179e-01,7.322047489055231173e-01,-7.767467618069791024e-01,5.478688345020897854e-01
-8.995879162894061531e-01,-4.579120411591759976e-01,9.597976494196218678e-01,-9.349846636590043725e-02
9.269580757717738040e-01,-2.375706328134272460e-01,1.452892821569131687e-01,-9.644139590290943254e-01
2.660427710192776463e-01,-9.921018979274732752e-01,9.625314186845425057e-01,-2.051197764252578049e-01
-8.982487474625423518e-01,-4.556042657695313913e-01,-9.758347195959052867e-01,-8.975355089737269143e-02
-6.555264861999942072e-01,-7.485688891834523240e-01,-9.923821816349956970e-01,2.411615320003315799e-01
9.247766318261736451e-01,-4.285182800900252387e-01,4.692358562899914126e-02,-1.056511989779900462e+00
-8.713285562999283362e-01,5.077626191875618256e-01,6.711432032196371633e-01,-6.913389290544824650e-01
-4.923898499502886716e-01,8.968018470390343166e-01,1.034282291481394722e+00,-2.125512349133391599e-01
1.050356707799662725e+00,-1.376893454563969388e-01,-4.387152641502166661e-01,9.015626535229952498e-01
6.884489429001406924e-01,-7.684859979205098668e-01,3.244043928666507370e-01,-9.883432634032973674e-01
-4.510486428396993097e-01,8.785146427431056448e-01,2.472461586763282371e-01,9.606462344898329953e-01
-9.422035918512631225e-01,2.007680032740409015e-01,-1.008236812435423735e+00,-3.208344456951750523e-01
-8.328798594748346718e-01,4.812027786860155754e-01,4.378921949710176675e-01,8.960847344047234708e-01
6.156796233192735057e-01,7.991388162324969402e-01,-4.963104127339353910e-01,8.721931565543894482e-01
9.561717493469290563e-01,-2.747222073859413860e-01,9.970003764962191983e-01,-4.485478125776927172e-01
-8.262004881718196803e-01,5.662859955537025147e-01,6.074116085766930739e-01,7.451714093334742550e-01
7.226097015809497259e-01,-7.330816497783694263e-01,-6.328676820230955125e-01,-7.803819918599589345e-01
3.735639314800144328e-01,8.656149059588691408e-01,-8.951561022834781944e-01,-5.751404461261966361e-01
-9.748485344576987011e-01,-2.548202583028289503e-01,7.246372289403741895e-01,7.244667740087077368e-01
9.779489912526675433e-01,1.671239001712909455e-01,-4.799770788001485045e-01,8.657600271058140118e-01
3.774316993177904977e-02,-9.865168804124971880e-01,-9.153066462587814422e-01,-3.634967968218658085e-01
-8.674487114958318035e-01,-4.294831631404823491e-01,3.895258045812771686e-01,9.511506202206420069e-01
-7.136472725358595781e-01,-7.354100546775086400e-01,3.330355403719373886e-01,-9.523591447478740868e-01
9.711872676522677050e-01,3.292620842129231895e-01,9.623120446604761513e-01,-1.436758722635859131e-01
2.177310652363144694e-01,9.878672588195951398e-01,2.558582580983552179e-01,9.647107374004163516e-01
9.255952294835202432e-01,4.614838376060528269e-01,4.101845977580088065e-01,8.987984917621888448e-01
-2.360171710215283325e-01,9.304409443541962199e-01,-9.117895827376678586e-01,2.224332895368625884e-01
-7.062192181034436800e-01,-7.442053476306605964e-01,5.037693455632577880e-03,-9.454982720218109149e-01
-8.962507785881792532e-01,-3.202398795964847000e-01,-2.362142898780768552e-01,9.435597238690158761e-01
-7.870875297142398974e-01,-6.443449859255615531e-01,9.631708484475066667e-01,1.033299286547867818e-01
-9.349544001952146965e-01,-3.395793316847340870e-01,-9.986906098828917111e-01,-2.673804081501000574e-01
-1.527985172080371379e-01,1.018110120877128155e+00,9.375835331591361177e-01,-2.896870670881612209e-01
5.095136733622591951e-02,1.022065490803180765e+00,-7.352024217282523422e-01,6.444871823598820049e-01
6.552355781085830166e-01,7.748665825296716658e-01,-8.842752500539395877e-01,4.732430819617067796e-01
5.328860601080602777e-01,-7.871716011417922987e-01,9.869502030780905599e-01,-1.721830521305456330e-01
-8.235540870832241955e-01,-6.695874306659386210e-01,-3.652582242842625226e-01,-8.975889502426485089e-01
4.057851131810220058e-01,9.281071611726015025e-01,-2.047032672908950524e-01,-9.700672173861119019e-01
4.153320760867243444e-01,8.944028213190033938e-01,-9.397473735877247547e-01,-3.197665329191166639e-01
7.398910585758651237e-01,-6.857206457622982976e-01,9.451599365704003164e-01,-1.344235109142749296e-01
-4.035082765153776702e-02,-9.643615423524003472e-01,-3.656207893468225723e-01,-9.273210659969081116e-01
-5.324002044573222792e-01,-8.933564366689499270e-01,7.685813666292595769e-01,-6.021876819297211636e-01
-8.013887873551678309e-01,5.367916195296309478e-01,-3.138802119796917367e-01,-9.951143163739657460e-01
-3.390897752218020866e-02,1.028663573999886616e+00,-7.494435413938126123e-02,-9.841269861291368493e-01
1.035577489215017577e+00,-1.515194097563289932e-01,-2.770111827911475588e-01,9.979542885859448154e-01
3.205920310920025718e-01,-9.900211816409759669e-01,-3.447542482099017480e-01,9.918378567986769756e-01
-3.079888439110738951e-01,9.698010576966167307e-01,1.729940260350361636e-01,-9.600329091248145374e-01
5.351981161372092455e-01,-8.738986831893730267e-01,-2.687178178082552105e-01,9.978091186066091467e-01
4.891535971767452251e-02,-1.013880362717105132e+00,-8.748513954846736107e-01,-3.897584786167682114e-01
-2.933800639483167827e-01,1.004464425963148555e+00,-5.928729280148853538e-03,9.814978715310967994e-01
-8.723335578290019043e-01,4.251465354096742866e-01,4.044648903168484577e-01,-9.500359186969820069e-01
3.968852759588330503e-01,9.220429099903280079e-01,7.958740597701798869e-01,6.640885275693605427e-01
7.818765296677411269e-01,6.536535048106237866e-01,4.766325720288405732e-01,-8.607400430050149431e-01
-2.017602454860625838e-01,-1.051812442436254713e+00,-7.659615063555872405e-01,-5.825111053297268304e-01
-1.133991405800374164e-01,1.024337921781815597e+00,3.654239350127767572e-01,9.025043069152481889e-01
4.022472026879655438e-01,-8.886176035572520560e-01,-1.010084706780824515e+00,-2.827434035225346864e-01
1.007811616268724064e+00,-6.163739135667554991e-02,-2.214516445114180776e-01,9.166881034546969786e-01
9.034702384410561171e-01,4.435853102981666130e-01,-4.764733942490773644e-01,8.587179019880271102e-01
-9.975075976396902133e-01,1.239340713604862865e-01,-5.406009889308542871e-01,7.359033943582461434e-01
3.085737674813080478e-01,-9.439490855788903456e-01,8.999721615105916728e-01,3.934324130613107706e-01
2.196896871856580669e-01,-9.269351299126789012e-01,9.644741007213739614e-01,-1.545762399822386279e-01
2.605520012011285774e-02,-9.870989903172432411e-01,9.771002869495913901e-01,2.181119751056994627e-01
-5.684768546349705520e-01,7.947206955881597201e-01,-5.363450619090447402e-01,-8.635257872569026549e-01
-9.049751952208405781e-01,3.054372057370834947e-01,-6.366586452365157189e-01,7.474413147219476361e-01
-8.289902483083723128e-01,-5.907432724936896307e-01,-6.021806133158537078e-01,-7.957508948430205287e-01
9.839771077471428651e-01,-1.689181733620271353e-01,-6.771225323741039137e-01,8.209763184671249325e-01
-4.696189489792204630e-01,8.436359713987013897e-01,-4.473480339289823693e-01,-9.116156793245783208e-01
9.015470524318051071e-01,-4.394200969329737361e-01,-1.012652090752514528e-01,-9.960514479245752284e-01
-1.330238158031084583e-01,9.749247615075535833e-01,-3.853254560715376198e-01,-9.315363445858616531e-01
9.917251443000801858e-01,-9.193025622164652244e-02,7.220655606181580755e-01,6.533302819167879916e-01
-4.925789003473406980e-01,-9.093779185333591419e-01,-5.287193271647523396e-01,-7.835989667734379882e-01
-9.466149198613194038e-01,2.068963140975603743e-01,-1.887248083913675434e-01,1.025860401880014816e+00
-7.899491427117026898e-01,-6.315627902127037840e-01,9.427233407376075514e-01,2.275975561753368903e-01
-1.532630603563107929e-01,1.053026404278190498e+00,-8.113357406752954581e-01,5.069473673146299708e-01
-1.716480074445536907e-01,9.939946905852029557e-01,-9.191750812814837301e-01,3.941771652898435341e-01
7.091998929462737244e-01,6.399221647348808384e-01,-1.010206419206434614e+00,2.203906741029065530e-01
7.820682283577721217e-01,6.777683075679545865e-01,-2.703705765471188238e-01,-9.841024045665125453e-01
-5.700796798223428663e-01,8.399456723899169086e-01,-3.779373819875250229e-01,9.357907544592555249e-01
7.657234927649148037e-02,-9.497330948154386610e-01,-3.746857216418852388e-01,9.342783428483013575e-01
-8.271187111864001240e-01,-6.226630282070714228e-01,9.241102320150811344e-01,3.667208783884862711e-01
7.551571118274393868e-01,5.700863373678974888e-01,-3.885435386202834573e-01,-8.907285350230709220e-01
5.823973740717439673e-01,-8.119865471818150660e-01,-8.601945245052516897e-01,-4.217740665172487469e-01
-8.075780807533747829e-01,-5.979741529296616065e-01,-6.229058169509816834e-01,8.273035209815366997e-01
9.514447660650754424e-01,-2.443297630198060233e-01,-2.652851943517672839e-01,-9.056948486618462413e-01
-5.179945646683454807e-01,-8.524085039541662301e-01,-9.480134157934076988e-01,-2.506228886682601020e-01
4.699633631458272065e-01,9.379760019058225318e-01,-1.003018220450485165e+00,1.988673094941089126e-01
-9.750171406694034815e-01,1.790849674005074166e-01,-9.757164510719881223e-01,-6.639160165700107308e-02
-5.808776039129350810e-01,-8.292060264610403575e-01,-6.502968814959184662e-01,-7.691551844329846954e-01
9.494961794781296982e-01,1.622633001310895273e-01,-5.281935964874164835e-01,-8.320137151598904213e-01
9.597468247956888465e-01,6.703241946223581493e-02,-2.218511045158814143e-01,9.845596915585417275e-01
7.123611658375678113e-01,7.650736801745061655e-01,6.490279806654837280e-01,7.617525796218836964e-01
-7.210181021933896942e-03,1.046881995848069957e+00,6.317314874610336917e-01,8.459031809630144227e-01
-8.884734258372153359e-01,4.488616554425510219e-01,-6.396954176591093111e-01,-7.351579363786399091e-01
-9.683835624582616264e-01,8.885260523782936848e-02,6.886025866308027599e-01,-7.594926342280781117e-01
6.676340454987035322e-01,7.685737106896964876e-01,-8.634895759123956127e-01,5.065457864743638794e-01
-4.442684362211020699e-01,-9.316510089294398611e-01,4.928663887343163186e-01,8.987032077432418609e-01
-8.074909558519087760e-01,-5.790320174604201009e-01,6.144433469741514275e-03,-9.825405708908167002e-01
-2.418090373444976016e-01,9.450325480261468902e-01,5.097349938877525632e-01,-8.239439959617684828e-01
1.005900606049698887e+00,7.449971997825570458e-02,7.609009786508319495e-01,-7.027307049738039657e-01
8.466215687854932170e-01,4.917208592647971943e-01,-7.945349995106566476e-01,-6.309089723689482732e-01
-7.949850088104133405e-01,6.158133352806838268e-01,6.806178383006195043e-01,-7.205770142297321934e-01
6.181580208472470250e-01,8.542663573027513557e-01,1.008497903787676675e+00,5.620313949684007521e-02
-7.204472990848235225e-01,7.599626942097250648e-01,7.691492275418089219e-01,6.667615289480681717e-01
-6.912701713281341753e-01,-7.968338656192852643e-01,8.536557854078298258e-01,5.852279320250928230e-01
-9.576622706165636156e-01,-2.575962567350472687e-01,-2.799666634824177769e-01,-1.011702667090345509e+00
1.237927663104048254e-01,1.006504920169518869e+00,9.443025531577187159e-01,4.414669601564613632e-01
-5.897009737951671715e-01,8.372407386110618521e-01,-9.827524161525988955e-01,-3.015611955334597180e-02
-7.553564761690332308e-01,-6.662228167218435804e-01,-1.003844663617463384e+00,1.847521799152708477e-01
6.090448145108338096e-01,-7.552896634278517540e-01,-3.564102448967448877e-01,9.587855857054521369e-01
-1.157751116776791281e-02,-1.042359475035170568e+00,6.942871818421142427e-01,-7.353184278864509649e-01
-8.621606382701773041e-01,-3.162974587992137820e-01,4.810113147502655395e-01,8.727276795906514506e-01
-6.829014581349253099e-01,7.771948141147082545e-01,-6.024711895511154491e-01,7.976105692473748343e-01
-6.588829457079928842e-01,7.561531610607764575e-01,1.021101493209806421e-01,-9.648209094508471972e-01
7.025227294853120252e-01,-6.911144911403688251e-01,1.018147935518833425e+00,2.403043516907362176e-01
9.216695335142505163e-01,2.449388890402637575e-01,-4.577098046769841333e-01,-9.277145237397694810e-01
1.019845444594605910e+00,-7.214800000695076321e-02,4.106825762891059828e-01,-9.401769737499217072e-01
-5.007402530207178959e-01,-8.350353747259281478e-01,9.144016109950267035e-01,-4.273758889295478092e-01
-4.316310974645962695e-01,-9.016154395132129906e-01,7.142239093932772898e-01,-6.757370269515483585e-01
9.580547496345428460e-01,2.020338148122649558e-01,-4.121123856361278981e-01,8.929648698692475017e-01
-7.659523391418191496e-01,-6.153181768392067541e-01,-8.378313298251423014e-01,-5.450818808532094106e-01
-9.913752501503338976e-01,7.572355357023943800e-02,8.498636983828649072e-01,4.424332885456851439e-01
7.717498814760982428e-01,6.519627840343336089e-01,-6.557294372445944541e-02,9.628224955662183504e-01
-1.708228121775818842e-01,9.854751187446239014e-01,8.159032812761451980e-01,5.534767264962914268e-01
7.993757895387707535e-01,-6.169349230242739957e-01,-3.817074131289301953e-01,8.838159145725190680e-01
-8.694564870840271187e-01,-2.792216579380255581e-01,7.225580041352078764e-01,-7.391976070056819337e-01
-8.288362509159286073e-01,5.034092213052085985e-01,-5.787847226318627580e-01,7.718244250220531733e-01
8.624182242326730030e-01,4.533674094531407461e-01,-8.968670079872596013e-01,-3.598198012606738105e-01
-2.051234488355581365e-01,-9.765292292619486281e-01,-9.251672435642684933e-01,4.146329391210424320e-01
-2.687059200704386419e-01,-9.563013526019393806e-01,-9.326456009696697524e-01,2.491963927204736695e-01
-7.817906653274657724e-01,-6.570854006396322777e-01,9.847764183087351908e-01,-1.923414370295416509e-01
-9.617088297302027744e-01,-4.166601950984197278e-02,-3.264119435840131533e-01,1.001631794311624191e+00
-9.922132089229828145e-01,4.649701061626762000e-01,-7.048284859674723846e-01,-7.227187261015571851e-01
-8.348346613842727582e-01,-5.421733778894054501e-01,-8.765037521422358591e-01,4.776365810050406391e-01
1.411523932539396620e-01,1.010555899002014923e+00,8.999893237503084897e-01,3.957548235157342664e-01
9.474796714214813731e-01,-3.761763397258364172e-01,-9.753547161672493360e-01,6.253050587682006112e-02
-8.546303553568573852e-01,-5.364548624122357223e-01,3.189139262097881455e-01,-9.367322157633738433e-01
-3.549140642491191433e-01,9.263585780076152298e-01,7.772565662352453053e-01,6.087051042831717051e-01
-9.588764627350720993e-01,2.763871510719453917e-01,9.682950941787825672e-01,3.936770512817604484e-01
3.676523172843121912e-01,-9.611683796957830594e-01,5.730148473949466803e-01,7.967061902218635083e-01
4.921823740545189230e-01,8.644913445664389462e-01,1.018155147432022595e-01,-9.635425126061272216e-01
-2.668787123815002937e-01,1.026783403748489754e+00,-1.550777798231225413e-01,-9.706546180138785340e-01
-4.669863551191457129e-01,-9.208709461741880764e-01,-9.030153695536349279e-01,-3.996320479150641813e-01
-3.946598913179323875e-01,8.934416683319803543e-01,-9.766898784433210023e-01,2.016680027284686039e-01
2.305042457756962815e-01,-9.463853372371449080e-01,7.156930353978434578e-01,-6.402840948409254107e-01
7.323926668883147251e-01,7.501600088148979717e-01,1.237902212022972265e-01,-1.019877822592742289e+00
1.296487012593056654e-01,-9.578956083758266571e-01,3.555893322801764178e-01,-9.386397614141190893e-01
9.446657595495497883e-01,4.671752111506312644e-01,3.513427624538867922e-01,-9.504178007425463370e-01
9.928056712662099992e-01,1.764746686519715752e-02,-6.236386997314232739e-01,-7.477536717705878244e-01
7.617257589155259634e-01,-5.931844789076757829e-01,-9.818562521882515659e-01,3.071253226791865187e-01
-8.883338906312634453e-01,-4.461579002083507217e-01,6.428975767166209554e-01,-7.296420847552879119e-01
-5.899085838724670294e-01,7.983068976389338101e-01,8.715086540716284746e-01,-4.392054327247217338e-01
9.668630666856377343e-02,9.745216063967214737e-01,1.030478061770106812e+00,1.645030776366831204e-01
-7.240228065662580592e-01,-6.812262735623344501e-01,9.427333352617915940e-01,3.112645325656633322e-01
-9.888647167218846956e-01,-3.838404505695947738e-02,9.657338932838369638e-01,-2.787435953715450832e-01
1.020113332444037679e+00,-5.182365734925898498e-02,-2.105703682618953465e-01,9.250942791780968344e-01
1.002868152121788148e+00,-1.287166220452675980e-01,7.120144936450785167e-01,-7.362459849311672189e-01
-6.574299994990326912e-01,-7.609131440176273298e-01,-7.161267751506805723e-01,6.701107752843502574e-01
-8.981670427984601579e-01,3.519762084621416154e-01,7.560815139565816301e-01,6.830058041716903228e-01
-9.568957879633730457e-01,5.358236559540506538e-02,8.354451283071624434e-01,4.276773189375313589e-01
-3.644596307829057746e-01,-8.978185374277048991e-01,5.696120431494046121e-01,8.744913467917270200e-01
7.564565693798525059e-01,5.856199697002516524e-01,-6.004237390131363789e-03,1.020988988489110350e+00
-4.922402264106972014e-01,8.472767246897824345e-01,-1.031623804745130046e+00,1.045806864492194177e-01
8.692321749597444747e-01,4.399046159960192659e-01,-2.821108735188467831e-01,-9.736866748367739577e-01
8.474245360015171258e-01,4.000639806536147036e-01,9.947441587188485812e-01,-7.129338953158577408e-02
3.280530031647062028e-01,9.548254514264148396e-01,-9.788258397076209372e-01,3.156095228514188555e-01
-9.319762207477111371e-01,1.273832809266415289e-01,-9.717353861714347341e-01,-1.326658544742769785e-01
2.100291222016877069e-01,-9.762725331539016116e-01,-9.534547378374175208e-01,-1.252538293610765130e-01
-9.809791605718567453e-01,8.626515805886740551e-02,-9.470468181877113034e-01,-2.366971931520283345e-01
-5.103719107291636581e-01,8.382016899239804752e-01,-9.970053430812239048e-01,-1.417629429616786285e-01
8.679537884179733265e-01,4.971702459653379869e-01,9.304883060332245215e-01,4.859220573071092869e-02
-9.837312872270915776e-01,-2.966824530466440901e-01,1.017958153766658214e+00,-1.218387001886443721e-03
-1.177124592508083240e-01,1.007797712043555283e+00,8.110527430643490465e-01,6.192447302757616567e-01
-7.708873490450580679e-01,-6.193959799778175901e-01,7.968616681632866294e-01,5.718229237044631930e-01
9.798046177548551672e-01,-1.739306553580108883e-01,-2.574282344006322831e-01,-1.005434046251901803e+00
8.045168703580382052e-01,6.173017905793275473e-01,3.031556332401351139e-01,9.608313923080344932e-01
2.433911778818724225e-01,9.551331952230320832e-01,7.990290559016390848e-01,-6.105087961788426831e-01
-1.026969857148676057e+00,1.410314627977801993e-01,8.857686957551305085e-01,-4.550350873548082431e-01
1.016043548843103217e+00,-1.957311432838091114e-01,9.665324633422196499e-01,-1.647655578932316900e-01
1.223417496716026343e-01,-9.987705415768961537e-01,8.972291305366119074e-01,-3.965007851525823579e-01
8.241044114858344649e-01,-5.915091352585568618e-01,-1.414028835424254171e-01,9.906320335219439555e-01
-5.033628524074642563e-01,8.589107803741071745e-01,-9.834916858917496230e-01,-4.885992560047558442e-02
9.543045501168083700e-01,-5.372304981493020160e-02,4.088617156897457194e-01,9.102728155039983005e-01
8.201345457751125778e-01,5.848202578550837361e-01,3.425776432976904706e-01,-9.979839483689750823e-01
9.726261521489636408e-01,3.467944866198449105e-01,7.967156337560943324e-01,-6.029506688973899076e-01
5.812805411883936735e-01,-7.627175292217390767e-01,6.361474269046034635e-01,-8.464925961307041558e-01
8.925353300045891780e-01,-4.515412703328290922e-01,-8.894415684426479896e-01,3.388505436517166847e-01
8.937010801627870427e-01,5.357463310439123383e-01,8.037692376525847060e-02,-1.000218583002822736e+00
7.705243686777083489e-01,5.882256084185040201e-01,8.069803218660238642e-01,5.993841849353801488e-01
9.865194946057460612e-01,1.606485843727607499e-01,9.699364490815501894e-01,2.270277514237862837e-01
7.664451932571539894e-01,5.674588640527086225e-01,3.782855749825558833e-02,-9.683206963747243989e-01
3.121700914903675073e-01,9.259886920557394152e-01,-8.703188497241123311e-01,4.755598881187564908e-01
9.659624941693618627e-01,-2.128546457345662224e-01,9.689076258277650178e-01,-4.287304406495231340e-02
-4.877618872124317995e-01,-8.312909831636186020e-01,8.502922249412947497e-01,5.280621717455187270e-01
1.561371110685562114e-01,-9.472004781844340915e-01,5.953455130404156082e-01,-7.893410205722281026e-01
1.152811218273899069e-01,-9.539389462424101573e-01,-1.046187875258581812e+00,7.898526966699544183e-02
-9.461017651191524491e-01,-1.643021243135510956e-01,4.577686998137167063e-01,-8.861170844852923612e-01
3.196574259575504784e-01,-9.476287006406054481e-01,3.988254190147620393e-01,-9.260915882132939592e-01
-8.685221273035658163e-01,-5.596857665162388029e-01,8.612989863390972944e-01,-5.160475347196021856e-01
-4.228570639311183821e-01,8.934193530297458441e-01,-2.786558206014558836e-01,9.800747352293968095e-01
-9.364360318972789754e-01,-3.868299189101640501e-01,9.265276958434528476e-01,-2.837254146075579575e-01
-9.770416036039490937e-01,-1.985855628107493775e-01,5.894160782484291206e-01,8.064280287018186222e-01
4.123561049954152513e-01,-9.235445597524165606e-01,9.021734618185659471e-01,4.720365481883417313e-01
9.818126633902635181e-01,-1.466362157533366295e-01,-9.434888216005198336e-01,3.948234097306109747e-01
-8.000769336737328929e-01,5.488916888043847697e-01,4.575974347562765665e-01,-8.507138675521183080e-01
7.973035009083452584e-02,-9.581661592283057249e-01,-9.235470925798687780e-01,1.952979865832018269e-01
8.125649662005319795e-01,6.063541904686837736e-01,4.782474637966451225e-01,-9.303733317537183911e-01
1.492782713136561190e-01,-1.012730950512321204e+00,-1.464228559973769217e-01,-9.411467446568275719e-01
-6.592788239401363715e-01,7.353123263144242250e-01,2.751375049797117889e-01,9.141807022263481741e-01
9.901197080121051375e-01,2.715463578193236804e-01,8.855285840153166443e-01,-2.940538508718600896e-01
-6.932743008729695955e-01,7.016471936990762437e-01,9.654625707029940163e-01,3.442074684396502771e-01
-7.881774413350427499e-01,-6.125476085851967456e-01,7.939853569289230251e-01,-6.015898543030624435e-01
7.264712727990072505e-01,6.909341077688310184e-01,-3.418457043825135488e-01,9.452866780433145655e-01
8.739969860105002430e-01,-4.494390171564596193e-01,-9.911250713287182990e-01,5.273582037076630924e-02
8.724776209785947145e-01,4.636793040610709959e-01,-8.765765375407299498e-01,4.960233548539772497e-01
8.739784271487451850e-01,-4.228122686980983480e-01,4.007073793755977498e-01,8.741233783067896557e-01
-2.357358304798979898e-01,-9.844869641597785437e-01,-6.234090375602571177e-01,7.629269541775428598e-01
-5.044693223626708356e-01,9.046470511506832235e-01,3.213634663760016053e-01,9.446895439690035090e-01
-7.647906349117008507e-01,6.096980610505097209e-01,2.901051897775052679e-01,9.318808520438280896e-01
-4.295973937888422634e-02,-1.035515673514297852e+00,3.756514932097664294e-01,9.156627883210006758e-01
-7.720786122827154596e-01,-5.912779637092292484e-01,-9.706152582392847394e-01,8.463600381491602487e-02
-4.571779583837967120e-01,-8.906189684898234704e-01,3.254978009735609579e-01,-9.650639305807565682e-01
-8.160709237312592235e-01,6.353860068210673839e-01,-8.947406143351913643e-01,-4.653451889592820634e-01
-1.022097854352843616e+00,4.169817395012354044e-02,8.054444413209843612e-01,-5.744683817078463095e-01
9.920444678440127895e-01,-4.859146678201143460e-02,-6.397070310718716568e-01,-7.125567224152645762e-01
2.062908609584406527e-01,9.682005855518591719e-01,-3.816122619647853709e-01,-9.261110404092421922e-01
-7.989239493909332523e-01,4.943846858066333061e-01,-5.190418549375478419e-01,-9.016106874051453834e-01
-2.243479905429240917e-01,9.413738034151192258e-01,-9.312368349623246777e-01,2.930273468498774680e-01
5.898772689375655909e-02,-9.783826390989154298e-01,-3.898194228793581129e-01,-9.162094646445002599e-01
1.020483733166746565e-01,-9.806799703740756158e-01,8.980249747442187180e-01,4.435201731414596393e-01
-2.896292156150273578e-01,8.952538163509937696e-01,6.566933383964036475e-01,-7.664253903162163706e-01
8.548137844935725926e-01,4.477906925769358226e-01,1.162727774092375266e-01,-9.833070954548583931e-01
1.044043566042916815e+00,6.785389545331542427e-02,1.974913903010570848e-02,9.988618554121182491e-01
-8.362697151810540852e-01,4.614797548497052149e-01,8.666041815091142519e-02,-9.927935864423390599e-01
-8.360623313554760294e-01,5.041646823068880456e-01,1.018312635753958029e+00,5.622722733885587854e-02
9.546156311067165445e-01,-7.073104407226087076e-02,2.020231756649499832e-01,9.788697684389681131e-01
-1.003675214380285174e+00,1.709265142942734128e-01,9.493207549526611055e-01,4.104116356941426846e-01
-6.737065114218715456e-02,9.440273591410947018e-01,1.629248031207904956e-01,-9.775711677890699391e-01
7.575451357751372683e-01,-6.515196457467988811e-01,2.024039344660147691e-02,-1.001374904696713974e+00
-9.762387746499499031e-01,5.608041774981855493e-02,3.910195240472169043e-01,-9.274828295736043948e-01
-8.261708862358725369e-01,-5.583006472668992082e-01,1.020596352984039834e+00,8.598968445439082731e-02
8.419764553205666413e-01,5.514599014880547934e-01,-1.025550703554677590e+00,1.920092805513927414e-02
-7.644346783604264450e-01,6.939718795387398442e-01,-3.014672761099161380e-01,-9.501329359886924175e-01
9.092508496325707457e-01,-3.212705879666488684e-01,5.251126868555526794e-01,8.362129783036040820e-01
-8.515833604478579844e-01,-5.303214741758734974e-01,-6.000406085770233489e-01,-8.200987729675885962e-01
-5.551151926139614723e-01,8.004984776977077665e-01,8.350711170694056218e-01,4.940820667608778471e-01
-7.153755793577344368e-01,-7.384942211038414417e-01,4.443607431445674716e-01,8.988847530268567754e-01
8.392998266996825052e-01,-5.711824855497207309e-01,-9.298797944748005140e-01,2.201174752612912455e-01
-1.722344222999555863e-01,1.023330489468893489e+00,-5.721131006881113867e-01,-7.766300485665236231e-01
-9.899756397978343170e-01,-2.932279148658025608e-02,5.379114924729501146e-01,7.686460103598935500e-01
9.670847291290973757e-01,-2.510321255092496928e-01,3.615079959755141958e-01,8.977036401001402544e-01
4.841561610786490055e-01,8.443472362600003001e-01,2.861113249531209157e-01,9.943228252545852630e-01
-1.785552393241220392e-01,-9.724028713038297411e-01,1.381177193943880499e-02,9.742398043287698872e-01
-6.941771838841271913e-01,-6.758047184947265640e-01,1.825396628295742896e-01,9.718958694317829661e-01
-4.354812381516771080e-01,-8.893768849857079939e-01,-7.878816011972120670e-01,6.229544818357404257e-01
-6.171090717816359872e-01,7.723588342055248690e-01,-5.934065543200962578e-01,-8.378344264672138442e-01
-3.971594513091555312e-01,9.498591043219685170e-01,-9.226832877969282087e-01,3.932972356107378165e-01
-3.976963163169512372e-01,-9.473121462919571467e-01,1.629637374939634509e-01,-9.830144854982426628e-01
2.362988689067730685e-01,9.464394034617438223e-01,-2.495904370366936742e-01,-9.764314656852955965e-01
-8.652537824062731531e-01,4.785810736848536417e-01,7.010827862681204836e-01,7.387069602490012876e-01
3.657901672946388683e-01,9.176143057304781969e-01,9.555153256264330430e-01,2.675942702143869756e-01
9.943437112981857728e-01,5.035471798342869981e-02,7.663447069619166996e-01,-7.023475057918340259e-01
9.880104099089239700e-01,-1.610516599930291726e-01,8.531360997197524609e-01,5.197248756672870895e-01
-8.594543483740171297e-01,4.152562383870900820e-01,5.809421030699257749e-01,8.488492100201071588e-01
1.004011262270751770e+00,-1.890760171147430335e-01,1.030692358021136457e+00,1.759731623684883395e-01
6.263481337602602173e-01,7.788406633425831727e-01,-6.758195428642175262e-01,-7.209610185073913602e-01
-8.924066771828946809e-01,-5.483157135083138733e-01,-9.074415797161533570e-01,-4.808137157430412700e-01
2.697009846893203000e-01,9.583708656329766873e-01,1.048416850193978345e+00,-4.182100098232290758e-02
1.971846058282232528e-01,-1.004624891771407125e+00,7.361275227127572762e-01,-6.852121136708195781e-01
1.634183074368050770e-01,-9.779685951140045796e-01,-8.272167578560323253e-01,5.583232697946977074e-01
7.465518639046888616e-01,6.422712515828139512e-01,-6.817191075617179408e-01,7.190440040459498139e-01
8.741285068514677015e-01,-5.126605927657005290e-01,-3.007872976880148763e-01,9.044823661497030098e-01
3.833143347135694046e-01,9.206897271482562539e-01,5.855942754135331496e-01,7.636180958451190826e-01
-7.587747046667470130e-01,-6.488906594500571945e-01,6.508571097590210019e-01,8.480031316641067907e-01
9.780826869588750139e-01,-6.693828572279285349e-02,6.888124237032176023e-01,7.195260059320273127e-01
7.619752209811364585e-01,-6.781396792626456227e-01,7.785268905609789014e-01,7.125792986549953634e-01
9.672528916086043926e-01,-2.774908467553038327e-01,8.931399944706333582e-02,1.037716543748671949e+00
-5.745171632535019945e-01,8.226582733473388753e-01,-3.294847614021675919e-01,9.335442379363851906e-01
7.609475320187869540e-01,6.310500764069253421e-01,9.899903200939531578e-01,-2.485239035519362372e-01
3.794967684031148036e-01,9.095990493271015609e-01,-9.118575551968644000e-01,-4.873807880993920039e-01
-9.979045906583585701e-01,-4.482040547567868460e-02,9.849746127202674284e-01,-7.537560719400805687e-02
3.020737036345063631e-01,-9.721766362704901132e-01,-7.309938538773030903e-01,7.123422774747445452e-01
5.709831723278467885e-01,8.251979267212425917e-01,-9.743219672778896667e-01,1.864591947625950930e-01
-4.328627185918758058e-01,-8.393972876016331242e-01,-4.491080383487584538e-01,8.486190422445828441e-01
-4.874228133635329363e-01,8.924282523987143723e-01,4.187991212665936880e-01,9.322564744450523300e-01
-5.354745362902585404e-01,8.067221426455635225e-01,5.511593046928392470e-01,7.802009345684784991e-01
-5.407135805924221383e-01,-8.864244618560408462e-01,9.644641007369346708e-01,-3.828220472848785083e-01
-9.611342113299383705e-01,1.659919021904339709e-01,1.000359776297795156e+00,-5.636624678894891494e-02
3.704169072211145330e-01,-8.772121136136175057e-01,1.014683983974414172e+00,2.851515542880893594e-01
5.726095031841381688e-01,8.603041767689236785e-01,6.014203828832900278e-01,8.226563206847092857e-01
2.335560171250486705e-01,-1.016377077974394805e+00,-9.260657720070682997e-01,5.295993929472805339e-01
9.287704772620473115e-01,3.857862823916680672e-01,4.251675825896784056e-01,8.998575505134567276e-01
3.608135763556152287e-01,9.410332275344490682e-01,-6.430106099452849167e-01,7.452319826670205094e-01
-5.833725688953683708e-01,-8.543875866221114501e-01,6.665092040117897021e-01,7.249861847528528136e-01
5.685352760590004495e-01,-8.257145892442414592e-01,-9.590681617075259568e-01,2.662469165770989243e-01
-1.145665153458623117e-02,9.985845780746741562e-01,-6.466155235934607781e-02,9.943077570172668134e-01
-4.769356488114670500e-01,8.875303663795170994e-01,-5.685855730417477272e-01,8.005201887186625953e-01
-9.535614695183614042e-01,-2.199286977139414401e-01,8.212883036412262916e-01,5.616414221827364939e-01
2.843186321758526258e-01,9.778669292904658139e-01,-9.276382285901312308e-01,4.273572420934279581e-01
3.150853342292664339e-01,-9.231923414150023932e-01,1.031573055135043271e+00,-1.429323673253120874e-01
1.522020529218038321e-01,-9.611272186609145507e-01,-4.444615657414075494e-01,9.160041589034040310e-01
5.586294112909124809e-01,8.055549322553083869e-01,6.708556260152559458e-01,-7.289579518501146937e-01
-9.510676242574215289e-01,2.297822836390788770e-01,5.732275782070106462e-01,-8.596600386103370184e-01
1.970343934312977496e-01,-9.683931285039912851e-01,9.801200698084457930e-01,-3.272348015755943140e-01
-4.884614626623675071e-01,8.442592599437543921e-01,2.320727362881276623e-01,-9.507256662121059687e-01
-6.536961797787299577e-01,-7.661371399515974900e-01,-4.798181956213405375e-01,-7.916637166881669296e-01
9.677503593878838961e-01,3.224607170287461244e-01,6.300681459247819971e-01,-8.278432886500334265e-01
-7.725487781808876298e-01,-6.282396308033514343e-01,8.728724613573067836e-01,4.488484956539338100e-01
5.068831053823293908e-01,7.876746011889896870e-01,-9.467864690392779892e-01,2.803774990638990827e-01
4.582863730414474257e-01,-8.693647176037542224e-01,1.028781204195252208e+00,-8.216383407931074356e-02
-5.960138783561484965e-01,7.874655091649563898e-01,1.565011592300355192e-01,-1.028690129036567535e+00
-2.281964657991235323e-01,9.883155118465775102e-01,9.744640397375539109e-01,-2.376314549510749052e-01
5.568172770410366734e-01,-8.676377014262872667e-01,1.464007667457645767e-01,-9.968566369180247300e-01
9.397971912744385037e-01,3.018540216415459554e-01,7.424668112409557041e-01,-6.858460100511876156e-01
-7.812316887696605372e-01,6.111661378386837873e-01,-2.820265022978244995e-01,-9.870775551146719895e-01
-7.184151765495853104e-01,7.093149250074741730e-01,6.472446557045727356e-02,-1.030483038894284498e+00
-2.121255051568944616e-01,9.706915082030451725e-01,-1.000648780096738300e+00,-1.122729977660970602e-01
7.806042495611372756e-01,-5.373382468243107501e-01,8.223023020604708355e-01,-4.515070969758175345e-01
2.738533817659940389e-02,-1.038188028993653367e+00,4.196240924055660848e-01,-9.389180931899565596e-01
9.222202807886873410e-01,3.812929348374528016e-01,5.483956501789390980e-01,-8.414032648324848429e-01
-2.475896631643077495e-01,-9.434806432673641385e-01,-4.573995175202759667e-01,-9.187564749059656810e-01
-1.005134795455847163e+00,-1.953450407820341295e-01,-2.964982766570130601e-01,9.618825604571737964e-01
8.086335010133005596e-01,-5.350899944415394849e-01,1.016105139162533755e+00,2.154795643341199940e-01
-3.968781945156326652e-01,9.125579233731294648e-01,8.924409424036746641e-01,-3.443354291825864721e-01
-9.218427503166104486e-01,-4.247398807016702915e-01,-8.376110131530749570e-01,-5.237084787894619176e-01
-9.488063460228768342e-01,-4.883186344301133908e-02,-3.001526498542366195e-01,9.407688020218288871e-01
-9.706871380617191347e-01,7.554147336811574409e-02,5.433304887741986500e-01,8.408594642223543580e-01
-9.484808878833990153e-01,2.430343184432419701e-01,4.692382389424461508e-01,-9.145027631339942564e-01
2.703601021902651835e-01,9.656344777365243326e-01,5.077768168130322168e-01,-8.685783664691004713e-01
-9.734430034287117062e-03,-9.898203773985690956e-01,3.398911983814569271e-01,-9.180992003635178866e-01
-1.004491511579010510e+00,3.024506368394792033e-01,-6.126694571757871355e-01,-7.790680235612923443e-01
9.906054227538788615e-01,-2.280860724367609060e-01,-7.116109351507150516e-01,7.442308653726680268e-01
-1.099606626813667831e-02,1.001062700556466067e+00,-3.567438641559207424e-01,9.405897690607359918e-01
-4.209663932308494450e-01,-9.452992274636031755e-01,1.023131290111383596e+00,7.024898284334216148e-02
8.936899168996959020e-01,-3.665691937608921980e-01,4.854736124740813841e-01,-9.104506233983059582e-01
-5.573617568944448930e-01,-8.915681903117411711e-01,8.512088292104523779e-01,5.091884851779574506e-01
6.632325537475686206e-01,-7.345516438892579769e-01,-6.599433979989763888e-01,-7.221215165585349594e-01
4.961537881520441395e-01,-8.902775749482434442e-01,-9.543569574866134220e-01,-1.575824228726244863e-02
-6.518187587569673758e-01,7.726699606970838241e-01,-1.021263919557890087e+00,-1.755672825785885571e-01
-7.964006970525785434e-01,-5.711189922466313185e-01,8.842426327688415189e-01,-3.670694307795278055e-01
5.506414948543716381e-01,7.840494794605903373e-01,1.014642662594732014e+00,2.145068271841501506e-01
-9.686392102698303530e-01,-2.345131903044735122e-01,1.575716787658109352e-01,-9.434375133855176232e-01
1.284039220919667157e-01,9.508755777398798514e-01,8.493425761267332508e-01,3.321295415831648223e-01
-6.722113610575196352e-02,-1.002045343026648050e+00,9.485248515075275222e-01,2.125273011117489730e-01
-1.006139571872161076e+00,-1.944678135002051445e-01,-8.823892386930374254e-01,4.430362796814385495e-01
-8.825930708823622739e-01,4.989943893006354991e-01,9.332108898266457953e-01,4.157812224428395487e-01
-8.850415294528041210e-02,9.646745185435251502e-01,2.714512063521509200e-01,-1.020134105045426232e+00
9.942296284857360389e-01,5.593990439570274351e-03,-1.041580021812419155e+00,-1.255046482257364260e-01
9.377135872287203355e-01,4.537744018962509007e-01,9.561130512494573352e-01,1.795196461010191979e-01
9.851280430938793575e-01,2.385500444522162256e-01,9.626927697606342260e-01,2.774785207195751835e-01
1.620172309707111069e-01,9.883124923163186804e-01,-8.093372136145127183e-01,-6.769419042746341875e-01
9.692593057805437562e-01,-1.662362700718406083e-01,3.254862492047721489e-01,-9.349413754228309559e-01
9.720707466819507037e-01,-1.450849411486838103e-01,-8.892333284245965697e-01,3.484191622616396034e-01
-5.409923691762433817e-01,-8.268553551390166456e-01,-9.580448330068550566e-01,-3.706855154883579306e-01
6.970152890293491721e-01,-7.049449530477566173e-01,3.037546241734579988e-01,-9.343217459493114996e-01
2.160152577656602180e-01,9.678756196630029507e-01,-7.708570753729334646e-01,-6.263895143364691664e-01
1.002843590905322824e+00,-2.139816799456152330e-01,1.499460236409257685e-01,1.022158688809242211e+00
5.866291265889084228e-01,7.836495302401902396e-01,-7.629797301991625424e-01,-6.681053969560754036e-01
8.498236470437069423e-01,5.945316772579112286e-01,-6.496570122113263235e-01,-7.213667751953783958e-01
7.745964014940425191e-01,6.317467703557536618e-01,-1.157002575780648052e-01,-9.834431901602933568e-01
-8.841909317453332529e-01,-4.265695799701132440e-01,-7.145463705782261199e-01,-7.263305416506051770e-01
1.705900869522319896e-01,-9.570879192955120685e-01,9.260045854567366952e-01,-1.837826477335324782e-01
-6.722966113675333810e-01,7.671661846686194108e-01,3.369562546372332767e-01,9.268784028133064679e-01
9.703129718774227142e-01,-1.532202311487350088e-01,9.695542053650306746e-01,-3.675916306987553339e-01
-9.118513804241605847e-01,3.755195294966014452e-01,-9.657288281473017655e-01,-2.288297103317092906e-01
5.384974681115215489e-01,8.042552801581250854e-01,-4.665480124401958362e-01,-8.796745249428259417e-01
-9.806792675410016535e-01,1.776884164861309845e-01,7.807833237768709855e-01,5.460782316969168271e-01
-4.155787004454001843e-01,-9.055026678337709800e-01,-7.329044705161963380e-01,6.336786757041166229e-01
4.930111244294739792e-01,-8.515666185918715492e-01,6.938067020011765007e-02,-1.007735676979564454e+00
-1.011034092457970157e+00,2.442940326971873855e-01,-2.929179965255032658e-01,-9.528033942856548588e-01
-8.271834967443993936e-01,-5.183023371717924155e-01,9.668358348390219126e-01,2.591094509943494550e-01
-1.245346660274816442e-01,9.628763444155616913e-01,-9.338464241331907445e-01,-2.534409103929591289e-01
-5.883929180091874711e-01,-7.899607227277992694e-01,8.225309014386500417e-01,5.589429737707036772e-01
1.012504811556826034e+00,-3.076958380845989938e-02,9.670176274487475299e-01,-1.641209149552867730e-03
9.684042922532322129e-01,2.936845758656962402e-01,8.374815947838990526e-01,-5.900647313133653427e-01
7.299440453846512966e-01,-6.574134643491782448e-01,9.644100776809962916e-01,1.188185874600001524e-01
-9.044996410575432133e-01,-3.534469596077655651e-01,6.371185500622524867e-01,-7.971037129852877046e-01
-2.395196502333793095e-03,1.020368533518003273e+00,8.188093567748955248e-01,-4.815975370530629074e-01
9.547221514602998171e-01,-2.526885353757549191e-01,-5.947679503180874905e-01,8.094088150275831062e-01
-1.008162588512998781e+00,1.044441328419144499e-01,-1.637716738104092462e-01,-9.835303043441676607e-01
-4.860937457355580249e-01,8.277090038638673652e-01,-9.364991704731194799e-01,2.989097108869042119e-01
4.026512997870254074e-01,9.105894852504524684e-01,-5.391854026576520242e-01,-8.561538582495629157e-01
4.541734696467995130e-02,1.040916912725349031e+00,-5.556278052289005398e-01,7.995118418336737420e-01
5.055582293101111846e-01,-9.012487732383158701e-01,-4.634320894156035986e-01,9.239728409573605417e-01
-6.994845867483908686e-01,-6.868230259081304911e-01,-9.102379709170871358e-01,4.447188010076146836e-01
8.395883417795931836e-01,-4.638308971702357342e-01,5.950816210190378319e-01,7.813720164664894607e-01
1.587537631295182217e-01,1.009895516457382181e+00,5.158905553228898544e-01,-8.984587125989266232e-01
7.090610371568251136e-01,6.603445202622817423e-01,-5.584896300767824284e-01,8.484447827353860383e-01
9.823088563946599239e-01,2.794015821931689764e-02,-8.186314172178276172e-01,5.432741419990118059e-01
-1.017833708606351362e+00,-2.751300970599405982e-02,7.617463118093806829e-01,-6.149605331476512005e-01
9.629567475472572413e-01,-1.470956327224779217e-02,-1.015703962508538449e+00,-1.333342392765914444e-02
-3.165935956337556645e-01,-9.168668620448590101e-01,-9.890065025325582848e-01,-2.805993572865100871e-01
-3.574740642314308547e-01,8.821266547928305890e-01,9.233718491400191297e-01,-2.335675531270570426e-01
6.851974009623208461e-01,-6.632238190061545691e-01,7.191960965276611439e-01,-6.345069445773356964e-01
1.891971023370856431e-01,-9.850307990983636630e-01,5.371673055501100524e-01,8.392230581467369221e-01
1.012132115960048706e+00,1.123559290065933580e-01,-8.910149960156371618e-01,1.370437348182634019e-01
3.901479430329973241e-01,-8.899777481848853977e-01,9.781179375772418583e-01,-1.924686392098011178e-01
-2.850876012040960972e-01,9.424908328206953456e-01,-7.205282476313983331e-01,7.392456055193876718e-01
6.000558269229789854e-01,7.989630240223427604e-01,-7.019069684639308582e-01,6.962962880456121662e-01
1.686735916341703945e-01,9.787791677966966031e-01,3.167903663370074119e-01,9.045936310145389347e-01
-9.694872014834930996e-01,1.817579030123061268e-01,6.960046958607450929e-01,6.240910076789276673e-01
-8.972348666559510910e-01,4.489177750393951727e-01,-6.776573806826982627e-02,-1.008968287062508518e+00
-2.836447157442789635e-01,9.455686552186801652e-01,1.589966596085096717e-01,-9.627894104758697447e-01
4.858358611170429664e-01,8.967776855576912176e-01,1.006689936331706337e+00,-2.251621126381363469e-01
7.770381090314439076e-02,-1.028726259548295108e+00,1.154236289389273112e-01,-9.787865648694932252e-01
1.024840934013470761e+00,-6.758351928824467281e-02,8.838392495938279803e-02,1.005116460275077062e+00
1.517685274319220123e-01,-1.015521962052791105e+00,9.971903027462635238e-01,2.530317116476198391e-01
-2.655231257117870447e-01,8.834757360522429437e-01,1.002735387321286087e+00,-1.058433584455481108e-01
-6.800670072386293119e-03,9.976956771257496914e-01,-5.073425546025290833e-01,9.068890083520725343e-01
2.086139199388993837e-01,9.593811901437150347e-01,-4.013727986891892918e-01,9.523794581470904630e-01
6.250970053214406352e-01,7.747119662398067597e-01,8.387435295518298473e-01,-5.519318126290588822e-01
-9.927813729545602595e-01,-3.270506788860995107e-01,-9.016544671206895289e-01,-5.262153769688361349e-01
-7.626768754679312812e-01,-5.800823816781206510e-01,2.249829107662050520e-01,9.596124292521888144e-01
-2.310503501650457148e-01,-9.776721464994185817e-01,7.347675945987534041e-01,-6.220946770255501024e-01
-4.116225717674457663e-01,-9.207394034495188784e-01,1.001964111363661036e+00,-2.919998412727899811e-02
-2.571032913313701651e-01,9.778106062382585506e-01,8.410255140025685305e-01,5.329714918025579840e-01
-4.829686675455177602e-01,8.620222899236581471e-01,6.413077454842778247e-01,-7.641869020247290534e-01
-4.580204747281824695e-01,-9.268405090390859913e-01,-7.707392666694442562e-01,5.967222265141292059e-01
-6.025034588914910394e-01,8.784823458142692054e-01,-1.020515142322052871e+00,-1.615286553939851988e-01
2.091177494434822703e-01,9.692456043618882244e-01,8.371095355707451890e-01,-5.169144674329811950e-01
-7.244695019757459997e-01,7.398857156966175408e-01,9.883524917603755400e-01,-1.948455314879979916e-01
-1.145389187587579072e-01,9.632916548136393198e-01,-1.205809971180909490e-01,9.969947619299855956e-01
9.038923829568220603e-01,4.751651170040593342e-01,1.936655746653482280e-01,9.941611260121065996e-01
4.643554530924771107e-01,-8.585819118151443163e-01,8.510569139468551203e-01,4.886095466397106235e-01
6.528160001894623976e-01,-8.311515121382484494e-01,-8.966100868179859296e-01,-3.593838472743688950e-01
1.468110511240653393e-01,9.977960099044921316e-01,9.984076283265577167e-01,8.795073419982274432e-02
9.278377886681667963e-01,3.859266442040543144e-01,-8.486765350985757683e-01,5.325458375896281460e-01
-4.904546268179838658e-02,-1.040720362536266652e+00,9.320723207377092923e-01,4.122524138970608543e-01
2.609121297059642797e-01,9.731734840514570939e-01,-8.641042133932905767e-01,5.758437824598110488e-01
-8.108251215448339932e-01,6.508668098351143572e-01,9.485888538792809355e-01,2.060036686703610453e-01
9.632712449255446119e-01,3.972828163934272738e-01,5.347373732817306546e-01,-8.841232906097431510e-01
9.505628191581531883e-02,1.036274252339853152e+00,2.500962493827978972e-01,9.820679092558474155e-01
2.848766771477333481e-01,-9.733711815542744894e-01,-4.660173506322782266e-01,9.264485262297276202e-01
3.342501151679442284e-01,-9.155189064902421459e-01,6.284606967593446836e-01,-6.969857310860781974e-01
2.233508110426226934e-01,9.924087053918371204e-01,-1.241305163999256896e-02,-1.002437138325401600e+00
-5.167912982579443426e-01,8.506585686087441145e-01,1.701070289370149313e-01,9.753127781928349060e-01
7.273306571518037833e-01,7.837631606825348207e-01,8.750520806346284708e-01,4.441166406627868324e-01
8.960685409512755273e-01,4.453288614674974499e-01,-2.423651913125701163e-01,-9.642229202584017278e-01
1.022714834538865913e+00,-7.274677544264124274e-02,-7.180229064304849418e-01,6.770540221219171206e-01
-5.434924828160395682e-01,-8.640016191038376592e-01,1.122123895259498627e-01,-9.869269917679370785e-01
-9.507128704692976440e-01,-2.164535141155585762e-01,-9.464825284434665864e-01,3.949008338157854459e-01
1.087207832595282891e-01,-1.003475705207759638e+00,-4.994345787847775386e-01,8.469907350606936669e-01
5.233776224909570951e-01,-8.416866720528063395e-01,-9.354072545348023349e-01,2.975392091332960121e-01
3.526418002253332018e-01,-9.602845505853333519e-01,-5.670604801468697581e-02,-9.969498069661243411e-01
9.985646776963504889e-01,1.186387658907927661e-01,8.008450512519831310e-01,-6.143489220179118027e-01
3.594010415866049080e-01,9.520566727556255548e-01,9.326578368765328086e-01,2.951248466121796366e-01
-5.714094698061119582e-01,-8.442571720543163849e-01,-1.008148044996006965e+00,-1.755510731544595582e-01
-6.708662422559132921e-01,7.229561649969631354e-01,1.014077703822252374e+00,2.458333962777703996e-01
9.275017631727031642e-01,-1.001308395373370630e-01,-9.969410026835262562e-01,2.287677839281991587e-01
-5.278170496635120612e-01,-8.918419772471113394e-01,7.107347649047431881e-01,-6.685365201399761093e-01
9.888351108562309921e-01,-2.623887812455115154e-01,-6.790980810228797182e-01,8.249762262059323614e-01
3.187275760021221482e-01,9.758084213509311544e-01,9.476116217714850576e-01,-4.581784014519607040e-01
6.306095871807434472e-01,-7.311564537868624480e-01,-7.046802957828780523e-01,-7.393569308718493938e-01
-4.356502148044211764e-01,8.650556628955632377e-01,9.054312176263319412e-01,-3.761536388312267665e-01
1.018477970091519635e+00,-3.404671519177021599e-02,7.357013971911463557e-02,-9.875095146499904830e-01
5.572690574421829135e-01,8.436210181086098991e-01,7.784119841165814124e-01,5.759850369683255922e-01
-1.014234110810610101e+00,-1.117049345891068107e-01,9.960810593255445267e-02,1.004697287877660994e+00
2.716694379376561330e-01,-9.552372367834245370e-01,-7.770129902392106658e-01,6.508267688487127112e-01
-9.120137266935904874e-01,4.392117988085948443e-01,4.957724858564866444e-01,9.085724992659888199e-01
-9.343037321376701509e-01,2.154982668895750186e-01,-9.965547201768343299e-01,3.471744335221911559e-02
9.830326928310104684e-01,-9.986918822913953830e-02,-9.583526952235934537e-01,1.516808137564134296e-01
-8.462231527732773095e-01,4.479742564825112683e-01,1.043401501196224990e+00,-2.909839549671478509e-01
-7.866403543961356659e-01,-6.182391229014768674e-01,-9.369768897011352404e-01,4.345516255480461609e-01
9.105949941604841724e-01,3.168978412064330508e-01,2.385643004943698298e-01,-9.539849228336688691e-01
5.081412340109061621e-01,-8.203580884188020894e-01,9.377733538014546566e-01,-3.828873102832974218e-01
-6.193653826524179173e-01,-8.596974791235856284e-01,7.644514235791732837e-01,-6.695027575683343279e-01
-8.600572171860803028e-01,5.897555254776576383e-01,2.405580820228095940e-01,9.923352926417745579e-01
9.808161386680889215e-01,9.114701695049864938e-02,-1.007842447499351479e+00,6.354377501815357959e-03
-7.990961946780700265e-01,-5.192428621611405726e-01,-5.731282210299020186e-01,8.462540599158118182e-01
9.508305574965293383e-01,4.471070738860296462e-02,-7.950758945026249469e-01,6.093019669483303868e-01
1.007872172585451143e+00,-4.567423866146526346e-02,-6.713613379051628360e-01,7.790518842739532213e-01
-6.769155318878365968e-01,-6.320349420432512799e-01,5.061844127601173859e-01,-8.774905546140326917e-01
3.832615482204089763e-01,8.982615253521447629e-01,-9.282091682131291543e-01,2.941378456258897933e-01
3.766602331897844769e-01,9.349446016308590179e-01,-9.810458466081980466e-01,-1.508072169243001304e-01
-5.646805285772591443e-01,-7.926486293756025425e-01,9.581196082637242206e-01,-1.522782330724363753e-01
9.556641727635181160e-01,3.717597058203525040e-01,9.776899257080149397e-01,3.333809809324313478e-01
-3.993259165260219512e-01,8.798596289824471839e-01,-1.012708384656369587e+00,1.073428233327320541e-01
5.903047196129338481e-01,7.963417811828598092e-01,1.660222083118273739e-01,-1.011075003043162779e+00
-8.307278520100285224e-01,-4.825184735673043179e-01,5.705016897195659409e-01,8.298809514241894947e-01
-4.998697008355552085e-01,-8.050894501870574649e-01,-7.702808038915985867e-01,-6.140989654226717276e-01
-1.775042887486273091e-01,-1.000887430656463462e+00,4.418061992528073828e-02,9.667906794516278879e-01
-5.383556548583025292e-02,1.031008553898614011e+00,6.925503118505268452e-01,-7.751340030959348315e-01
7.974619421112311146e-01,5.003885780850733100e-01,-4.876689948705849598e-01,8.763644502794605273e-01
9.134260626019794493e-01,4.590017844629742938e-01,-4.290659601824915459e-01,8.316174961789736253e-01
-9.041262058626400311e-01,4.697447414821642186e-01,-7.916787555224598094e-01,-5.880596553283214956e-01
9.709911614108872602e-01,-3.107748932097783578e-01,3.861304052892969851e-01,9.230363973059163563e-01
2.212738960642391395e-01,9.622496137887597278e-01,-1.695501313434988333e-01,9.524477446558085036e-01
-3.827157007684978129e-02,9.637632235366028199e-01,-8.629933016742770135e-01,4.700159576233969849e-01
7.974048556593512638e-01,5.474300265789523445e-01,-5.835058887955447693e-01,8.054460917427511690e-01
-7.572052578917009003e-01,-6.255691847161211072e-01,-9.557470854269212168e-01,-1.545617494423613680e-01
-4.233018716640591927e-01,-8.447078776395535726e-01,-8.240490470536898648e-01,-5.512458418653443104e-01
-6.095619121160796849e-01,-7.982932239663843577e-01,-9.507470547082097490e-01,-4.359535633779532682e-01
6.748516250480611767e-01,-7.169237939199851750e-01,-5.638120837327350587e-01,-8.200635194044811893e-01
-9.744094321071615772e-01,8.725838111421149734e-02,-3.238448944425135756e-01,9.431348799336591870e-01
6.676997089694722831e-01,7.280790900540581312e-01,6.740127282423808985e-01,6.240857721783235057e-01
-2.101709610337954004e-01,9.653603277127847937e-01,5.653162964802674328e-02,-1.052883444084165232e+00
-5.409740470091919384e-01,-8.742310584887440505e-01,5.692713262573174671e-01,-7.967136384933308779e-01
-7.544053325801199916e-01,-6.909079059883630469e-01,-8.070611112465779502e-02,9.622803823118745159e-01
-9.298907164704847128e-01,-1.513592504987598120e-01,-8.584973633989860797e-01,4.952719837380618051e-01
-4.052324202060338942e-01,-9.112728862387655671e-01,-9.909981737277770986e-01,2.995348043673094762e-02
-6.371966176023180495e-01,-7.915297961299920804e-01,-9.698415198981908958e-01,-1.837283496633061453e-01
7.141693378586869700e-01,-6.699733116637144326e-01,-5.541596222023925655e-01,-7.861617420013939928e-01
-8.949922211185118437e-01,-4.818411653856484178e-01,9.187835649617577261e-01,3.091359437284713074e-01
1.464625016332358753e-01,-9.785326765048240061e-01,-2.243254487683573328e-01,-1.022157196540443236e+00
3.350855786099861400e-02,1.029040210026564095e+00,9.319146945622094336e-01,4.005660325869827565e-01
-4.065377789470098757e-01,-9.192524985493826239e-01,-1.019773778730486136e+00,1.975455656035295382e-01
8.007216604816276284e-01,-5.655876043489161953e-01,4.843763649088859147e-01,-9.025369100597825378e-01
-7.332360672117576028e-01,6.763503317184546004e-01,-9.329352808546215181e-01,2.902146631402114929e-01
2.039032665883767637e-01,-9.686223395930171343e-01,6.105050185221425618e-01,8.530846685794420958e-01
-1.484734630608001149e-01,-1.004643364364471880e+00,9.641817861221211317e-01,-6.200210640003138429e-02
9.409718078914320882e-01,4.125779673542376846e-01,7.102543593789585330e-01,-6.151260237224055460e-01
-8.790859666269225103e-01,-5.000331287207896436e-01,1.118912236697806317e-01,-9.656093990633372037e-01
7.010282332061031907e-01,6.974795502184855112e-01,-8.447154190239276605e-01,5.477502877815686455e-01
9.840253558198784889e-01,-1.725734858272363337e-01,3.955920342352219343e-01,8.511040360298656182e-01
3.816124083512214549e-01,-9.213770938010873435e-01,9.418033270812226077e-01,-3.285642333809893900e-01
7.164087404238421719e-01,6.293423165008914522e-01,-1.005501936040452682e+00,-2.360305495484688043e-01
7.193446427947800537e-01,7.123753704427058242e-01,6.082035542102746106e-01,-8.196705878092408470e-01
-8.330477045621899057e-01,-5.330515403596987056e-01,-5.275774515609124027e-01,8.215711259802737088e-01
-5.789681722329017566e-01,7.789349902408853055e-01,-5.227422611718315348e-01,8.107357988929503323e-01
1.034495866415243936e+00,1.933858863944888928e-01,1.027234307185686646e+00,-3.931657155270801285e-02
-9.598532305207092552e-01,-2.614944398547658366e-01,-1.027997759645784992e+00,-1.510197412098550351e-01
-7.164572946863160263e-01,6.577300372299518250e-01,6.348527739614577836e-01,8.103938136514359236e-01
8.247117675072761500e-01,5.890624068652664524e-01,1.955038105062818499e-01,9.601837121813452391e-01
3.046053719569529750e-01,-9.530921970443450020e-01,-9.778082064854441979e-01,7.793273464293107300e-02
8.631432902909481619e-01,-5.196502725908761500e-01,9.391301813243475571e-01,2.528245346417075101e-01
-2.422294010724010405e-02,-1.020564092337917561e+00,-1.003509785153985812e+00,2.253225750802924920e-01
3.750354536298923791e-01,-8.928443733235943425e-01,-8.473656473070004802e-01,4.842579106397948419e-01
2.230981180926854823e-01,9.634185442606527650e-01,1.393233921209813819e-01,-9.830123303007922697e-01
-6.593906454740583456e-02,9.589162087000849821e-01,-6.257740516382181983e-01,7.833907789469903848e-01
3.382690508662419271e-01,9.725571642584452947e-01,9.401108895712868563e-01,-1.703056442871661580e-01
1.151613020250781827e-01,-9.252554745777816780e-01,4.134521080027890871e-01,8.972388756339420013e-01
9.591119036763632311e-01,-3.440103290651690404e-01,-9.129305567954458800e-01,-5.117203150756934882e-01
-2.242023182885915511e-01,-9.486757867431165892e-01,8.238204766025900572e-01,5.376741209568327573e-01
7.594183012143324030e-01,-6.475338230046665533e-01,-9.462378875130869615e-02,-9.896834566912646736e-01
-6.261773232018262858e-01,-7.521521099285944922e-01,9.629462187679711516e-01,-6.892807676461425170e-02
-8.206956436156174206e-01,6.703581926029810178e-01,4.096860706903103222e-01,-8.839255456323003024e-01
-8.817531576903359092e-01,4.213760439837404004e-01,-9.427737111152457716e-01,-3.557546786403938399e-01
8.728608926167616966e-01,4.816705178969893364e-01,-9.244117703422621846e-01,1.272888108034703203e-01
9.797682303208666843e-01,2.319819138245877710e-01,5.576389536082336784e-01,-9.000180587894435202e-01
-3.012897213158450826e-01,-9.201246285547196591e-01,9.537643850964961922e-01,-3.685262870985267503e-01
-9.325367398979507172e-01,4.347680149440912856e-01,1.007304064135483124e+00,-8.004683101283896485e-02
-9.323562752653585806e-01,-2.947268382723563507e-01,-7.933660002301619052e-01,6.163533840985535583e-01
-9.325866845071197897e-01,-3.730872759122990101e-01,9.751334937790584467e-01,-9.670346046140215757e-02
-1.282355375536205766e-01,9.789256419451591862e-01,4.603393659244871539e-01,8.415504806812376115e-01
-9.779228499263755703e-01,9.811258977987939722e-02,-4.583960275005300594e-02,9.749725750278590564e-01
-1.004160089918097132e+00,2.169806827052127574e-01,8.434143934115498897e-01,5.185162023207748883e-01
-7.324389964229992556e-01,6.590138800586498036e-01,-1.853922278250287325e-01,9.732502903101027947e-01
4.387192106268750225e-01,-9.294195729543934803e-01,1.698559470295613327e-01,-9.904636589082300713e-01
-9.745942210096102398e-01,2.702997751091804624e-01,6.287778733475217763e-01,-8.164004066993391096e-01
-7.846031773593762360e-01,-6.387167435404362825e-01,1.825273316572613436e-01,-1.001548067313884127e+00
7.832354134608103813e-01,-6.328378702962603741e-01,-6.506487770619422406e-01,-7.474203570843256372e-01
6.630495941447590580e-01,-7.476530312210448725e-01,-9.505621334186097338e-01,-6.246646784756977600e-02
7.945594481422741939e-01,-6.799954244928128055e-01,-2.751276955027410764e-01,-9.329160471308728386e-01
-1.584746276844599955e-01,9.944864055797205671e-01,-8.039633206488379091e-01,6.060952742900383994e-01
1.023468100589065788e+00,2.383745767492528311e-01,5.705496261131932645e-01,-8.177328713518341452e-01
-7.341737134093043182e-02,9.780272488448711332e-01,-4.530568217074577575e-01,-9.025934756176381413e-01
-1.291693031488988508e-01,9.459887784964802204e-01,-3.377613748071149335e-01,-9.725194954134586123e-01
8.720455117120422539e-01,-4.867966556563607661e-01,-9.658854792773484688e-01,-2.128221197979560941e-01
-5.890456585127173961e-01,-7.938406030863628393e-01,7.729241566636827487e-01,-6.481961811049925526e-01
8.852042284182126686e-01,5.130341658292837392e-01,-6.294272980669392281e-02,9.999766828637640659e-01
6.681559937505009428e-01,7.634494314597034537e-01,-7.387179731458510812e-01,6.838183685392285049e-01
5.382080010050495078e-01,7.792739207419013825e-01,2.006115151890775217e-01,-1.017031386519706038e+00
-6.871501263863636355e-01,-7.519630967950420297e-01,-9.540866804199072959e-01,4.329216679223236997e-02
-1.002968782054139696e-01,-9.746561096928578749e-01,8.283342622074977291e-01,-6.297497540129243232e-01
6.250262303104450190e-01,-7.522399788767346607e-01,-6.138038323636764160e-01,8.234196029268676664e-01
9.876242476959566918e-01,-3.599423139746560918e-01,-6.784254476206748041e-01,7.324267346416823976e-01
2.876307757301860835e-01,9.632043044909830432e-01,7.873480448664147424e-01,-6.529070401021057624e-01
-4.372256832413454197e-01,9.434679788606843420e-01,-9.147279555766461012e-01,2.113631446296161120e-01
1.916579275058077902e-02,1.017307171776142161e+00,-9.455620477504800281e-01,-8.617149448616905072e-02
-5.826400533701500128e-01,7.978923092833332120e-01,-4.769097588624326978e-01,8.531619277237575405e-01
8.677394123451498409e-01,-5.116848002273953755e-01,-1.685912852385990368e-01,9.788140956932415149e-01
-8.843055627562038667e-01,-4.912771433264200294e-01,-5.341904064043346834e-01,-8.552362794372116994e-01
-8.120133486901784381e-02,-9.879018027598183149e-01,7.034332167679884229e-01,6.282115509590469049e-01
-1.008904847606736821e+00,2.157585263302075340e-02,7.459744735450829500e-01,-7.204888874397216147e-01
1.025602123322351344e+00,1.801639093753589493e-01,1.841340924621649999e-01,-1.039219159723106189e+00
9.238466993697016516e-01,3.902364324981766330e-01,3.270150150056930771e-01,9.339646084233504952e-01
-9.829980059881999743e-01,-2.421591587361185405e-01,-3.437934202380115156e-01,-9.521082873708288652e-01
-1.878807459978204808e-01,-9.832806166939690451e-01,-7.858145189429800448e-01,-6.160371457973775611e-01
1.860034340363300731e-01,9.563231125643509856e-01,4.406210910141105108e-01,9.436222308761365030e-01
-1.412718708953877023e-01,-9.481936095163349121e-01,-1.584620129662789867e-01,9.977558009637803593e-01
3.741552300910138684e-01,-9.095787454564812080e-01,-8.490754627430766588e-01,5.438215792211564814e-01
-8.486123969508062581e-01,5.407734095999089385e-01,-2.949970146120150516e-01,-9.469267200524956740e-01
-1.899065536364587248e-02,-9.933592296908604347e-01,-5.970244448432773243e-01,-8.142946031546804964e-01
-8.510588307649215034e-01,5.861635082353424675e-01,-9.719306394231705948e-01,-1.937258957958107874e-01
-4.162585773999754601e-01,-8.943150173977884032e-01,9.960429232859564774e-02,-9.755361413057210829e-01
8.842335195188692765e-02,-1.008791315419443446e+00,6.937484633203695739e-02,-9.803473414648777862e-01
1.004786606511639091e+00,-2.150061444045385517e-03,-7.005919764976096253e-01,-6.463504966119045791e-01
-4.915742011474164563e-01,8.215356006151628421e-01,2.171857001275092625e-01,-9.487844963345747340e-01
-8.549575471003708627e-01,5.306312431180517653e-01,-5.329308819087920090e-01,8.802432478109695202e-01
4.640886871421867066e-01,8.599917184379717305e-01,7.338862856571254367e-01,-6.911327315724438147e-01
2.348907154774340089e-01,9.087542948013480615e-01,-7.715839699294199105e-01,-6.456453351198978563e-01
-3.400389555090405636e-01,-9.378817239800016914e-01,4.141555027179790738e-01,-8.887583748227106950e-01
8.163424704100765705e-01,-5.657036081086743717e-01,-9.648937869602487449e-01,-3.021403705082466584e-01
-7.599819412231946236e-01,6.193337415602176987e-01,2.436887360057715668e-01,9.648994519355698074e-01
4.404278307665724923e-01,8.972768713863066292e-01,-9.256355713138936236e-01,-2.690982495578181921e-01
-1.945933737591032109e-01,9.453085121861111162e-01,-7.013629686512048433e-01,7.217929828447976481e-01
-9.246587888114500275e-01,2.165495699346305924e-01,-3.333292892067969415e-01,-9.564463045486205628e-01
-3.113758581210750442e-01,9.544374215522064553e-01,-1.032021506431836544e+00,8.560255668715925637e-02
9.557532308875238414e-02,9.863080567893361961e-01,5.081206788990978440e-01,-8.500117818331359709e-01
-1.128148611426041947e-01,-9.454852557068059715e-01,-4.376473947924609531e-01,-8.632280962987609607e-01
9.512831624723723234e-01,2.567325760243642507e-02,-3.803664232091629183e-01,-9.230205932624070408e-01
-1.000120331536178853e+00,-2.959948340227417374e-01,2.256401249607024040e-01,9.972066243316916045e-01
2.784224306354800560e-01,-9.764492369901698332e-01,9.636326002083241971e-01,-1.002983379190109381e-01
-1.389818157156857414e-01,9.735535995235924389e-01,5.803482571710837368e-01,-8.909771591397427359e-01
-7.775304067739521319e-01,-5.621386105690784341e-01,2.657102671478547284e-01,-9.588589402692432317e-01
-5.009065221568901327e-01,-8.912201446810829042e-01,-5.465083466011054769e-01,8.767008364596526881e-01
-5.733291285586478159e-01,-8.469060059803399376e-01,-9.756111415754852301e-01,-2.202511106109810990e-01
-9.606472405128929637e-01,3.793231721049860616e-01,6.720010578412015656e-01,7.841283164223380453e-01
-5.731770253321611941e-01,8.359232166348933291e-01,-9.962478177878043573e-01,-2.205640449054716845e-01
5.082505166812310016e-01,-8.866704652483101690e-01,6.078389063580619256e-01,7.853087856947240653e-01
1.187317173287726901e-01,-9.862806672690944687e-01,-9.003158693762169928e-01,-2.951234899044054005e-01
-4.318335667850914938e-01,8.888940596236039049e-01,-6.434713177869283429e-01,-8.288982019011961189e-01
8.164623065478812114e-01,5.944824541667750317e-01,-7.606704985765917471e-01,5.790649665237821431e-01
9.127571427213192479e-01,4.670329183357333491e-01,-1.050171075396100884e+00,1.964933268048552062e-02
8.676199601103841141e-01,6.058226254906283748e-01,6.957663659358654940e-01,-6.821439236123739702e-01
-8.270493650937921215e-01,-4.861234159898715212e-01,8.125744065248825532e-01,6.294278375146309390e-01
9.589273759019941723e-01,3.013554084625725271e-01,2.545665805283995886e-01,-9.535539129848387141e-01
-5.391229909254858788e-01,8.481938550213190542e-01,4.991088391735222785e-01,9.366206937452571379e-01
-3.784872176763109941e-02,-9.439065311061409780e-01,9.661712330950377181e-01,2.558879400916900249e-01
-2.422237504000628872e-01,1.005667319875268140e+00,3.732474308619168069e-01,9.128125129796738069e-01
8.200418028850865737e-02,-1.006613232576987649e+00,1.316688969838939738e-01,-9.977088359469518108e-01
-7.424503592472955771e-02,-1.017494075157815869e+00,-8.721577629658948672e-01,5.549713320427357433e-01
4.523348880994311483e-02,9.811497584088761936e-01,6.846088581378706461e-01,-7.258060808841905187e-01
-1.286920844562215172e-01,-9.765668177045498943e-01,-9.651474830228462531e-01,-9.084031215777445267e-02
-1.047726207998549673e-02,-9.790965060389825725e-01,9.453523336152916956e-01,1.286260182560557408e-01
-8.071573481175695619e-01,5.718852319293374897e-01,-2.227793680184335656e-01,-9.812482124105583736e-01
2.318597513875100546e-01,1.042808516930146201e+00,7.840651449475051216e-01,6.951335245795547957e-01
-9.488748454286832779e-01,-1.513267815028874475e-01,2.459746807036632954e-01,-9.818406388508635896e-01
8.759274252823635587e-01,-5.016505623232725419e-01,4.796813124298840436e-01,8.806671231358278451e-01
-6.298579982166759850e-01,-7.618105429198741563e-01,-5.660883140811653336e-01,8.498399280779213028e-01
4.583137267723964570e-01,9.243534278037284224e-01,1.851703588611802037e-02,-9.789207236230896836e-01
-3.962329374283104499e-01,-9.311410236118449202e-01,9.488902793696029070e-01,-2.704827663955755024e-01
-8.713053414210226721e-01,3.921447367606101242e-01,-6.733222512781400493e-01,7.098305674452937142e-01
-8.073223887363679685e-01,-5.959212550357203542e-01,5.475932542617568677e-01,-9.031732110143797509e-01
-5.952658040519038379e-02,-9.969476402558067329e-01,3.403423035401689223e-01,9.390940562298873973e-01
-9.664926039264251090e-01,-1.376845940539447866e-01,3.714306875091004101e-01,-9.364977202511804988e-01
4.075980014072749236e-01,-9.199609017444272396e-01,-5.652246713406163803e-01,-8.672624990809971735e-01
-1.550402383143803520e-01,-9.658665975916680413e-01,3.707701807196597810e-01,9.480748342981132337e-01
-7.230931328171331662e-01,-6.218982272664879130e-01,-3.770001669484459028e-01,8.798586172718982912e-01
6.323260906868316544e-01,7.740143572490806312e-01,6.456782440418220581e-01,7.284073486349178506e-01
4.673961925567216569e-01,-8.684811761526886054e-01,-7.684121831689972870e-01,6.642411597369141107e-01
9.279125465472549683e-01,-4.016336850943584280e-01,2.759922292828310697e-01,9.651855414381429465e-01
6.815291863116743620e-01,8.035458586033382700e-01,-6.240492987664816305e-01,-7.346783507504467403e-01
-9.724813630875824844e-01,3.897863126259915739e-02,9.637410452552950257e-01,-5.084247810217096264e-02
-1.497171714767987077e-02,9.842637217732911337e-01,9.436446507292471919e-01,6.891208820712090011e-02
-2.758740560043602963e-02,-1.029427839443656012e+00,-9.837290463441111799e-01,-2.500513239627830120e-01
-1.483536329750473060e-01,-9.645263932833755272e-01,-9.281263520807273570e-01,-4.570206443630894788e-01
6.352887020713171573e-01,7.666318693680108654e-01,8.505859692448992648e-01,-5.620279065515740857e-01
6.834603999611263969e-01,-7.094366068910390455e-01,-1.086754921463995771e+00,-1.960826771575391661e-02
3.814242524792258449e-01,9.268349410347764827e-01,-9.456025812648924944e-01,-2.865205906476465114e-01
3.208852014613310377e-01,-9.352218334739478278e-01,-9.929166374726368094e-01,1.652444432297642540e-01
-9.326644350880788359e-01,2.735815378460254021e-01,-8.895938920849846832e-02,9.254013468450861257e-01
-4.694278794976352032e-01,8.368804442711940128e-01,9.379415371333650331e-01,3.649993471336855921e-01
5.943120716326510955e-01,8.118200950157543616e-01,-8.546440512476459750e-01,5.402273707218724352e-01
4.672782761428574405e-01,8.966575741777831343e-01,9.439169835594686253e-01,3.279096708328743670e-01
-5.082231555850610372e-01,-8.526609129378918128e-01,-9.732132210685834339e-01,-3.137403570759594307e-01
-9.744275152856385347e-01,-3.085343546625148869e-01,-3.240714016406946452e-01,9.026768540686881392e-01
6.766059815618997719e-01,6.954324437870875730e-01,-9.995056695569478622e-01,-2.086673977231624511e-01
7.686579942516629238e-01,5.897761604781639466e-01,6.841256469178069732e-01,7.141079921906429151e-01
8.979186225620028328e-01,4.202247689457999091e-01,8.961314030268051622e-01,-3.628701572850918655e-01
-3.012301945956029001e-02,-9.736515611967483386e-01,7.925758926998444087e-01,-5.977491168555694179e-01
-2.254166449444916509e-01,-9.642610277466237001e-01,3.994518395394583976e-01,9.341938944460945748e-01
9.979771848292671166e-01,3.861015451360473860e-01,-5.861946941048715720e-01,8.275429869017486562e-01
-9.179223559321175729e-01,-3.684435613437564982e-01,-7.369174668169719000e-01,-6.316414891751572780e-01
8.233311776507644675e-01,5.435137971890789954e-01,8.106009952653282502e-01,5.487938472767941445e-01
8.056841080654087994e-01,-5.457197087080333242e-01,-6.183109984500628764e-01,7.730532640620708662e-01
8.224969582038960114e-01,-6.017786121953734302e-01,-3.080239507769181456e-02,9.649240472899036636e-01
-3.271680557528142685e-01,-9.287858243254006885e-01,8.780520653688570487e-01,-4.707072053927476296e-01
9.236106284734314498e-01,-4.622689411593527975e-01,6.010129460816119318e-01,-8.005651149061123739e-01
3.157726178298004838e-01,-9.607972111686050587e-01,-8.815428215961793601e-01,-4.857214505940314897e-01
4.881738248987110285e-01,-8.675829987559886547e-01,-1.041909240923097002e+00,-1.128275868402589255e-01
-9.005572147932229266e-01,-4.064906115103973372e-01,9.369269292213685540e-01,-4.256888762442305185e-01
-3.097707389863469385e-01,9.134561485369887546e-01,8.844739515136751384e-01,-3.998035364708867334e-01
1.905190025068922710e-01,9.870003462861955956e-01,1.037845152970387819e+00,-1.803872316292057798e-01
-4.602637589127376305e-01,8.600671979813850898e-01,6.573513485116414534e-01,7.067367230984634707e-01
-6.612399720374858569e-01,-7.315964635152923945e-01,5.442163848787842095e-01,8.865375820671757001e-01
5.066908481126239927e-01,8.963509992368605683e-01,-4.394309241085878059e-01,-9.388494994958762607e-01
-7.208147177952664575e-02,9.905878641410820196e-01,-9.904036501450331764e-01,-2.503841091922500706e-01
-9.258759421334248341e-01,2.422527910981841504e-01,1.000172838574635570e+00,1.378045108863187873e-01
8.569552165660182519e-02,1.035734151209570131e+00,8.809692526734222984e-01,4.054459043605531110e-01
-8.348498449177682579e-01,-5.499853301698190977e-01,7.568653795385646976e-01,-6.787439085458876198e-01
8.548770819129735132e-01,-5.091617237236434335e-01,7.010607706204164957e-01,-6.997237290091613549e-01
-7.313372166395286367e-02,-9.479464326978859212e-01,-6.244582599556716129e-01,7.895256739134797197e-01
-5.429408652999220264e-01,-8.279214654979319965e-01,7.803666448961904534e-01,-6.001213790269854798e-01
-8.334191647502653399e-01,-4.589208952870864611e-01,-8.500624122021326334e-01,-5.610592521306293490e-01
-1.014431207301965232e+00,1.009636857384074160e-01,3.534994087289174414e-01,-9.087059490417260799e-01
4.195757488241117494e-01,8.727711647083938873e-01,-8.596414177662597966e-01,4.672154209676493974e-01
7.785981460243657226e-01,-6.044524962688148095e-01,7.532311682498074035e-01,6.711498039773801105e-01
-1.303482944614024058e-03,1.013500252518747979e+00,-9.126456936941824694e-01,3.922543172151229385e-01
8.452692824683178952e-01,6.192827468613240072e-01,-9.836095519089677053e-01,2.580185435060776133e-01
-1.879674761122155160e-02,-1.015925986949808291e+00,-9.261389955825332088e-01,-2.944107999390973007e-01
4.503753293176228079e-01,9.217761177456765820e-01,8.103417748021064515e-01,6.112056270769254951e-01
-7.365553490619838328e-01,7.442258005552102595e-01,1.003338658382354698e+00,-5.336900324237957294e-02
9.710710454981139605e-01,1.978417358928949155e-01,4.668548930507947919e-02,9.926247508512264783e-01
6.168579165667702480e-01,7.888377939785323756e-01,3.347592644625368985e-01,9.554285386675052116e-01
3.888928594283485030e-01,8.847541934206033520e-01,-9.926733890364956014e-01,-1.851019110646358046e-01
9.634571665367791526e-01,3.554624351555019102e-01,-9.604442905452962309e-01,-2.023137737656243718e-01
-5.823497578173389977e-01,-8.457153894857213361e-01,-9.272463733091578231e-01,3.515832963001698785e-01
5.404212496925248077e-01,-8.690181695785466065e-01,1.738328866880587964e-01,-1.016884838927767154e+00
-6.392970534682487216e-01,7.719336435373906902e-01,-9.972092698920783649e-01,-7.204171336064427167e-02
6.938997667768862510e-01,-6.803333781484605103e-01,-7.767076645374219046e-01,-6.722966429773983288e-01
1.283728612432308847e-01,9.659995248417843072e-01,-1.563182376781187266e-01,-9.488083552630733886e-01
-4.551392219056792920e-01,9.182493092386868616e-01,9.748276137404555675e-01,1.470530485332049442e-01
6.138374986218017026e-01,7.420368886111740059e-01,-9.027291541586088819e-01,-4.407477495044395122e-01
-6.880851430943655256e-01,-7.020412744464584742e-01,7.613617888675454637e-01,-6.390422985717618687e-01
-9.181175739041022021e-01,4.785305897617769810e-01,9.818320987415484202e-01,1.357976597986735035e-01
-7.381110455511182833e-01,-6.597770404173789460e-01,-8.573405759481308452e-01,5.904922011258793013e-01
7.137681529754281995e-02,-1.043073294020642416e+00,8.511503932205765066e-01,-4.347304596148816036e-01
-9.951277618804932334e-01,-2.306451667008400652e-01,-6.302006349263112872e-01,7.971989390682346910e-01
-6.908251992343165115e-01,-7.393205530466130382e-01,-1.029901271594610090e+00,2.618158925906715062e-01
8.970788507471523232e-01,-3.924086405803345889e-01,9.898228506853800068e-01,-1.082739657309314957e-01
-2.592555300293372667e-01,9.374124753261106058e-01,2.997971304088888900e-01,9.026316159575353826e-01
-6.388867978169722184e-01,7.854409029787734475e-01,9.034449415904659553e-01,4.103942551875584543e-01
-2.065553030154251013e-01,-1.016305126046406659e+00,6.434463616054686419e-01,-7.786410077796049878e-01
-7.617875082482243876e-01,-6.597544075500333394e-01,6.589535516633218126e-01,-7.310843292316753228e-01
4.275811675093614261e-01,9.496209949099965186e-01,-9.620642200227099705e-01,1.899525468934922523e-01
-7.172043283178839435e-01,6.447015048831512551e-01,-1.018854657529981056e+00,-1.074512314885462949e-01
-9.874269766640434431e-01,1.997638651286556266e-01,5.319476136951672984e-01,-8.504281974635055086e-01
-8.416746885959345281e-01,4.762900672279500314e-01,-6.454914379237274014e-02,-9.876947088234765415e-01
4.425105063097375946e-01,9.364064983109936513e-01,-7.231211068098382377e-02,9.581648417497933279e-01
8.861422237835674398e-01,-4.575732650165332815e-01,1.055210831884525913e+00,9.661941999083613342e-02
4.954224077942942506e-02,-9.846115656485905365e-01,-9.778236250998252332e-01,1.251160240004586810e-01
-9.993746851692261179e-01,1.437090433477725970e-01,6.080063379437371518e-01,-7.844924977838465541e-01
-4.401970615025890265e-01,-8.740583463451089274e-01,8.014313584789692912e-01,-6.388694227936463355e-01
7.715908193142991811e-01,-5.485373443854162367e-01,9.930446273446714711e-01,-2.477879894716454312e-01
6.561063896588844591e-01,7.976242329676876963e-01,6.958864864385659876e-01,-6.652534467497357440e-01
-1.487832794407849615e-02,9.929593311317026494e-01,-8.556517654023007013e-01,-4.860528271421520330e-01
-9.765149344168583267e-01,-2.790940003112173384e-01,-9.962060794935012620e-01,3.626494706277950120e-01
2.746330312719606481e-01,-9.004096075468935867e-01,1.473697887258460792e-01,-9.508086406037520311e-01
9.230127218744652584e-01,2.465152751097063610e-01,-3.595571961358082214e-02,-9.610950442732526522e-01
9.517543157462916570e-01,-1.201189262302210237e-01,-9.551163141615678365e-01,-2.331770600131762849e-01
-9.518345097345639605e-01,2.693668141482792322e-01,8.970581078853322454e-01,5.953326563604127708e-01
-6.307540788475928251e-01,7.864048920759459937e-01,8.956608802254379942e-01,-4.116173004530369051e-01
-2.417881851012526895e-01,9.340304545507978062e-01,-9.786683108159389688e-01,2.468138377252982185e-01
5.337892798120629223e-01,9.071288784244097014e-01,-6.702668742702408977e-01,7.378907227507003341e-01
2.810254588887531879e-01,-9.404882042362040506e-01,-6.639580298457392615e-01,-7.391386707735220218e-01
9.696647428946369995e-01,-2.733548862673219060e-01,-4.869583562634857143e-01,-9.138664188297662694e-01
-8.447271770149143988e-01,5.219073311148043626e-01,2.601481097536324505e-01,9.920166734989684931e-01
9.980442130610909235e-01,-3.164566909355842617e-01,5.373101501166169802e-01,-8.332921172612541838e-01
4.384201591715103374e-01,-8.909649659474380146e-01,-2.564100096489971836e-01,1.028305698055698603e+00
-9.899559075526814800e-01,1.315453442045070309e-01,3.799509672265278248e-01,9.083426095360596086e-01
-4.962503147550501037e-01,-8.571111999885909771e-01,-8.102633422563044752e-01,5.462730516192779717e-01
-9.431747772624460291e-01,4.023263666686709428e-01,-1.359144251907843659e-01,-9.988282832891705043e-01
-9.684288038389881059e-01,-3.545169486928488323e-01,9.832424188238523266e-01,-1.843775256715786126e-01
9.299626372557010523e-01,3.472517881052612498e-01,3.199016791476054222e-01,-9.002977113712866686e-01
-3.060117669201378732e-01,-9.427275813841633489e-01,8.929935716364238996e-01,-4.004314768464222740e-01
9.299522254850751679e-01,3.531401225646992881e-01,6.426963505149733136e-01,7.307064787969804742e-01
4.205659981532605673e-01,-9.362017774383661894e-01,8.868875929837730654e-01,4.599356246120135938e-01
4.753394192097710191e-01,-8.602484251597899423e-01,-9.356426345383065390e-01,-3.297088902126322218e-01
6.453251528372272450e-02,9.894222757445227945e-01,-2.597264184567557033e-01,9.687914607540593082e-01
-4.828662613054769959e-01,8.884270231678668139e-01,5.120569640601992933e-01,-9.130218572194643833e-01
-1.030702008850109319e+00,8.185166256805317953e-02,-3.955021371390806117e-01,-8.691107984114395668e-01
-8.288049476628278622e-01,-5.687622826015645838e-01,9.895711996109648467e-01,-2.009951340247569385e-01
-2.471764661064306257e-01,9.681253714087820761e-01,-5.060050802669617542e-02,9.883226255445338726e-01
-8.258699355803769127e-01,-5.771477814242339521e-01,-9.222123498151653109e-01,1.104992251285189797e-01
-3.316778523399206979e-01,8.851937563268099662e-01,-1.019410060663939799e+00,1.155750040634112574e-02
9.537008196340691635e-01,3.385028671888030138e-01,5.094489566661219992e-02,9.721226078541880256e-01
9.884901129745227166e-01,-1.274653147182986876e-02,-8.552923430692180862e-01,-4.986870786639251429e-01
7.829365872318302388e-01,6.108946959577979952e-01,-9.155910216585266825e-01,3.183231288667307535e-01
2.385139376078793672e-01,-9.347431998593692670e-01,-9.706674346844710310e-01,3.269154143184441752e-01
1.028464820168248917e+00,-2.122627043021720061e-01,-6.481679303030285499e-01,7.832126807510217947e-01
-8.981282863018129614e-01,4.717410463565640533e-01,9.364860528962533071e-01,1.022317765827472497e-01
-1.055821127496867851e+00,-7.504867544660508150e-02,-9.970571655004643041e-01,-9.990578050850874858e-02
6.238185922519227100e-01,7.823427842967043411e-01,-5.218676641362224311e-01,8.707132085497324425e-01
-9.652242922421997440e-01,-3.160888812356943411e-01,1.037197701696194629e+00,-1.515231267249370073e-02
6.019600903130324365e-01,7.801309588617855173e-01,-2.667809851840114987e-01,9.516541384567615003e-01
-7.336160623653891211e-01,-6.215641092547281588e-01,-1.552863628654919115e-01,9.972568573169889872e-01
9.236832076250081069e-01,-4.481876829560619280e-01,-7.740220845241564396e-01,6.175186183580720911e-01
3.500289053835575759e-01,9.403547652323663852e-01,6.975982765506183458e-01,7.634630976370307964e-01
9.032144088495952516e-03,-1.008085324205944433e+00,-1.051355872077184506e+00,-4.150353909930268315e-02
9.806134840341675929e-01,1.854725425199803823e-01,-3.479651725754208114e-01,-9.490407548858931230e-01
-6.827726544894725524e-01,6.958963820670193146e-01,-6.977784967925483306e-01,-7.186357983620406120e-01
8.131166869779290485e-01,6.651764298759449412e-01,3.473982469413496310e-01,-8.657136738873404402e-01
-6.210070796930795556e-01,7.784362453740484300e-01,-9.507637639024885123e-01,3.398320472555719229e-01
4.355341273842467387e-01,9.364092942616134563e-01,-1.033507663700355739e+00,-1.230970628136436595e-01
-6.946310275602158857e-01,6.896392082062992035e-01,3.529049399976062484e-01,-9.063176253098352841e-01
-8.279398307833777393e-01,4.355396493109584544e-01,-8.934864192640017411e-01,4.355996975387179670e-01
-3.095103743302005106e-01,9.409450669824158675e-01,-3.359352953141858111e-01,-9.105024423479251006e-01
-5.208433482799579295e-01,-8.357062112464872516e-01,-9.305674965760070139e-01,3.822064906735313516e-01
7.996949779672454239e-01,-4.780567694655057376e-01,-8.473007432168641051e-01,4.980684663107294852e-01
-8.136514659691925777e-01,5.885264057348225109e-01,3.995334182702012238e-02,-1.012070625358987064e+00
3.496931545679375364e-01,9.547950620768460572e-01,4.938930537072341864e-01,8.840612750880977311e-01
-1.593805960137463507e-01,9.925432863431367103e-01,-4.714255748282832337e-01,8.219713865002599151e-01
6.329832016916104864e-01,-7.562104820273866101e-01,1.513889449723181124e-01,9.670471206474705594e-01
-8.841344686731479330e-01,-4.250908162339248619e-01,-6.134589987569789571e-01,8.327038945457259089e-01
-9.555894702977932864e-01,2.452121632599661427e-01,1.248807503484835879e-01,9.992375872177285956e-01
6.254618896015334828e-01,8.021093616456111963e-01,-8.896668429395748756e-01,-5.172507908246261055e-01
-9.350465439230072340e-01,4.053228434085727749e-01,2.917719818183373004e-01,-9.417653470478136724e-01
-1.935568425730228304e-01,9.477878580016310117e-01,2.403017724981509895e-01,-9.728586830080294678e-01
8.694526961548707522e-01,-3.040476493421267468e-01,-6.471944540037856131e-01,7.542704777171953534e-01
7.343022770582564585e-01,-6.542227626914758343e-01,1.010271472672858550e+00,-5.921365815305597996e-02
8.944311387028149873e-01,5.397202904383348043e-01,-7.743932459252316214e-01,-5.797786138818591395e-01
-1.010745106998017118e+00,-9.423302242882487800e-02,-8.288267167463500007e-01,5.733539342758762203e-01
1.695103731199033292e-01,1.013218616561035068e+00,5.480342563405421474e-01,-8.644587885985727249e-01
-8.338375653858518533e-01,5.385623377551976843e-01,-1.256192569838238959e-01,-1.015089354265053201e+00
6.885983211792505720e-01,-6.799973891621530209e-01,-2.810269520610262847e-02,-1.050235321014695966e+00
-9.859917472923548365e-01,-1.308693443425246183e-01,2.529641744575914508e-01,9.351285028694448220e-01
-4.856984370630609837e-01,8.116786063442349430e-01,-9.862923487775663300e-01,1.654926587894652856e-01
2.330388137805198823e-01,9.538192993707346190e-01,6.144731366718456655e-01,-7.972512103254467686e-01
3.092827120552199549e-01,-8.874472830846099614e-01,-9.782515569548528855e-01,3.205866401113841718e-03
-6.867008574969868384e-01,-7.246856361744765662e-01,-3.972617579302589741e-01,-8.828110169761428372e-01
-9.565143267015046025e-01,2.048082410724796631e-01,-8.365077912596208254e-01,-4.551779128987758494e-01
2.266203786450823321e-01,9.702911529970040805e-01,5.461769777319942509e-01,-8.661091423586523286e-01
-4.385931541599959460e-01,9.084951677976691453e-01,-2.130965392161522087e-01,1.038181721620344611e+00
9.862203248432467317e-01,-2.618256225656350189e-01,-8.640151875181240060e-01,-4.453768617049380651e-01
-9.683517580386288293e-01,-1.646074725632126479e-01,6.919931455015296828e-01,7.413095641551270543e-01
-7.637151235741650446e-01,6.242399472349206002e-01,-3.041565112982217434e-01,-9.139370326168112513e-01
-9.766165418294168177e-01,-1.600152382488769509e-01,-1.294727760585080711e-01,-1.049810262400071137e+00
1.720441238574896281e-01,-1.041666945298389990e+00,9.945623165614414507e-01,2.768994893248536981e-01
-5.936982913893816827e-01,8.385922220784064463e-01,-3.939176883744440749e-01,-8.968051847374939323e-01
4.048903000315864920e-01,8.508473401007629056e-01,-9.093935604706697706e-01,5.258606791408089176e-01
-8.732148327388622455e-01,-5.186209024360222131e-01,6.989559623197261207e-01,6.991173990762424850e-01
-5.426374823340833764e-01,-8.524556669286936783e-01,-9.162563507651564354e-01,4.608897827175446604e-01
-2.035302042784832011e-01,-9.620508740714576179e-01,3.626576099149314558e-01,1.000043484844956421e+00
7.357736315814080719e-01,-6.747834808172507026e-01,-8.700004794028797228e-01,4.934738533657521131e-01
-7.184825263888076075e-01,7.262758727142198945e-01,-7.373185139680329403e-01,6.760366678514484473e-01
8.918119730399818312e-01,4.821654091192823510e-01,-7.204046646028419709e-02,-1.008915012462487937e+00
9.397383059560220353e-01,-3.025266453627664109e-01,1.928604299669592070e-01,-1.008214444238525687e+00
-9.439593475105634290e-01,3.852724403944919884e-01,-7.901506317277099400e-01,-5.765966441209324778e-01
-7.240848980758104458e-01,-6.248590549817159001e-01,9.916587195596934246e-01,2.002296888214584181e-01
-4.766874095695459168e-01,-8.546789735505833097e-01,9.521598132201769538e-01,-3.882255554260453101e-01
-9.396501009133386706e-01,-2.225773351455953009e-01,-4.041174058545682901e-01,-9.489375473109776804e-01
2.583152007406661066e-01,1.010292651392900254e+00,1.018029971393904276e+00,1.983543242241418703e-01
-3.427303422902674979e-02,-1.005298575822277884e+00,3.904807721764593786e-01,-9.218919417279489714e-01
3.015342144519732037e-01,-9.890207383600009283e-01,3.606772200954987406e-01,9.322399643022822868e-01
-9.051673966512044922e-01,-3.330027298915472223e-01,-9.106291906490725507e-01,-4.630649390862434656e-01
-1.008476154869810237e+00,6.595431681610490482e-02,-9.740079048771901338e-01,1.851433488314882247e-01
7.086656987540695951e-01,6.548430060481141846e-01,-8.485616661979075159e-01,4.571469199102494718e-01
8.684299072754466664e-01,5.459318043146941246e-01,7.668271615603462488e-01,-6.363744395334303139e-01
-5.319550387564264682e-01,8.264952432244812019e-01,-9.516346090079611519e-01,3.555152418090185562e-01
-3.626514665943668669e-01,9.492364529443189092e-01,9.127880432961269497e-01,4.452119271109647447e-01
9.888196526088529614e-01,-2.783963609437404840e-01,9.463189915354818238e-01,-4.234589502467162592e-01
1.865762424768185046e-01,-1.020779788929969234e+00,8.956535090813848576e-01,-4.761167294041853681e-01
-5.665407633459730308e-01,-8.354665371269920371e-01,-4.406686080701491259e-01,-9.458475022333603377e-01
-1.013941250547613304e+00,-9.538575529710248413e-02,-9.401481537351679130e-01,1.838011179101460835e-01
5.335764632296267074e-01,8.695592526060438310e-01,8.412424342740868477e-01,5.491050072338466981e-01
9.852733036173269010e-01,-1.225257148473007929e-01,2.741739729823557403e-01,-9.924175121810530076e-01
-7.126403986653131462e-01,7.541278005999620948e-01,8.946495941501967364e-01,4.647707877766062978e-01
8.156885398138413734e-01,6.082483599696970611e-01,9.075744626469286480e-01,4.409070788954644882e-01
-9.642087842187370139e-01,-2.792599844692567057e-02,-9.933707201215248306e-01,-2.609662648753451331e-01
6.991396949934896021e-01,-7.376347455797636066e-01,5.539251170665446811e-01,8.496346207396051620e-01
7.846959784589970788e-01,-6.234979602214717476e-01,1.018023096331011068e+00,3.905650435974743206e-02
1.000575914563335056e+00,5.581431229318347537e-02,-9.241530342548885946e-01,4.914901750487404297e-01
7.530930742163884917e-01,-6.976722084511144395e-01,6.659812738061445803e-01,7.529183282377238662e-01
-1.928245187163392105e-01,9.520580167941943284e-01,5.132785920585863915e-01,8.520113633725037161e-01
9.924514390091122573e-01,2.637449914662988171e-01,9.025394137671779449e-01,4.636823109514482955e-01
6.251957785477841867e-01,-7.973094878367971150e-01,2.847058181999207460e-01,9.764791980694230711e-01
6.446706115166628281e-01,-7.564194772048108417e-01,-2.740444362732327721e-01,-9.875118882873890058e-01
-7.729439932324894125e-01,-5.642684650476171848e-01,3.648678785588210793e-01,-9.039990924030889552e-01
-8.824979129928626209e-01,-4.730568964151640743e-01,-9.551861909319707689e-01,2.617378384851733464e-01
3.914731172865529851e-01,-9.460700315137359206e-01,-9.729030135872386298e-01,-5.559520601903373410e-02
2.028457300669291030e-01,-9.772793627550513396e-01,9.893569424257401268e-01,1.696015116222222563e-01
7.561957171155528901e-01,-6.339395636993681027e-01,9.444927305220498504e-01,3.503840418636979259e-01
-9.281857175421384110e-01,-3.362339911155589056e-01,-6.151753491666228646e-02,9.796096067465637214e-01
9.691199857439054544e-01,-1.843274387323710906e-01,-9.773803213607855644e-01,-2.254380979594738654e-01
1.017347942420067097e+00,-1.860977999003583100e-02,-7.030046249136320813e-02,-9.642003348568971566e-01
7.814362093694952049e-01,6.357202467586474670e-01,-8.099906982170504977e-01,-5.949769019445457774e-01
6.119500741994327031e-01,-8.191913265628154583e-01,-7.999603079166258679e-01,6.292887098835816539e-01
-9.582431213772840684e-01,2.277107341863093826e-03,7.003961919000403213e-01,6.799318088953406614e-01
-7.385429412856555631e-01,6.462644105281436513e-01,2.277284153924742094e-01,-9.568817992833432706e-01
-7.598120337509436384e-01,-6.509582319793735250e-01,-7.076504230310810550e-01,7.893547453876726960e-01
9.294907035870488832e-01,3.331302424536932150e-01,-1.030612547328726009e-01,-9.832493934426411730e-01
-1.031091974252520638e+00,-6.841457352116528390e-02,-9.981620109014849307e-01,-9.917394435580056955e-02
6.980947498408640595e-01,-7.418069892261220932e-01,-2.607556009086294674e-02,-9.778548152070375421e-01
2.468200041138560452e-01,9.566560805632138287e-01,9.031057695923976336e-01,-5.625413161002240647e-01
-9.151214956704986081e-01,4.661766192373852369e-01,8.849250545426891046e-01,-4.992164614491017560e-01
9.906625034597976720e-01,-3.435683298064966529e-01,-9.756569286135882146e-01,-1.509020952495047641e-01
-8.780218556295836807e-01,4.335901875326806376e-01,-9.328749341587281307e-01,-5.361217224407639759e-02
-6.120906519840448867e-01,7.660856222965309881e-01,-9.695419257088645770e-02,9.835386344667164105e-01
-8.903012546329451826e-01,3.194782099976208878e-01,9.583614192532244891e-01,-4.173392213485068725e-01
-9.941776076588972888e-01,-1.302690354011706297e-01,-9.799573158048912047e-01,2.808367083986561541e-01
-6.755196524892620458e-01,-7.563568124212286525e-01,6.998555098088208304e-01,6.988419803206833425e-01
2.979473962307706558e-01,-9.920402604510747402e-01,-9.246656774857890948e-01,4.243151237681310750e-01
-9.540053251925233457e-01,3.477526308385009424e-01,7.718081178559975664e-01,7.030433967990756816e-01
3.878415696682165348e-01,-8.795048991870789701e-01,-9.903948487892459962e-01,1.621258865031072194e-02
-9.663610383675143023e-01,-2.157873751482781988e-01,-9.321318200426561562e-01,-3.633265861712961509e-01
-5.337111386396411472e-01,8.838886995112713585e-01,-5.606940887470936996e-01,8.861315811597824110e-01
-5.996269727142171657e-01,-8.332561510443856623e-01,8.910018151072081061e-01,3.922625110277827010e-01
-2.596705278976850217e-01,-1.010539311515842309e+00,9.389460301548915311e-01,-3.645973839927700855e-01
-9.636539895857559879e-01,-3.184611119592953288e-01,1.113636615460978363e-01,-9.700508633320665819e-01
9.122571113490428596e-01,3.165181723084203314e-01,5.128029960899388451e-01,-8.305448138264532876e-01
4.436176859432996999e-01,8.840802445031178403e-01,-6.972392757442291700e-01,7.202184747247312169e-01
-2.086395566618945152e-01,1.036966260245716809e+00,4.224015114595836007e-02,-9.773292997920929315e-01
-2.124025645737101231e-01,9.656382101184380895e-01,-9.654845741296764761e-01,6.792330853180472694e-02
-4.954436329448175802e-01,-8.734457323349350544e-01,3.476308004930556139e-01,9.743456706504037834e-01
9.535756562759464261e-01,9.763313547875446252e-02,7.373639670263762991e-01,7.492491110337916593e-01
4.215931393658759602e-02,-1.015740016176205129e+00,-5.158034556945418903e-01,8.247916057223305675e-01
-1.133807414512202072e-01,9.734444947625414679e-01,6.154076689968721592e-01,8.407433312425760530e-01
-3.280719457140436335e-01,9.111680320123701771e-01,1.048911454325686776e+00,4.203982630646040802e-03
-9.712570528248475332e-01,-1.947656486618805083e-01,9.380809244638604882e-01,3.029670626520348797e-01
1.568843676315122004e-01,9.634031657251906910e-01,-9.322706474430969559e-01,3.984633317438446287e-01
7.304761370244040597e-01,-6.408352405738343416e-01,-1.013303224542309033e+00,3.294803844067173415e-01
8.341012269107715982e-01,5.147181910618987555e-01,-3.013006337677132662e-01,9.557652814332097124e-01
-9.425785326691252797e-01,3.072804830457862568e-01,-9.263321182533678089e-01,-4.052717948275271764e-01
5.679527047164315556e-01,-8.140661881619425388e-01,5.457105212570085850e-01,8.332098920571081591e-01
-7.839048764081304466e-01,-6.393793449592974909e-01,1.814189105360937138e-01,-9.486975888801338908e-01
-2.625514570820050575e-01,9.490396162087633147e-01,-4.499189616517663692e-01,8.668472206612323205e-01
-8.888286998222320046e-01,5.032694937969135474e-01,-8.816405216774557685e-01,-6.143904874523755666e-01
-2.360080620253668660e-01,-9.868573769552733133e-01,-1.897729743839038918e-01,-9.754797199312047473e-01
9.530059035324264238e-01,-1.500463978049797475e-01,7.550646158835842003e-01,-6.725135941909877735e-01
7.532059694907020653e-01,-6.711048581861063234e-01,5.246900617536969236e-01,-8.846631612696875813e-01
-5.496517428974569963e-01,8.309005301597571780e-01,-8.038663260771846675e-01,-6.722645261121286131e-01
1.071581284020179492e+00,-1.269516391934366085e-02,-7.124791396821279488e-01,6.781111874071859003e-01
9.906760130612479731e-01,2.713578274032598520e-02,-9.955015854812934162e-01,3.201403137307592961e-02
1.008433920485406254e+00,1.499050434727856596e-01,1.273851901822807275e-01,-9.703361977463549337e-01
4.142529635153391343e-01,-8.803172955141792544e-01,7.563716097492670931e-01,-7.199539096420267681e-01
2.918859591556016153e-01,9.828223650428381530e-01,7.848059394375469511e-01,5.790736976002341940e-01
9.529342304779339079e-01,3.889258958260741750e-01,-7.468443502075539087e-01,6.937887096588477576e-01
1.144721184193683017e-01,9.943994343690040205e-01,2.191877299304874627e-01,-9.417932321445083854e-01
-9.502331400727888067e-01,4.186921581437428319e-01,-9.729696959288635094e-01,4.071840150963987326e-01
-1.560519701301413265e-01,-1.015580722315643669e+00,-4.631342984777176985e-01,8.198566721472660968e-01
-7.063842681543563984e-01,-7.006512677535933209e-01,-8.510815487259714152e-01,5.324893844241203045e-01
1.457786866666632708e-02,9.740851409794385463e-01,-7.547509872855753255e-01,-6.359947760984406839e-01
-9.526623577235728835e-01,-6.032790726264550263e-02,9.568193346823810064e-01,-2.813763261505718843e-02
9.263707311676981915e-01,-4.626229409719762597e-01,-9.892638165814129358e-01,4.609786261968074061e-02
3.956527159580182640e-01,-8.817071579438598983e-01,2.796570351011319344e-01,9.338696659984307979e-01
-4.516193952984320914e-01,9.454114365364971739e-01,5.296768252716758107e-01,8.111387821541613530e-01
9.531625880514188465e-01,-8.603404628936174581e-02,9.846688241947492148e-01,2.369090017613921517e-01
-2.359357539660938419e-01,-9.211652963472979350e-01,-8.912628436912755081e-01,-3.158408399243458620e-01
9.397087374916671676e-01,3.773657653593107120e-01,-9.724211906847611830e-01,-2.768998744667989231e-01
9.509247959592174171e-01,2.089687622153689195e-01,3.136357444313452869e-01,9.152032334722032259e-01
4.469299498084398636e-01,8.949286614222945468e-01,-3.466916258285226426e-01,-9.960309867752666912e-01
-1.404215410211726855e-01,-9.961081533068927296e-01,-6.803675027262202912e-02,-9.790497224781832264e-01
3.667086479099250784e-01,9.149462097314822184e-01,-6.310021990995964836e-02,9.994360644158496454e-01
-1.046377410741249570e+00,-8.688972705155763310e-02,-5.568371436968021504e-01,8.455489622819168938e-01
8.853860167214526733e-01,5.757980277375419620e-01,1.011248453180590534e+00,-2.387917526861486894e-02
8.703842910401753397e-01,-4.329268383910142570e-01,-6.721818371519927560e-01,6.977590772177711953e-01
-5.022666368325257036e-01,8.433716127847240562e-01,1.298270935567048812e-01,-9.891247472636728322e-01
8.220915020798398309e-01,-5.674027587417793672e-01,-9.662678420853665351e-01,2.765318203828964205e-01
9.765666814527175221e-01,-3.402922886810688108e-01,2.233498867686126432e-01,-9.571200488402129558e-01
1.002807795538065427e+00,2.524715824025622335e-02,1.268087956008853157e-01,-9.941124804967274020e-01
-9.567961229292599734e-01,2.397015105357505893e-01,-4.837423932305024432e-01,-9.061549796079534369e-01
1.047943240812354793e+00,1.103012503943631151e-01,6.081665260904097758e-01,-8.219549759822881718e-01
8.511056313653004857e-01,-5.388299281075367153e-01,9.231854916427979507e-01,-3.297677662243923002e-01
-9.619742791894763112e-01,-1.246501269112893079e-01,-8.536187597809428151e-01,-4.374175876080461101e-01
9.223087538895504700e-01,4.498252006175152418e-01,3.368513599263466690e-02,1.006082010519107728e+00
7.883099687778062359e-01,6.170003937361944191e-01,-8.032860604330814835e-01,5.923888168118921493e-01
-7.046429249982891774e-01,7.207299436560791195e-01,8.539402916858188086e-02,-1.001057848291027064e+00
9.627709788757253806e-01,-3.484103157477878021e-01,-5.854032092347130067e-01,-7.531011384373564876e-01
-3.719377070573535726e-01,-9.192729928289543606e-01,4.619951701632354912e-01,8.907211060073096931e-01
6.893753982427422988e-01,-7.123925493594757130e-01,9.555384833616972218e-01,3.297753207279112697e-01
-6.651681114269273332e-01,7.665785260939761425e-01,-4.153441069294917520e-01,-9.214096103322846343e-01
9.639458132691857140e-01,3.016661938214606486e-01,-5.618960102081696495e-02,9.742629080189317836e-01
1.051360199414754115e+00,-1.528861763890256298e-01,-1.011507555334139274e+00,2.454783321441061233e-02
9.719862245213179985e-01,4.823155884422538481e-02,-1.040657892648851578e-02,-1.020455370535917838e+00
9.492605633336164139e-01,-3.137013598383642798e-01,-9.194594068941907006e-01,-4.319763940284421233e-01
-6.777226772624854734e-01,7.472039199365284601e-01,8.265327109838562780e-01,4.568752067747003931e-01
9.677622407079532474e-01,8.447358277939256976e-02,3.372932715726106312e-01,9.426598193517393698e-01
-3.619566795014945715e-01,-9.350954878830317618e-01,1.496584497546090686e-01,9.589659361799593995e-01
1.014644260835406486e+00,-8.642821274724964142e-02,-7.855616090668349205e-02,1.031067763548870753e+00
9.961612533247503620e-01,-2.144980513546688450e-01,-9.376093002499779061e-01,-4.159126257232144686e-01
5.823931580875137959e-01,8.525136835323757767e-01,-9.620850670633024349e-01,-1.808464952988306576e-02
4.058713797957772540e-01,9.246536394561019057e-01,3.510907999717048367e-01,9.387906221140877028e-01
-8.905632402424604743e-01,-3.948662212087183931e-01,8.702735985392457962e-01,3.702084238774673297e-01
-6.631607361370861486e-01,-7.497830818587059021e-01,4.986861913555862280e-01,8.361858584617668511e-01
-4.798399367406536165e-02,-1.001137828756876402e+00,9.952823169178592888e-01,-8.133357248294129094e-02
4.691729349602416499e-01,9.162033414014659760e-01,-1.018899848830519650e+00,1.910510618134385885e-01
9.911085064992800620e-01,-2.297014181220331241e-01,6.911216432602746984e-01,-7.547061349770631811e-01
-6.821853429398140323e-01,-7.487703465137540704e-01,5.470909869802422776e-01,-7.940032621028844106e-01
5.922778694562530477e-01,-8.330082089367804032e-01,-1.000561855131597122e+00,-6.669834740217456259e-02
-9.858654233005909040e-01,-2.881593696054694509e-01,-2.699014770826584919e-01,-9.613591940392526292e-01
-8.199340708496790642e-01,4.908348205465776215e-01,3.822069107715799774e-01,9.035670355932697850e-01
9.517198378343385556e-01,-1.513808767283921775e-01,-4.040780513173889421e-01,-9.644383488034404817e-01
-8.148281918412544345e-01,-5.061619737728412227e-01,-7.482680955089199282e-02,9.619976308771819307e-01
6.217838636007386732e-01,-7.057606460468002219e-01,4.725192509887768955e-01,-8.660647543879214094e-01
9.189120629351342773e-01,-2.903557439044092692e-01,8.260097806967460210e-01,5.000351184685810635e-01
-4.654053696368875559e-01,-8.855046387087117665e-01,1.625655407951206999e-01,-9.826332796721698459e-01
-9.403418481012525421e-01,-3.057511715234508265e-01,7.969404987117479910e-01,6.007579700405012435e-01
9.966053085070011308e-01,1.998456731303522443e-02,7.453102785405157915e-01,-7.082971439431828831e-01
1.008977378151259430e+00,2.417583932439713035e-01,-3.305195698286949590e-01,9.413032056415403526e-01
3.223835450443826023e-01,9.622866295200013242e-01,-5.666434809710770848e-01,-7.839659148650681697e-01
3.007443545854914246e-01,9.553915114643066753e-01,-9.708976537426706743e-01,2.653369094602840705e-02
-3.618724491750671679e-03,1.029483153507478876e+00,-6.515465576979818652e-01,7.005851293011375880e-01
-3.190482114546014936e-01,9.695001692545028860e-01,-6.268913333032579693e-01,-7.793795880110611085e-01
-6.477286188199610217e-01,7.952865545736225172e-01,9.372671347556243981e-01,-3.401847094659095627e-01
-8.790404185783401436e-01,4.408526997692001070e-01,9.626496316206042403e-01,2.666481494708562994e-01
8.377829504586324916e-01,5.890474723640179988e-01,8.323021249794712029e-01,-4.498192948502221511e-01
1.005396021822219321e+00,2.662192389861330888e-01,-7.954409646323266081e-01,-6.479999267899766435e-01
-4.656447994656887079e-01,-8.800961152217553485e-01,3.437732555174650706e-01,-9.601283273720677691e-01
-9.436841639976392138e-01,-2.251608500984294825e-01,-7.751754133744199748e-01,6.748350861667927747e-01
-9.344685368250814639e-01,3.234879602534835863e-01,-9.505989183782855845e-01,1.798086060702578648e-01
-6.700727513547749536e-01,-7.501399062553141261e-01,6.918180402260940554e-01,-7.359337731707876751e-01
4.666482181608314628e-01,-8.530954492620553831e-01,-9.003634029211528000e-01,4.744733990321921557e-01
-8.765900740669556601e-01,5.071630111928246976e-01,-9.515965984433472080e-01,-1.633412797479862899e-01
-6.442712912381429735e-01,-7.929923184330209818e-01,1.004869782042680626e+00,1.535144188642552088e-01
9.206657110965290602e-01,-2.936236880599319976e-01,5.424796241128669871e-01,8.203788163628114027e-01
5.179353616771543711e-01,-8.217504302248063164e-01,-6.159422991742276032e-01,-7.546467107169649857e-01
-8.843179487228747249e-01,4.236857064154483932e-01,-1.940406066149031605e-01,-1.005473214917296687e+00
-6.231273012951488166e-01,-8.183651616275805507e-01,-8.855911068818888010e-01,-4.934510009904094496e-01
4.294222316383187188e-01,8.718651869132540977e-01,6.534358315144683793e-01,7.802208471052387573e-01
-9.434918207016309566e-01,-4.017799973093701960e-01,-9.946747497706848185e-01,3.300612476467358336e-01
9.541544566967175012e-01,-9.691471922140965090e-02,-6.125435122115089337e-01,8.338554775282502884e-01
-9.870780754682813019e-01,-1.353710420478344556e-01,-1.052789167237894619e+00,5.006373193533249222e-02
8.616793464330159136e-01,-4.506997002915395512e-01,7.333906616142268353e-01,-7.102751568339515931e-01
-8.242132803425172849e-01,5.765919174105803569e-01,1.874266101201093326e-01,-9.421229605955326880e-01
9.829459177918148383e-01,-1.790954661495151867e-02,8.378744946466460952e-01,5.026416255539852829e-01
-8.823961867209930698e-01,-5.270779630241528846e-01,7.532598805497088268e-01,-5.952321772305475545e-01
9.718448538876995890e-01,2.827019910371552092e-01,-9.877158413175660678e-01,1.231022392905279927e-01
-8.587146982647735349e-01,-4.890446681484221791e-01,-7.208313807626565151e-02,-9.781325357489719652e-01
-2.019045846368514585e-01,9.886757254358756741e-01,6.526313135249619535e-01,7.618447801668597474e-01
1.049160336710853736e+00,1.887264977204655136e-01,-4.941428534429218589e-01,-8.726932909291148510e-01
4.092760827277022728e-01,-9.432877580169299891e-01,5.477184888746652880e-02,1.017744962351244675e+00
-1.695835410675742561e-01,1.035088608829577872e+00,-9.384602380295283819e-01,3.976550740773144854e-01
3.027662758341646554e-01,-9.704322441860260273e-01,9.695423208200378840e-01,5.678444000254866120e-02
-2.221865875232791887e-01,1.005190527936658196e+00,5.346098444098796865e-01,8.044487957286805546e-01
3.238589299029284163e-01,9.550295772178389875e-01,8.279583258396138179e-01,5.842275971483935626e-01
9.757505950051218457e-01,-1.979976055125386436e-01,5.113833164210037502e-02,9.877840138697895345e-01
-6.304788198707768077e-01,7.533206159275875891e-01,8.213947277048642137e-01,5.655247898171184007e-01
-8.122367700632364684e-01,-6.169570590490481843e-01,-3.808803826560763217e-01,-8.980790151970010626e-01
-7.908089793804005119e-01,-6.471635591581033076e-01,1.012937878660897351e+00,2.026600057029596669e-01
-8.822690227373763960e-01,-3.572368612584426173e-01,-7.555906651158681431e-01,-6.159598151440150993e-01
8.762267367309833910e-01,-5.150602635775534122e-01,6.356158369697327837e-01,7.784100335232627677e-01
-4.638130734426313961e-01,-9.283115632453327049e-01,9.872224878638455881e-01,-3.384006542882782020e-01
-8.173910921433856780e-01,6.274130868177011378e-01,8.936118092775157118e-01,-3.895744632762482285e-01
6.264726497232293578e-01,-7.518163831766251359e-01,1.590094705042929268e-01,1.010533625311444306e+00
4.538902706032283407e-01,8.912633370091770368e-01,-7.124515777802061800e-01,-6.165187360738788591e-01
-9.686893681849806370e-01,-2.745688723272629583e-01,9.705798144708371877e-01,1.664190474234766848e-01
9.180889219350754082e-01,-2.837400442405816348e-01,8.515787429663891350e-01,-4.352960570655804995e-01
-7.066432710701793241e-01,-6.721170069521349433e-01,-1.005005404540539438e+00,-1.318335660918702468e-01
4.061781659195360383e-01,-8.860475807313765717e-01,9.739688934414395538e-01,2.917286806868809035e-01
-5.851099977859781642e-01,-8.506372173464038511e-01,-5.386415447995879235e-01,8.220159680427825410e-01
5.333424689322157075e-01,-8.374678969483211333e-01,9.207881293572813819e-01,4.865553149283213807e-01
9.205291115023536141e-01,-3.741413113311949923e-01,-7.338939707874717611e-01,5.783082256766545193e-01
-1.563194513766126559e-01,1.007892321643499178e+00,-4.358201582099053284e-01,-8.814466603858805982e-01
4.843918401032055732e-01,8.505357757848147626e-01,-9.785770925829596623e-01,1.555380011641283311e-01
-1.016160885942675396e+00,1.220199657110526970e-01,-7.570375921376821804e-01,6.932499079286181809e-01
-3.022075529692325735e-01,-9.933139271346460575e-01,7.656217505282916225e-01,6.434832915340860104e-01
1.258048640426318865e-01,9.841015956305775303e-01,6.023523117410034544e-02,9.846071189460018358e-01
9.734633149915066230e-01,3.036720468699099715e-02,8.024372024713005702e-01,5.752970356967798127e-01
-5.451842619952562696e-01,8.002693358604486829e-01,3.047791431953372210e-01,-8.749702735697214573e-01
9.838651268239404502e-01,-1.894912124575043044e-01,6.380685797179989072e-01,7.764908431653153587e-01
-3.540155658144679141e-01,-1.019595005116186170e+00,-8.417936136728498830e-01,-5.719795820398113628e-01
-8.186933948159497154e-01,5.754000204686274822e-01,-5.685208919607849243e-01,8.140091864834365643e-01
3.446016346778361106e-01,8.890840334005577494e-01,9.500518123588236330e-02,9.914040344671897209e-01
-6.150581967442413367e-01,8.108068705383146835e-01,-6.472204464719356620e-01,-8.021320521120182123e-01
4.277903850259923146e-01,8.506482563970533262e-01,-9.517800188903070557e-01,3.076476558391488814e-01
7.866291099653207608e-01,5.850528371211393130e-01,-8.344352835145306679e-01,5.630468275197452188e-01
8.217042972803504375e-01,-5.212998832465713939e-01,-8.006896417924963538e-01,-5.557408948242422708e-01
1.005067671662686957e+00,-3.731525685523953001e-02,-1.046846021335959609e+00,1.054081790635226917e-01
4.481501567146867759e-01,8.059845381023049704e-01,-2.789650270401353715e-01,9.445340194350959617e-01
9.100553577646447456e-01,3.552186138990849340e-01,-9.100720165401012807e-01,-4.003184308692793181e-01
-4.953396586202331586e-01,9.018968361322676763e-01,-5.076116450729268870e-01,-8.668058461492610389e-01
-9.308338430604934377e-01,1.709271736914315387e-01,9.763188328223908474e-01,1.743311118260277570e-01
2.293959403786151596e-01,9.450039869105284485e-01,-9.475617957692721305e-01,1.928788496190301238e-01
-3.594913829816547279e-01,9.802281870000387753e-01,9.476054577469286144e-01,3.526048369984577935e-01
3.010269593895724127e-01,9.818095051220604441e-01,3.973566371927850782e-01,9.394816886157167923e-01
1.322604037068454697e-01,-1.042621251795955661e+00,-9.110092713573691992e-01,-3.399638841643782827e-01
-2.393190429112072859e-01,-9.473811598186634431e-01,6.574180568483645182e-01,-7.477147585266907814e-01
-6.119871596421572191e-01,-7.581528478482414402e-01,7.310093420440030298e-01,-7.244678599661977803e-01
-7.397403553756335404e-01,6.307229558693019378e-01,9.091398445452318899e-01,4.165526353726409226e-01
8.284781348206720075e-01,-5.442339285045921793e-01,-8.747391602240165431e-01,5.199292489812652462e-01
1.024719471129111881e+00,-1.718654251773864827e-01,-8.310947974784339554e-01,-4.740678147320548930e-01
4.755775660546207595e-01,9.282395136044380157e-01,5.655795183009710847e-01,7.787047406579959974e-01
1.455426376282172030e-01,9.771356979455625424e-01,1.162067176552456227e-01,-1.026834349448241701e+00
-9.728427542054906008e-01,-1.769495170182997790e-01,-4.602690197885494355e-02,-9.936769676106785854e-01
8.876320337194917309e-01,5.223016029498106505e-01,8.189119594597269458e-01,-6.011627655796797365e-01
-9.417452545498394834e-01,3.580328780062380090e-01,1.005500622838260805e+00,6.532032318998062803e-02
-8.514016299356816919e-01,-5.128965010851318507e-01,2.221666972642089288e-01,9.813686720646623840e-01
-9.920306841279989962e-01,-1.733516685728151152e-01,4.705228038011714520e-01,-8.794550129013669615e-01
-4.838718915292819500e-01,8.848543617698060304e-01,-4.589157384126126837e-01,-9.091052922754205845e-01
-9.707746992055481527e-01,-2.489603039595006395e-01,7.802101699791459399e-01,-5.888022431143991042e-01
9.692320696392127122e-01,-3.112589740663033178e-01,9.598900210137932820e-01,3.482799650084809073e-01
2.228048645383497450e-01,9.549235489916321207e-01,-8.559470560594908406e-01,-5.509502767545687574e-01
-5.639729124813712691e-01,-8.526051422625823273e-01,-8.844332144764412984e-01,-4.073856089073564224e-01
9.563887446801022651e-01,2.340816560424021919e-01,9.511611101070097662e-01,1.980304829567033631e-01
9.352924961602268050e-01,3.577691429827244973e-01,-9.977285764282539660e-01,-9.193679289184134018e-02
-9.181623544645283186e-01,-3.133401614758553611e-01,-7.572968519480565153e-01,-6.499543238694824865e-01
7.555804070041032272e-01,6.034016191101295723e-01,3.825335276489775227e-01,9.546483412628479215e-01
9.779831735438865303e-01,1.156089808859448453e-01,-1.759392868776688268e-01,9.854124034134812415e-01
4.772627087166764759e-01,9.225040107368336351e-01,-6.322534665306921431e-01,-7.545471712744747927e-01
-9.401997701036558519e-01,-3.950987951764635686e-01,-9.762699548827574736e-01,1.938830451036151203e-01
-2.896029221495812211e-01,-9.537642747389302178e-01,6.413603723340556284e-01,-7.453494460886370687e-01
2.301064737983423147e-01,9.872464041488063780e-01,-5.967780403677334089e-01,8.449458355045412761e-01
-4.246984147730645809e-01,-8.721886949390029731e-01,-9.939429387961262741e-02,9.857533264103156556e-01
4.305179790903539971e-01,9.215841886800171245e-01,9.763658479319534678e-01,-9.818040869322944286e-02
-7.881112264385859989e-01,-6.573739253010820738e-01,8.362716611016282053e-01,-5.259269141664777436e-01
-8.709355440929167358e-01,5.193267478159370176e-01,9.837015306959305816e-01,1.833783399176048545e-01
-5.605500367173316123e-01,-8.277422592197423157e-01,1.076286028942419482e-01,-9.892097536065476149e-01
9.944593787816948804e-01,-2.105704818942275014e-03,8.017101098475848397e-01,6.002451835215539822e-01
